Data-Ora,temperature_mean,wind_direction_mean,relative_humidity_mean,wind_speed_mean,wind_gust_max
2024-12-31 23:00:00,4.8,9.0,79.2,0.4,1.4
2025-01-01 00:00:00,4.5,8.0,79.8,,1.3
2025-01-01 01:00:00,4.5,322.0,78.0,,1.5
2025-01-01 02:00:00,4.2,309.0,78.1,0.5,1.9
2025-01-01 03:00:00,3.9,304.0,77.2,0.5,1.5
2025-01-01 04:00:00,3.8,293.0,76.5,,0.9
2025-01-01 05:00:00,3.6,294.0,76.8,,1.1
2025-01-01 06:00:00,3.3,344.0,78.9,,1.1
2025-01-01 07:00:00,3.4,327.0,79.1,,1.4
2025-01-01 08:00:00,3.6,275.0,77.4,,1.4
2025-01-01 09:00:00,4.5,321.0,73.3,,1.3
2025-01-01 10:00:00,5.8,295.0,68.5,,1.0
2025-01-01 11:00:00,6.8,247.0,65.6,,1.6
2025-01-01 12:00:00,7.5,240.0,62.9,0.6,2.0
2025-01-01 13:00:00,8.1,253.0,60.4,0.7,1.8
2025-01-01 14:00:00,8.6,236.0,58.1,0.8,2.0
2025-01-01 15:00:00,8.7,248.0,59.2,0.6,1.6
2025-01-01 16:00:00,8.3,260.0,63.9,0.7,1.6
2025-01-01 17:00:00,8.2,246.0,67.5,,1.3
2025-01-01 18:00:00,8.2,,69.0,,0.8
2025-01-01 19:00:00,8.2,74.0,69.8,0.3,1.2
2025-01-01 20:00:00,7.6,60.0,74.1,0.6,1.8
2025-01-01 21:00:00,6.8,83.0,78.4,1.3,2.6
2025-01-01 22:00:00,6.0,79.0,82.3,1.3,2.7
2025-01-01 23:00:00,6.1,93.0,83.1,1.0,2.1
2025-01-02 00:00:00,5.7,69.0,86.9,1.0,2.2
2025-01-02 01:00:00,5.5,62.0,88.5,0.8,2.0
2025-01-02 02:00:00,5.4,75.0,88.1,0.9,3.1
2025-01-02 03:00:00,5.3,83.0,88.2,0.6,1.4
2025-01-02 04:00:00,5.5,77.0,85.9,0.6,1.5
2025-01-02 05:00:00,5.7,100.0,83.5,0.6,1.7
2025-01-02 06:00:00,5.9,140.0,82.2,,1.5
2025-01-02 07:00:00,5.7,40.0,87.3,0.5,2.2
2025-01-02 08:00:00,5.7,6.0,87.0,,1.5
2025-01-02 09:00:00,6.1,358.0,84.6,,1.8
2025-01-02 10:00:00,6.6,23.0,82.4,,2.5
2025-01-02 11:00:00,7.1,46.0,80.9,0.4,2.6
2025-01-02 12:00:00,7.3,34.0,79.7,,1.8
2025-01-02 13:00:00,7.6,218.0,78.5,0.5,2.1
2025-01-02 14:00:00,7.8,255.0,78.1,0.4,1.5
2025-01-02 15:00:00,7.8,254.0,77.5,0.7,1.9
2025-01-02 16:00:00,7.5,239.0,79.1,0.7,2.3
2025-01-02 17:00:00,7.1,260.0,83.7,0.6,1.7
2025-01-02 18:00:00,7.1,322.0,83.4,,1.7
2025-01-02 19:00:00,7.1,273.0,83.2,0.5,1.7
2025-01-02 20:00:00,7.0,279.0,84.2,0.5,1.6
2025-01-02 21:00:00,6.9,267.0,83.5,0.7,3.3
2025-01-02 22:00:00,6.4,266.0,87.1,1.0,3.2
2025-01-02 23:00:00,6.4,292.0,86.2,,2.3
2025-01-03 00:00:00,6.7,254.0,83.0,0.6,2.3
2025-01-03 01:00:00,6.5,250.0,84.6,0.6,2.4
2025-01-03 02:00:00,6.3,266.0,85.3,0.7,2.0
2025-01-03 03:00:00,6.2,226.0,85.6,0.5,2.6
2025-01-03 04:00:00,5.6,250.0,86.3,1.0,3.2
2025-01-03 05:00:00,4.5,242.0,88.8,1.1,3.5
2025-01-03 06:00:00,3.9,241.0,87.4,1.0,3.2
2025-01-03 07:00:00,3.2,238.0,87.6,1.2,3.6
2025-01-03 08:00:00,3.1,252.0,83.7,1.6,4.0
2025-01-03 09:00:00,4.2,236.0,75.9,1.0,5.2
2025-01-03 10:00:00,5.5,241.0,68.8,0.8,3.0
2025-01-03 11:00:00,7.7,233.0,58.0,0.7,2.1
2025-01-03 12:00:00,10.0,234.0,45.5,,2.5
2025-01-03 13:00:00,12.0,153.0,36.8,1.0,3.2
2025-01-03 14:00:00,11.9,150.0,44.3,1.0,2.9
2025-01-03 15:00:00,10.7,145.0,50.3,0.9,2.6
2025-01-03 16:00:00,9.4,95.0,56.9,1.0,2.2
2025-01-03 17:00:00,8.1,76.0,68.2,1.3,2.8
2025-01-03 18:00:00,7.2,63.0,79.5,1.3,2.6
2025-01-03 19:00:00,6.8,76.0,80.9,2.0,4.0
2025-01-03 20:00:00,6.4,61.0,83.0,1.8,3.5
2025-01-03 21:00:00,5.8,44.0,86.2,1.4,2.6
2025-01-03 22:00:00,5.5,68.0,88.8,1.5,2.9
2025-01-03 23:00:00,5.7,71.0,90.2,0.8,2.9
2025-01-04 00:00:00,6.1,76.0,89.3,1.0,3.0
2025-01-04 01:00:00,5.7,93.0,89.6,1.3,3.0
2025-01-04 02:00:00,5.1,74.0,93.0,1.4,3.0
2025-01-04 03:00:00,5.1,101.0,94.4,1.2,3.7
2025-01-04 04:00:00,5.1,69.0,97.4,0.7,2.4
2025-01-04 05:00:00,5.3,40.0,94.1,0.5,1.9
2025-01-04 06:00:00,5.3,74.0,90.0,0.9,2.9
2025-01-04 07:00:00,5.4,109.0,86.6,0.9,3.2
2025-01-04 08:00:00,5.2,87.0,89.3,1.4,3.4
2025-01-04 09:00:00,5.2,66.0,89.4,1.1,2.6
2025-01-04 10:00:00,5.5,74.0,84.4,1.2,2.7
2025-01-04 11:00:00,5.6,62.0,80.4,1.1,2.7
2025-01-04 12:00:00,6.2,60.0,72.0,1.4,3.3
2025-01-04 13:00:00,6.3,60.0,72.2,1.0,2.9
2025-01-04 14:00:00,6.4,58.0,74.2,1.1,3.1
2025-01-04 15:00:00,5.7,88.0,75.7,1.1,2.4
2025-01-04 16:00:00,5.2,53.0,77.1,0.5,1.4
2025-01-04 17:00:00,4.8,71.0,79.5,0.5,1.1
2025-01-04 18:00:00,4.8,98.0,78.7,0.5,1.2
2025-01-04 19:00:00,5.0,298.0,79.8,0.6,1.5
2025-01-04 20:00:00,4.6,297.0,84.4,0.7,1.8
2025-01-04 21:00:00,4.7,309.0,84.6,0.6,1.7
2025-01-04 22:00:00,4.6,349.0,85.9,,1.5
2025-01-04 23:00:00,4.6,295.0,86.3,0.7,1.7
2025-01-05 00:00:00,4.6,263.0,86.2,0.8,2.5
2025-01-05 01:00:00,4.5,241.0,87.2,0.9,3.0
2025-01-05 02:00:00,4.2,261.0,89.6,1.2,2.8
2025-01-05 03:00:00,4.1,251.0,90.2,1.1,3.0
2025-01-05 04:00:00,4.0,240.0,89.6,1.2,2.8
2025-01-05 05:00:00,4.0,248.0,89.3,0.9,2.3
2025-01-05 06:00:00,4.0,245.0,87.7,1.1,3.2
2025-01-05 07:00:00,4.0,238.0,85.9,1.1,2.7
2025-01-05 08:00:00,4.1,238.0,81.8,1.0,3.4
2025-01-05 09:00:00,4.2,251.0,82.1,1.2,2.7
2025-01-05 10:00:00,4.4,245.0,78.6,0.9,2.4
2025-01-05 11:00:00,4.7,250.0,73.6,0.9,3.2
2025-01-05 12:00:00,5.0,259.0,71.4,0.8,2.3
2025-01-05 13:00:00,5.2,233.0,71.8,0.8,2.4
2025-01-05 14:00:00,5.2,249.0,75.3,0.8,2.2
2025-01-05 15:00:00,5.2,256.0,76.2,1.0,2.5
2025-01-05 16:00:00,5.1,259.0,77.7,0.9,2.5
2025-01-05 17:00:00,4.4,286.0,83.7,0.6,2.1
2025-01-05 18:00:00,3.9,280.0,88.6,0.4,1.4
2025-01-05 19:00:00,3.8,287.0,95.5,,1.2
2025-01-05 20:00:00,3.8,289.0,97.9,0.4,1.4
2025-01-05 21:00:00,3.8,328.0,96.9,0.5,1.8
2025-01-05 22:00:00,4.0,317.0,96.9,,1.6
2025-01-05 23:00:00,4.0,335.0,97.9,0.5,1.4
2025-01-06 00:00:00,4.0,328.0,97.8,0.6,3.2
2025-01-06 01:00:00,4.0,354.0,97.8,0.6,2.1
2025-01-06 02:00:00,4.2,11.0,96.2,,2.0
2025-01-06 03:00:00,4.3,89.0,96.2,0.7,1.6
2025-01-06 04:00:00,4.1,89.0,99.4,0.9,2.4
2025-01-06 05:00:00,4.0,94.0,99.4,0.7,2.0
2025-01-06 06:00:00,4.0,78.0,99.4,1.2,2.5
2025-01-06 07:00:00,4.0,77.0,99.4,0.9,2.3
2025-01-06 08:00:00,4.0,69.0,99.4,,1.5
2025-01-06 09:00:00,4.1,78.0,99.4,1.4,3.6
2025-01-06 10:00:00,4.0,71.0,99.4,0.8,2.5
2025-01-06 11:00:00,4.1,63.0,99.4,0.5,1.4
2025-01-06 12:00:00,4.3,63.0,99.4,0.5,1.7
2025-01-06 13:00:00,4.4,46.0,99.4,0.4,2.9
2025-01-06 14:00:00,4.5,77.0,99.4,1.1,2.4
2025-01-06 15:00:00,4.6,86.0,98.9,1.2,3.0
2025-01-06 16:00:00,4.5,79.0,98.2,1.5,3.2
2025-01-06 17:00:00,4.4,76.0,99.4,0.9,2.2
2025-01-06 18:00:00,4.5,68.0,99.4,1.2,3.0
2025-01-06 19:00:00,4.5,69.0,99.4,1.2,2.7
2025-01-06 20:00:00,4.6,80.0,99.4,1.3,3.2
2025-01-06 21:00:00,4.5,77.0,99.4,1.1,2.6
2025-01-06 22:00:00,4.5,75.0,99.4,1.1,3.1
2025-01-06 23:00:00,4.4,82.0,99.4,,3.0
2025-01-07 00:00:00,4.4,36.0,99.4,0.4,1.6
2025-01-07 01:00:00,4.4,306.0,99.4,,1.2
2025-01-07 02:00:00,4.4,254.0,99.4,0.7,2.6
2025-01-07 03:00:00,4.5,253.0,99.4,0.8,2.8
2025-01-07 04:00:00,4.5,227.0,99.4,0.7,2.1
2025-01-07 05:00:00,4.5,226.0,99.4,0.9,2.1
2025-01-07 06:00:00,4.6,230.0,99.4,1.1,4.0
2025-01-07 07:00:00,4.4,234.0,99.4,1.4,4.1
2025-01-07 08:00:00,4.3,244.0,99.4,1.2,4.5
2025-01-07 09:00:00,4.6,241.0,99.4,1.1,3.3
2025-01-07 10:00:00,4.9,244.0,98.8,1.7,4.4
2025-01-07 11:00:00,5.5,239.0,94.6,1.3,4.2
2025-01-07 12:00:00,6.1,243.0,90.6,1.2,3.4
2025-01-07 13:00:00,6.3,245.0,88.9,1.4,4.7
2025-01-07 14:00:00,6.6,261.0,86.9,1.3,4.7
2025-01-07 15:00:00,6.6,223.0,87.2,1.0,3.2
2025-01-07 16:00:00,6.4,245.0,88.2,1.0,4.0
2025-01-07 17:00:00,6.4,258.0,88.7,1.1,3.7
2025-01-07 18:00:00,6.5,255.0,88.2,,3.6
2025-01-07 19:00:00,6.6,302.0,88.0,,2.4
2025-01-07 20:00:00,6.5,288.0,88.9,,1.5
2025-01-07 21:00:00,6.1,258.0,91.2,0.8,2.7
2025-01-07 22:00:00,5.6,235.0,92.6,0.7,2.1
2025-01-07 23:00:00,5.6,257.0,94.0,,1.3
2025-01-08 00:00:00,5.7,292.0,93.2,0.7,2.0
2025-01-08 01:00:00,5.5,291.0,94.3,0.7,2.1
2025-01-08 02:00:00,5.3,306.0,94.7,,1.8
2025-01-08 03:00:00,5.1,256.0,94.5,0.5,1.9
2025-01-08 04:00:00,5.3,246.0,93.8,0.6,2.0
2025-01-08 05:00:00,5.2,243.0,93.8,0.9,2.6
2025-01-08 06:00:00,4.9,250.0,94.6,0.7,2.6
2025-01-08 07:00:00,5.1,286.0,93.8,,1.2
2025-01-08 08:00:00,5.5,212.0,91.8,,2.2
2025-01-08 09:00:00,5.3,206.0,95.0,1.2,3.2
2025-01-08 10:00:00,5.2,245.0,96.5,1.0,2.6
2025-01-08 11:00:00,5.3,283.0,95.7,0.7,2.5
2025-01-08 12:00:00,5.8,274.0,93.5,0.8,2.3
2025-01-08 13:00:00,6.5,248.0,88.8,0.7,2.3
2025-01-08 14:00:00,6.7,220.0,87.5,0.6,2.5
2025-01-08 15:00:00,6.5,215.0,88.8,0.9,2.8
2025-01-08 16:00:00,6.2,244.0,89.5,0.9,2.4
2025-01-08 17:00:00,6.1,269.0,89.6,0.5,1.5
2025-01-08 18:00:00,6.2,11.0,89.4,,1.4
2025-01-08 19:00:00,6.4,101.0,92.5,0.6,1.8
2025-01-08 20:00:00,6.2,39.0,97.5,0.8,1.9
2025-01-08 21:00:00,6.1,66.0,99.3,0.9,2.2
2025-01-08 22:00:00,6.1,85.0,99.4,0.8,2.5
2025-01-08 23:00:00,5.9,108.0,99.4,1.1,2.6
2025-01-09 00:00:00,5.6,59.0,99.4,0.7,2.1
2025-01-09 01:00:00,5.6,21.0,99.4,0.7,2.5
2025-01-09 02:00:00,5.7,11.0,99.4,1.0,3.2
2025-01-09 03:00:00,5.7,7.0,99.4,0.8,1.8
2025-01-09 04:00:00,5.9,9.0,99.4,0.7,1.8
2025-01-09 05:00:00,6.0,49.0,99.4,0.7,1.9
2025-01-09 06:00:00,6.1,13.0,99.4,0.4,1.6
2025-01-09 07:00:00,6.3,41.0,99.4,0.5,1.7
2025-01-09 08:00:00,6.4,69.0,99.4,0.4,1.7
2025-01-09 09:00:00,6.6,93.0,99.4,0.6,1.6
2025-01-09 10:00:00,6.5,202.0,99.4,0.6,2.1
2025-01-09 11:00:00,6.5,221.0,99.4,0.6,2.0
2025-01-09 12:00:00,6.8,260.0,99.4,0.6,2.2
2025-01-09 13:00:00,7.1,265.0,99.1,0.6,2.3
2025-01-09 14:00:00,7.7,292.0,95.8,0.6,2.1
2025-01-09 15:00:00,7.9,258.0,92.2,0.7,2.4
2025-01-09 16:00:00,8.0,240.0,91.7,0.8,2.4
2025-01-09 17:00:00,7.9,232.0,92.1,0.9,2.8
2025-01-09 18:00:00,7.8,239.0,91.7,0.9,3.3
2025-01-09 19:00:00,7.6,236.0,92.7,1.1,3.8
2025-01-09 20:00:00,7.4,245.0,93.8,1.2,3.7
2025-01-09 21:00:00,7.3,259.0,93.7,1.1,3.8
2025-01-09 22:00:00,7.2,254.0,92.7,1.3,3.3
2025-01-09 23:00:00,6.4,245.0,95.3,1.2,3.3
2025-01-10 00:00:00,5.8,249.0,96.1,1.2,3.4
2025-01-10 01:00:00,5.3,241.0,97.4,1.1,3.2
2025-01-10 02:00:00,4.9,253.0,98.4,1.3,3.9
2025-01-10 03:00:00,4.2,257.0,99.3,1.1,3.7
2025-01-10 04:00:00,3.8,256.0,99.4,1.1,3.0
2025-01-10 05:00:00,3.3,235.0,99.4,1.1,3.2
2025-01-10 06:00:00,3.7,225.0,98.7,1.0,3.6
2025-01-10 07:00:00,3.9,223.0,93.0,1.0,3.4
2025-01-10 08:00:00,4.4,235.0,82.9,0.8,2.1
2025-01-10 09:00:00,5.4,219.0,77.1,0.9,2.3
2025-01-10 10:00:00,6.5,227.0,74.7,0.8,2.9
2025-01-10 11:00:00,8.0,235.0,67.8,0.8,2.5
2025-01-10 12:00:00,9.3,91.0,58.0,,4.0
2025-01-10 13:00:00,10.1,80.0,54.9,2.1,5.5
2025-01-10 14:00:00,10.0,83.0,62.5,3.8,9.7
2025-01-10 15:00:00,9.3,100.0,66.4,4.1,9.4
2025-01-10 16:00:00,8.6,89.0,71.2,3.4,8.2
2025-01-10 17:00:00,8.2,68.0,74.9,2.4,5.6
2025-01-10 18:00:00,8.0,64.0,75.0,2.2,5.4
2025-01-10 19:00:00,7.8,39.0,75.8,1.7,4.1
2025-01-10 20:00:00,7.6,47.0,72.8,2.0,4.3
2025-01-10 21:00:00,7.5,42.0,68.8,1.9,4.8
2025-01-10 22:00:00,7.4,43.0,65.1,1.7,4.8
2025-01-10 23:00:00,7.3,48.0,61.7,1.2,2.7
2025-01-11 00:00:00,6.4,48.0,62.1,0.7,1.8
2025-01-11 01:00:00,5.6,268.0,66.4,,1.3
2025-01-11 02:00:00,4.9,297.0,71.7,,1.4
2025-01-11 03:00:00,4.4,283.0,75.8,,1.2
2025-01-11 04:00:00,4.0,284.0,78.3,0.5,1.2
2025-01-11 05:00:00,3.3,3.0,83.5,,1.7
2025-01-11 06:00:00,3.2,50.0,84.8,0.5,1.0
2025-01-11 07:00:00,3.1,5.0,86.2,0.4,0.8
2025-01-11 08:00:00,3.3,3.0,85.4,0.6,1.4
2025-01-11 09:00:00,4.1,37.0,81.5,0.7,3.6
2025-01-11 10:00:00,4.9,49.0,68.9,1.3,3.5
2025-01-11 11:00:00,6.0,42.0,64.4,1.4,3.8
2025-01-11 12:00:00,7.2,69.0,57.6,1.8,4.0
2025-01-11 13:00:00,7.6,94.0,51.7,1.0,3.3
2025-01-11 14:00:00,7.9,92.0,51.4,0.8,2.3
2025-01-11 15:00:00,7.5,108.0,51.8,1.2,2.7
2025-01-11 16:00:00,6.5,110.0,57.5,0.9,2.0
2025-01-11 17:00:00,5.8,116.0,63.5,0.6,1.6
2025-01-11 18:00:00,5.3,137.0,66.1,,1.1
2025-01-11 19:00:00,4.9,308.0,68.1,,1.3
2025-01-11 20:00:00,4.4,320.0,73.0,0.5,1.3
2025-01-11 21:00:00,3.6,326.0,76.7,,1.0
2025-01-11 22:00:00,3.2,1.0,79.1,0.3,1.2
2025-01-11 23:00:00,2.7,6.0,80.2,0.5,1.6
2025-01-12 00:00:00,2.2,343.0,80.7,,1.4
2025-01-12 01:00:00,1.9,338.0,80.6,,2.1
2025-01-12 02:00:00,1.4,339.0,81.8,,0.9
2025-01-12 03:00:00,1.3,323.0,83.0,0.3,1.2
2025-01-12 04:00:00,1.0,304.0,83.9,0.5,1.7
2025-01-12 05:00:00,0.6,314.0,82.6,0.6,1.3
2025-01-12 06:00:00,0.3,312.0,81.2,,1.2
2025-01-12 07:00:00,0.4,306.0,77.2,0.5,1.2
2025-01-12 08:00:00,0.6,309.0,73.4,0.5,1.3
2025-01-12 09:00:00,1.8,295.0,65.3,,1.5
2025-01-12 10:00:00,4.2,279.0,56.3,,1.3
2025-01-12 11:00:00,5.7,297.0,45.7,,1.7
2025-01-12 12:00:00,6.8,220.0,40.8,,3.1
2025-01-12 13:00:00,7.7,199.0,35.4,,3.1
2025-01-12 14:00:00,8.4,163.0,32.3,0.6,2.2
2025-01-12 15:00:00,7.7,182.0,33.0,0.7,2.4
2025-01-12 16:00:00,6.7,151.0,41.9,1.0,3.2
2025-01-12 17:00:00,5.5,130.0,49.3,0.8,2.1
2025-01-12 18:00:00,5.0,117.0,51.5,0.9,2.2
2025-01-12 19:00:00,4.4,55.0,57.3,0.8,1.6
2025-01-12 20:00:00,3.9,53.0,61.3,1.1,2.0
2025-01-12 21:00:00,3.2,38.0,64.5,0.5,1.3
2025-01-12 22:00:00,2.6,341.0,67.3,,1.5
2025-01-12 23:00:00,1.8,311.0,68.3,0.4,1.7
2025-01-13 00:00:00,1.4,305.0,67.3,0.7,2.2
2025-01-13 01:00:00,1.0,99.0,68.5,,1.6
2025-01-13 02:00:00,1.0,82.0,70.9,0.6,1.6
2025-01-13 03:00:00,0.8,354.0,70.8,,1.3
2025-01-13 04:00:00,0.4,331.0,73.1,0.5,1.9
2025-01-13 05:00:00,0.1,304.0,72.6,,1.9
2025-01-13 06:00:00,0.1,284.0,72.1,0.5,1.8
2025-01-13 07:00:00,0.2,43.0,72.6,0.5,1.3
2025-01-13 08:00:00,0.7,45.0,71.3,0.6,1.5
2025-01-13 09:00:00,1.9,62.0,68.6,0.7,2.0
2025-01-13 10:00:00,3.4,41.0,61.2,0.7,2.1
2025-01-13 11:00:00,4.6,104.0,55.0,1.4,3.3
2025-01-13 12:00:00,5.1,87.0,52.7,1.8,4.4
2025-01-13 13:00:00,6.1,98.0,47.6,1.8,4.3
2025-01-13 14:00:00,6.8,108.0,47.4,1.9,4.7
2025-01-13 15:00:00,5.9,100.0,50.7,2.4,5.8
2025-01-13 16:00:00,5.0,97.0,55.6,2.8,6.9
2025-01-13 17:00:00,4.3,88.0,58.9,2.3,5.0
2025-01-13 18:00:00,3.8,54.0,62.6,1.5,3.5
2025-01-13 19:00:00,3.4,51.0,61.3,1.2,2.2
2025-01-13 20:00:00,3.0,33.0,60.3,0.7,2.3
2025-01-13 21:00:00,2.3,344.0,63.5,0.5,1.9
2025-01-13 22:00:00,1.7,333.0,67.4,0.6,1.9
2025-01-13 23:00:00,1.3,350.0,68.3,0.6,2.4
2025-01-14 00:00:00,0.9,329.0,69.6,0.5,1.6
2025-01-14 01:00:00,0.6,318.0,69.4,0.5,1.8
2025-01-14 02:00:00,0.4,342.0,70.0,0.5,1.7
2025-01-14 03:00:00,0.1,336.0,71.4,0.5,1.9
2025-01-14 04:00:00,0.0,325.0,71.3,0.4,1.0
2025-01-14 05:00:00,-0.1,309.0,70.7,0.4,1.1
2025-01-14 06:00:00,0.2,299.0,68.9,0.6,1.4
2025-01-14 07:00:00,0.6,333.0,69.1,0.4,1.2
2025-01-14 08:00:00,1.0,349.0,68.7,,1.4
2025-01-14 09:00:00,1.9,308.0,65.3,,1.0
2025-01-14 10:00:00,3.1,25.0,61.4,,1.2
2025-01-14 11:00:00,4.4,136.0,54.3,0.7,2.8
2025-01-14 12:00:00,4.8,96.0,52.1,1.0,3.4
2025-01-14 13:00:00,5.3,105.0,49.3,1.0,3.3
2025-01-14 14:00:00,6.2,33.0,47.9,0.2,2.1
2025-01-14 15:00:00,5.9,266.0,50.0,0.7,2.8
2025-01-14 16:00:00,5.1,278.0,52.8,0.6,2.9
2025-01-14 17:00:00,4.8,265.0,55.0,0.6,1.9
2025-01-14 18:00:00,4.4,236.0,59.2,0.5,1.9
2025-01-14 19:00:00,3.7,281.0,62.8,0.8,2.4
2025-01-14 20:00:00,3.0,289.0,66.6,0.7,2.1
2025-01-14 21:00:00,2.6,297.0,68.4,0.6,1.9
2025-01-14 22:00:00,2.1,303.0,70.8,0.5,1.4
2025-01-14 23:00:00,1.4,301.0,72.6,0.6,1.2
2025-01-15 00:00:00,0.9,299.0,74.0,0.5,1.0
2025-01-15 01:00:00,0.6,302.0,75.7,,1.0
2025-01-15 02:00:00,0.4,289.0,78.2,0.5,1.1
2025-01-15 03:00:00,0.1,258.0,78.8,0.7,1.6
2025-01-15 04:00:00,-0.1,262.0,81.5,0.8,1.7
2025-01-15 05:00:00,-0.3,241.0,81.0,0.7,2.1
2025-01-15 06:00:00,-0.3,233.0,79.3,0.7,2.3
2025-01-15 07:00:00,-0.6,224.0,80.8,0.7,2.6
2025-01-15 08:00:00,-0.6,239.0,81.0,1.1,3.3
2025-01-15 09:00:00,-0.2,247.0,78.4,1.3,3.8
2025-01-15 10:00:00,0.5,240.0,77.8,1.0,3.2
2025-01-15 11:00:00,1.6,243.0,74.5,1.2,3.1
2025-01-15 12:00:00,,,,,
2025-01-15 13:00:00,,,,,
2025-01-15 14:00:00,,,,,
2025-01-15 15:00:00,6.5,,52.6,,2.7
2025-01-15 16:00:00,5.6,78.0,57.7,1.3,3.0
2025-01-15 17:00:00,4.5,44.0,64.8,0.8,1.9
2025-01-15 18:00:00,4.0,19.0,68.5,0.5,1.1
2025-01-15 19:00:00,3.6,26.0,70.8,,0.9
2025-01-15 20:00:00,3.2,52.0,72.8,0.6,1.4
2025-01-15 21:00:00,2.6,355.0,74.3,,1.2
2025-01-15 22:00:00,1.9,331.0,75.8,0.5,1.8
2025-01-15 23:00:00,1.8,291.0,74.0,,0.9
2025-01-16 00:00:00,1.2,310.0,77.7,,1.3
2025-01-16 01:00:00,0.8,330.0,78.0,,1.2
2025-01-16 02:00:00,0.5,358.0,78.2,,1.0
2025-01-16 03:00:00,1.4,66.0,75.9,0.7,2.4
2025-01-16 04:00:00,1.4,16.0,78.9,0.6,1.9
2025-01-16 05:00:00,1.2,357.0,77.3,,1.2
2025-01-16 06:00:00,1.4,313.0,70.7,0.4,1.3
2025-01-16 07:00:00,1.5,311.0,69.4,,0.9
2025-01-16 08:00:00,2.0,3.0,68.7,,1.4
2025-01-16 09:00:00,2.7,7.0,63.1,0.6,1.7
2025-01-16 10:00:00,4.6,356.0,54.0,0.5,1.6
2025-01-16 11:00:00,7.1,36.0,48.5,0.6,2.3
2025-01-16 12:00:00,8.5,89.0,51.0,1.8,5.1
2025-01-16 13:00:00,9.0,84.0,51.2,2.3,5.4
2025-01-16 14:00:00,9.1,89.0,50.9,2.3,5.2
2025-01-16 15:00:00,8.7,106.0,53.1,2.4,6.6
2025-01-16 16:00:00,7.6,107.0,58.9,1.4,4.1
2025-01-16 17:00:00,6.7,81.0,64.1,0.5,1.3
2025-01-16 18:00:00,6.1,351.0,68.0,,1.3
2025-01-16 19:00:00,5.6,333.0,69.9,,2.2
2025-01-16 20:00:00,4.7,12.0,72.8,0.5,1.6
2025-01-16 21:00:00,4.1,328.0,74.3,0.4,1.9
2025-01-16 22:00:00,3.6,335.0,75.5,0.5,2.0
2025-01-16 23:00:00,3.3,282.0,76.7,,1.1
2025-01-17 00:00:00,2.8,1.0,79.0,0.5,1.1
2025-01-17 01:00:00,2.3,335.0,81.0,,1.2
2025-01-17 02:00:00,1.9,345.0,82.2,0.4,1.0
2025-01-17 03:00:00,1.6,308.0,83.0,0.4,1.2
2025-01-17 04:00:00,1.3,330.0,83.5,0.5,1.3
2025-01-17 05:00:00,1.1,327.0,83.6,0.5,1.3
2025-01-17 06:00:00,1.1,339.0,83.9,0.5,1.5
2025-01-17 07:00:00,1.2,326.0,83.3,,1.2
2025-01-17 08:00:00,1.5,1.0,82.2,,1.0
2025-01-17 09:00:00,2.8,0.0,77.5,,1.2
2025-01-17 10:00:00,4.8,63.0,67.5,0.9,2.6
2025-01-17 11:00:00,5.8,75.0,62.0,1.1,2.9
2025-01-17 12:00:00,6.2,58.0,60.3,0.4,3.5
2025-01-17 13:00:00,7.1,24.0,56.9,,2.0
2025-01-17 14:00:00,8.0,251.0,53.7,,2.3
2025-01-17 15:00:00,7.6,246.0,54.7,0.7,2.6
2025-01-17 16:00:00,6.9,246.0,58.3,0.6,2.5
2025-01-17 17:00:00,6.3,244.0,61.8,0.6,1.8
2025-01-17 18:00:00,5.9,198.0,64.2,,2.1
2025-01-17 19:00:00,5.5,189.0,65.5,0.6,2.1
2025-01-17 20:00:00,4.9,241.0,68.5,0.4,1.5
2025-01-17 21:00:00,4.2,278.0,72.1,0.6,1.3
2025-01-17 22:00:00,3.4,311.0,76.2,0.5,1.5
2025-01-17 23:00:00,2.6,341.0,79.3,0.7,2.8
2025-01-18 00:00:00,2.2,314.0,79.4,0.6,2.1
2025-01-18 01:00:00,2.1,314.0,78.5,0.6,1.9
2025-01-18 02:00:00,1.8,316.0,80.1,0.6,2.5
2025-01-18 03:00:00,1.7,293.0,81.0,0.6,2.0
2025-01-18 04:00:00,2.1,127.0,79.7,,1.1
2025-01-18 05:00:00,2.8,216.0,76.9,0.6,2.2
2025-01-18 06:00:00,2.2,260.0,78.9,0.6,1.8
2025-01-18 07:00:00,1.8,267.0,79.8,0.6,1.6
2025-01-18 08:00:00,2.2,238.0,78.5,0.7,2.3
2025-01-18 09:00:00,3.0,238.0,74.2,0.9,2.2
2025-01-18 10:00:00,4.6,221.0,67.0,0.4,1.6
2025-01-18 11:00:00,6.1,272.0,60.2,0.6,2.3
2025-01-18 12:00:00,7.4,16.0,52.9,,1.9
2025-01-18 13:00:00,8.4,262.0,48.6,,1.6
2025-01-18 14:00:00,8.6,258.0,47.2,,1.2
2025-01-18 15:00:00,8.7,317.0,47.3,,1.3
2025-01-18 16:00:00,8.5,287.0,49.9,,1.0
2025-01-18 17:00:00,8.1,274.0,54.6,0.5,1.5
2025-01-18 18:00:00,7.7,246.0,62.1,,1.0
2025-01-18 19:00:00,7.4,291.0,63.8,,1.3
2025-01-18 20:00:00,7.2,332.0,64.7,,0.9
2025-01-18 21:00:00,7.0,334.0,66.0,0.4,1.3
2025-01-18 22:00:00,6.8,341.0,65.7,0.5,1.5
2025-01-18 23:00:00,6.7,351.0,62.7,0.5,2.1
2025-01-19 00:00:00,7.1,92.0,56.3,0.3,3.0
2025-01-19 01:00:00,6.4,149.0,66.8,0.8,3.7
2025-01-19 02:00:00,6.1,48.0,67.4,,2.6
2025-01-19 03:00:00,5.9,309.0,69.1,0.5,4.0
2025-01-19 04:00:00,5.9,309.0,65.8,,3.5
2025-01-19 05:00:00,6.5,275.0,60.3,0.5,2.8
2025-01-19 06:00:00,7.0,240.0,58.4,0.9,4.6
2025-01-19 07:00:00,6.4,112.0,70.9,0.8,3.7
2025-01-19 08:00:00,5.9,231.0,79.1,0.6,2.4
2025-01-19 09:00:00,6.6,241.0,73.8,0.7,2.2
2025-01-19 10:00:00,7.1,264.0,69.4,1.2,3.2
2025-01-19 11:00:00,8.0,282.0,71.5,1.4,4.4
2025-01-19 12:00:00,8.3,281.0,65.5,1.2,3.7
2025-01-19 13:00:00,8.4,8.0,67.8,,2.3
2025-01-19 14:00:00,8.4,343.0,69.4,,1.4
2025-01-19 15:00:00,8.3,2.0,71.9,0.9,4.2
2025-01-19 16:00:00,8.0,17.0,74.7,1.1,2.9
2025-01-19 17:00:00,7.8,10.0,75.9,1.3,4.0
2025-01-19 18:00:00,7.5,2.0,78.2,1.0,2.9
2025-01-19 19:00:00,7.4,4.0,77.6,1.0,2.8
2025-01-19 20:00:00,7.2,5.0,79.1,1.3,3.6
2025-01-19 21:00:00,7.1,9.0,79.4,1.1,2.2
2025-01-19 22:00:00,7.0,3.0,81.8,1.4,2.9
2025-01-19 23:00:00,7.1,9.0,83.1,1.1,2.6
2025-01-20 00:00:00,6.9,1.0,84.4,1.2,3.5
2025-01-20 01:00:00,6.6,3.0,87.8,1.0,3.1
2025-01-20 02:00:00,6.4,336.0,89.4,0.6,2.3
2025-01-20 03:00:00,6.4,348.0,87.6,0.5,1.8
2025-01-20 04:00:00,6.3,3.0,90.0,0.8,2.8
2025-01-20 05:00:00,6.0,326.0,95.0,,1.3
2025-01-20 06:00:00,6.1,336.0,94.1,0.7,2.4
2025-01-20 07:00:00,6.3,14.0,91.8,0.6,2.3
2025-01-20 08:00:00,6.7,316.0,88.2,,1.2
2025-01-20 09:00:00,7.1,4.0,86.7,0.6,1.7
2025-01-20 10:00:00,7.4,54.0,90.7,0.5,1.6
2025-01-20 11:00:00,7.8,13.0,91.3,0.4,1.4
2025-01-20 12:00:00,8.0,48.0,89.7,1.3,3.0
2025-01-20 13:00:00,7.7,33.0,92.6,0.9,2.1
2025-01-20 14:00:00,7.5,55.0,96.2,0.4,1.6
2025-01-20 15:00:00,7.3,113.0,98.5,0.6,1.5
2025-01-20 16:00:00,7.2,117.0,99.4,0.6,1.4
2025-01-20 17:00:00,7.2,284.0,97.9,,1.2
2025-01-20 18:00:00,7.3,336.0,98.0,0.4,1.6
2025-01-20 19:00:00,7.3,332.0,99.4,0.5,1.8
2025-01-20 20:00:00,7.3,360.0,99.4,0.7,2.7
2025-01-20 21:00:00,7.2,3.0,99.4,1.1,2.6
2025-01-20 22:00:00,7.2,354.0,99.4,0.7,2.4
2025-01-20 23:00:00,7.1,332.0,99.4,0.4,1.7
2025-01-21 00:00:00,7.1,312.0,99.4,0.6,1.7
2025-01-21 01:00:00,7.1,304.0,99.4,0.5,1.5
2025-01-21 02:00:00,7.1,286.0,99.4,0.5,1.1
2025-01-21 03:00:00,7.2,197.0,99.3,,2.0
2025-01-21 04:00:00,7.1,207.0,99.4,0.7,2.4
2025-01-21 05:00:00,6.9,244.0,99.4,0.6,2.1
2025-01-21 06:00:00,6.8,237.0,99.4,1.0,2.7
2025-01-21 07:00:00,6.7,234.0,99.4,1.1,3.0
2025-01-21 08:00:00,6.2,241.0,99.4,1.1,3.0
2025-01-21 09:00:00,6.3,235.0,99.4,0.8,2.1
2025-01-21 10:00:00,6.7,257.0,98.7,0.8,2.4
2025-01-21 11:00:00,7.3,234.0,94.8,0.8,2.6
2025-01-21 12:00:00,7.8,248.0,91.0,1.3,3.9
2025-01-21 13:00:00,8.7,226.0,85.9,1.0,3.6
2025-01-21 14:00:00,9.0,199.0,84.4,1.2,3.7
2025-01-21 15:00:00,8.6,204.0,85.9,1.3,4.3
2025-01-21 16:00:00,8.2,235.0,88.1,1.5,5.2
2025-01-21 17:00:00,8.0,241.0,88.4,1.1,3.8
2025-01-21 18:00:00,7.7,245.0,89.8,0.9,2.9
2025-01-21 19:00:00,7.1,316.0,93.2,0.3,1.3
2025-01-21 20:00:00,6.8,341.0,95.8,,1.6
2025-01-21 21:00:00,6.8,33.0,97.2,0.7,2.4
2025-01-21 22:00:00,7.3,259.0,95.0,0.6,2.5
2025-01-21 23:00:00,7.3,300.0,95.0,0.7,2.3
2025-01-22 00:00:00,7.4,308.0,94.3,0.6,2.3
2025-01-22 01:00:00,7.2,317.0,94.3,0.6,2.4
2025-01-22 02:00:00,7.3,337.0,93.0,,1.8
2025-01-22 03:00:00,7.3,57.0,92.7,0.6,1.8
2025-01-22 04:00:00,7.1,117.0,92.9,0.6,1.9
2025-01-22 05:00:00,7.1,32.0,93.4,0.8,2.5
2025-01-22 06:00:00,7.1,79.0,93.4,1.3,3.1
2025-01-22 07:00:00,7.2,71.0,91.1,1.2,2.8
2025-01-22 08:00:00,7.2,87.0,93.6,0.6,1.6
2025-01-22 09:00:00,7.0,72.0,95.4,1.2,2.5
2025-01-22 10:00:00,7.0,72.0,96.8,1.2,2.3
2025-01-22 11:00:00,7.2,74.0,97.6,1.2,2.8
2025-01-22 12:00:00,7.4,65.0,96.4,1.0,2.5
2025-01-22 13:00:00,7.4,86.0,95.3,0.8,2.0
2025-01-22 14:00:00,7.4,99.0,95.3,,1.1
2025-01-22 15:00:00,7.6,134.0,96.1,0.3,1.4
2025-01-22 16:00:00,7.4,223.0,97.1,,1.5
2025-01-22 17:00:00,7.4,260.0,98.0,0.5,1.5
2025-01-22 18:00:00,7.2,283.0,99.4,0.5,1.4
2025-01-22 19:00:00,7.1,291.0,99.4,0.6,1.6
2025-01-22 20:00:00,7.1,4.0,99.4,0.6,1.6
2025-01-22 21:00:00,7.2,70.0,99.4,0.7,1.7
2025-01-22 22:00:00,6.9,106.0,99.4,1.2,2.4
2025-01-22 23:00:00,6.8,96.0,99.4,1.0,2.6
2025-01-23 00:00:00,6.8,80.0,99.4,0.6,1.6
2025-01-23 01:00:00,6.7,106.0,99.4,0.5,1.1
2025-01-23 02:00:00,6.7,85.0,99.4,,1.0
2025-01-23 03:00:00,6.8,81.0,99.4,,0.9
2025-01-23 04:00:00,6.8,301.0,99.4,,1.1
2025-01-23 05:00:00,6.7,313.0,99.4,0.5,1.2
2025-01-23 06:00:00,6.8,315.0,99.4,0.4,1.4
2025-01-23 07:00:00,6.8,327.0,99.4,0.5,1.2
2025-01-23 08:00:00,6.8,325.0,99.4,0.4,1.1
2025-01-23 09:00:00,7.0,302.0,99.4,1.2,2.6
2025-01-23 10:00:00,7.2,296.0,99.4,1.0,2.6
2025-01-23 11:00:00,7.9,289.0,96.2,0.7,2.8
2025-01-23 12:00:00,8.5,246.0,86.7,0.5,2.2
2025-01-23 13:00:00,9.0,254.0,83.8,1.3,3.8
2025-01-23 14:00:00,9.3,241.0,82.9,1.1,3.6
2025-01-23 15:00:00,9.7,229.0,79.5,0.9,3.7
2025-01-23 16:00:00,9.3,231.0,82.8,1.3,4.1
2025-01-23 17:00:00,8.7,226.0,87.0,1.1,3.5
2025-01-23 18:00:00,8.2,238.0,87.7,1.0,2.8
2025-01-23 19:00:00,8.0,252.0,90.6,1.0,3.3
2025-01-23 20:00:00,7.3,249.0,95.9,1.2,3.3
2025-01-23 21:00:00,6.9,241.0,99.3,0.9,2.9
2025-01-23 22:00:00,6.7,249.0,99.4,1.4,3.6
2025-01-23 23:00:00,6.2,247.0,99.4,0.9,2.5
2025-01-24 00:00:00,5.6,258.0,99.4,1.2,3.1
2025-01-24 01:00:00,5.3,242.0,99.4,0.8,2.9
2025-01-24 02:00:00,4.6,248.0,99.4,0.8,2.5
2025-01-24 03:00:00,4.1,222.0,99.4,,1.6
2025-01-24 04:00:00,3.9,285.0,99.4,0.4,1.7
2025-01-24 05:00:00,3.2,306.0,99.4,0.5,2.1
2025-01-24 06:00:00,3.0,335.0,99.4,,1.8
2025-01-24 07:00:00,3.2,83.0,99.4,,1.1
2025-01-24 08:00:00,3.5,35.0,99.4,0.8,1.9
2025-01-24 09:00:00,4.5,68.0,99.4,0.6,2.2
2025-01-24 10:00:00,5.3,65.0,99.4,0.6,2.1
2025-01-24 11:00:00,6.8,81.0,88.2,0.5,1.7
2025-01-24 12:00:00,8.5,21.0,78.8,,1.7
2025-01-24 13:00:00,10.2,80.0,70.8,0.9,3.1
2025-01-24 14:00:00,11.0,118.0,69.1,0.8,2.2
2025-01-24 15:00:00,11.3,123.0,69.1,1.0,3.0
2025-01-24 16:00:00,9.7,113.0,77.9,1.1,2.4
2025-01-24 17:00:00,8.4,111.0,86.6,1.0,2.1
2025-01-24 18:00:00,7.6,81.0,90.8,1.0,2.4
2025-01-24 19:00:00,6.5,95.0,96.6,1.0,2.2
2025-01-24 20:00:00,5.7,89.0,99.4,1.1,2.6
2025-01-24 21:00:00,5.7,80.0,99.4,1.1,2.9
2025-01-24 22:00:00,5.5,95.0,99.0,1.2,2.7
2025-01-24 23:00:00,5.2,84.0,97.9,1.3,3.4
2025-01-25 00:00:00,5.1,80.0,99.0,1.0,2.2
2025-01-25 01:00:00,5.3,55.0,99.2,0.7,2.1
2025-01-25 02:00:00,5.6,53.0,97.4,,2.6
2025-01-25 03:00:00,5.8,94.0,96.6,0.7,2.0
2025-01-25 04:00:00,6.0,91.0,96.2,0.3,1.2
2025-01-25 05:00:00,6.5,98.0,93.8,0.5,1.5
2025-01-25 06:00:00,6.5,20.0,95.5,,1.7
2025-01-25 07:00:00,6.2,43.0,99.3,0.8,2.5
2025-01-25 08:00:00,6.2,82.0,99.4,0.6,1.5
2025-01-25 09:00:00,6.6,79.0,98.7,0.4,1.3
2025-01-25 10:00:00,7.0,51.0,96.9,0.7,2.0
2025-01-25 11:00:00,7.3,90.0,96.1,0.5,1.9
2025-01-25 12:00:00,7.6,86.0,94.9,0.5,1.4
2025-01-25 13:00:00,8.0,97.0,95.7,,2.0
2025-01-25 14:00:00,7.9,111.0,96.7,,1.5
2025-01-25 15:00:00,7.7,155.0,98.7,,1.4
2025-01-25 16:00:00,7.5,69.0,99.4,0.9,2.1
2025-01-25 17:00:00,7.3,80.0,99.4,1.0,2.1
2025-01-25 18:00:00,7.3,70.0,99.4,0.8,2.2
2025-01-25 19:00:00,7.3,69.0,99.4,0.8,2.3
2025-01-25 20:00:00,7.4,93.0,99.3,1.7,3.8
2025-01-25 21:00:00,7.1,99.0,99.2,2.4,5.1
2025-01-25 22:00:00,6.8,106.0,99.4,2.3,5.1
2025-01-25 23:00:00,6.5,108.0,99.4,2.2,5.3
2025-01-26 00:00:00,6.1,105.0,99.4,2.0,4.4
2025-01-26 01:00:00,6.1,100.0,99.4,2.0,5.2
2025-01-26 02:00:00,6.2,99.0,99.4,2.1,6.0
2025-01-26 03:00:00,6.2,93.0,99.4,2.9,7.3
2025-01-26 04:00:00,6.3,92.0,99.4,3.4,7.5
2025-01-26 05:00:00,6.2,98.0,99.4,3.8,10.6
2025-01-26 06:00:00,6.2,130.0,99.4,0.5,5.4
2025-01-26 07:00:00,6.4,305.0,99.4,,4.2
2025-01-26 08:00:00,6.4,21.0,99.4,1.3,3.7
2025-01-26 09:00:00,6.8,34.0,99.4,0.4,5.3
2025-01-26 10:00:00,7.0,270.0,99.4,,2.4
2025-01-26 11:00:00,7.1,282.0,99.4,0.8,2.6
2025-01-26 12:00:00,7.7,21.0,99.3,0.9,3.0
2025-01-26 13:00:00,8.3,168.0,92.5,0.6,3.0
2025-01-26 14:00:00,8.2,187.0,92.6,1.0,3.9
2025-01-26 15:00:00,8.5,57.0,91.3,0.4,1.6
2025-01-26 16:00:00,8.7,197.0,88.1,,1.7
2025-01-26 17:00:00,8.5,206.0,90.6,0.9,4.5
2025-01-26 18:00:00,7.9,340.0,96.0,0.5,1.9
2025-01-26 19:00:00,7.7,25.0,97.7,,1.1
2025-01-26 20:00:00,7.9,36.0,96.7,1.3,3.0
2025-01-26 21:00:00,7.7,72.0,98.7,1.2,2.6
2025-01-26 22:00:00,7.8,106.0,98.4,0.4,1.2
2025-01-26 23:00:00,7.9,116.0,97.1,1.1,3.0
2025-01-27 00:00:00,7.4,117.0,98.9,1.8,4.7
2025-01-27 01:00:00,7.3,141.0,99.4,,2.4
2025-01-27 02:00:00,7.3,84.0,99.4,0.9,3.1
2025-01-27 03:00:00,7.1,53.0,99.4,1.0,3.3
2025-01-27 04:00:00,7.0,41.0,99.4,0.8,3.0
2025-01-27 05:00:00,7.1,69.0,99.4,0.8,2.1
2025-01-27 06:00:00,7.1,74.0,99.4,1.0,2.5
2025-01-27 07:00:00,7.2,72.0,99.4,0.7,1.4
2025-01-27 08:00:00,7.4,46.0,99.4,,1.1
2025-01-27 09:00:00,7.6,2.0,99.4,,1.3
2025-01-27 10:00:00,7.7,301.0,99.4,,1.7
2025-01-27 11:00:00,8.0,47.0,99.4,0.5,2.0
2025-01-27 12:00:00,8.1,54.0,99.4,0.8,2.0
2025-01-27 13:00:00,8.1,89.0,99.4,0.9,2.6
2025-01-27 14:00:00,8.1,109.0,99.4,1.4,3.6
2025-01-27 15:00:00,8.0,108.0,99.4,1.7,4.6
2025-01-27 16:00:00,8.2,124.0,99.4,1.1,4.4
2025-01-27 17:00:00,8.3,123.0,99.4,1.0,3.6
2025-01-27 18:00:00,8.2,139.0,99.4,0.5,1.8
2025-01-27 19:00:00,8.1,148.0,99.4,0.8,3.8
2025-01-27 20:00:00,7.9,159.0,99.4,0.8,3.8
2025-01-27 21:00:00,7.7,107.0,99.4,0.6,1.9
2025-01-27 22:00:00,7.5,103.0,99.4,0.9,2.6
2025-01-27 23:00:00,7.3,126.0,99.4,0.9,2.4
2025-01-28 00:00:00,6.9,185.0,99.4,,2.4
2025-01-28 01:00:00,7.0,211.0,99.4,,1.8
2025-01-28 02:00:00,7.1,64.0,99.4,0.6,2.7
2025-01-28 03:00:00,7.1,120.0,99.4,1.1,3.4
2025-01-28 04:00:00,7.3,81.0,99.4,1.2,4.1
2025-01-28 05:00:00,7.7,111.0,99.4,1.2,5.0
2025-01-28 06:00:00,8.0,256.0,99.4,0.9,2.9
2025-01-28 07:00:00,7.9,83.0,99.4,,2.2
2025-01-28 08:00:00,8.5,157.0,99.4,0.8,3.1
2025-01-28 09:00:00,7.9,216.0,99.4,1.2,4.1
2025-01-28 10:00:00,7.8,220.0,99.4,0.9,3.5
2025-01-28 11:00:00,7.6,225.0,99.4,1.0,4.7
2025-01-28 12:00:00,7.7,255.0,99.4,1.2,4.5
2025-01-28 13:00:00,8.3,258.0,99.4,0.9,4.7
2025-01-28 14:00:00,10.1,232.0,91.0,1.9,4.9
2025-01-28 15:00:00,10.1,239.0,84.8,1.5,5.0
2025-01-28 16:00:00,9.7,247.0,87.0,1.3,3.1
2025-01-28 17:00:00,9.4,236.0,90.2,1.0,3.0
2025-01-28 18:00:00,9.0,244.0,93.0,0.7,2.0
2025-01-28 19:00:00,8.5,279.0,95.2,0.6,1.8
2025-01-28 20:00:00,8.0,307.0,97.5,0.5,1.5
2025-01-28 21:00:00,7.5,344.0,91.2,0.7,2.1
2025-01-28 22:00:00,6.6,345.0,91.2,0.6,2.1
2025-01-28 23:00:00,6.1,3.0,90.1,,1.3
2025-01-29 00:00:00,5.7,43.0,93.8,,1.0
2025-01-29 01:00:00,5.4,310.0,95.7,0.6,1.8
2025-01-29 02:00:00,4.9,330.0,96.3,0.4,1.2
2025-01-29 03:00:00,4.6,5.0,96.9,,1.9
2025-01-29 04:00:00,4.5,315.0,95.5,0.4,1.1
2025-01-29 05:00:00,4.4,320.0,95.5,,1.0
2025-01-29 06:00:00,4.4,348.0,94.8,,1.1
2025-01-29 07:00:00,4.6,319.0,92.2,0.4,1.3
2025-01-29 08:00:00,5.0,351.0,90.6,,1.0
2025-01-29 09:00:00,6.1,24.0,87.5,0.4,1.3
2025-01-29 10:00:00,7.8,107.0,73.4,,1.7
2025-01-29 11:00:00,9.3,107.0,67.5,1.2,3.6
2025-01-29 12:00:00,9.6,103.0,69.4,2.7,5.7
2025-01-29 13:00:00,10.5,113.0,71.2,2.9,6.8
2025-01-29 14:00:00,11.3,107.0,68.4,1.7,4.4
2025-01-29 15:00:00,11.5,100.0,67.6,1.2,3.4
2025-01-29 16:00:00,10.8,91.0,70.2,2.0,3.9
2025-01-29 17:00:00,10.0,107.0,73.5,1.3,3.3
2025-01-29 18:00:00,9.5,86.0,77.9,0.8,1.7
2025-01-29 19:00:00,9.1,8.0,81.5,0.4,1.3
2025-01-29 20:00:00,9.3,3.0,81.2,0.7,1.3
2025-01-29 21:00:00,8.9,5.0,83.0,0.7,1.6
2025-01-29 22:00:00,8.5,15.0,84.7,0.5,1.6
2025-01-29 23:00:00,8.3,50.0,84.0,1.0,2.4
2025-01-30 00:00:00,8.1,45.0,81.3,0.6,1.8
2025-01-30 01:00:00,7.1,304.0,87.6,0.6,1.6
2025-01-30 02:00:00,6.7,49.0,88.6,,2.2
2025-01-30 03:00:00,6.8,24.0,87.5,,2.0
2025-01-30 04:00:00,6.9,358.0,87.6,0.5,1.4
2025-01-30 05:00:00,7.3,9.0,85.7,0.7,1.9
2025-01-30 06:00:00,7.7,78.0,83.3,0.6,2.1
2025-01-30 07:00:00,8.0,76.0,80.0,1.3,2.5
2025-01-30 08:00:00,8.1,84.0,78.3,1.0,2.3
2025-01-30 09:00:00,8.5,57.0,75.6,0.7,2.0
2025-01-30 10:00:00,8.9,56.0,72.1,0.5,2.0
2025-01-30 11:00:00,9.7,88.0,68.7,0.6,1.8
2025-01-30 12:00:00,9.9,354.0,69.3,,1.7
2025-01-30 13:00:00,10.5,339.0,67.0,0.4,2.5
2025-01-30 14:00:00,11.6,282.0,62.2,0.5,2.7
2025-01-30 15:00:00,11.7,249.0,62.8,0.7,3.2
2025-01-30 16:00:00,11.1,238.0,67.3,1.2,3.4
2025-01-30 17:00:00,10.4,238.0,71.9,1.1,2.9
2025-01-30 18:00:00,9.1,223.0,83.5,1.2,3.3
2025-01-30 19:00:00,8.3,224.0,90.8,1.2,3.3
2025-01-30 20:00:00,7.8,229.0,91.5,1.2,3.4
2025-01-30 21:00:00,7.3,238.0,92.4,1.2,3.6
2025-01-30 22:00:00,7.0,233.0,94.7,1.2,3.1
2025-01-30 23:00:00,6.9,234.0,96.3,1.2,3.0
2025-01-31 00:00:00,6.7,258.0,96.9,1.0,3.2
2025-01-31 01:00:00,6.4,238.0,96.7,1.0,2.5
2025-01-31 02:00:00,5.9,253.0,97.9,0.5,1.7
2025-01-31 03:00:00,5.7,286.0,97.7,0.6,2.0
2025-01-31 04:00:00,5.1,309.0,97.1,0.6,1.6
2025-01-31 05:00:00,5.0,314.0,92.3,,1.1
2025-01-31 06:00:00,5.5,315.0,89.3,0.6,1.4
2025-01-31 07:00:00,5.6,303.0,86.4,0.8,2.1
2025-01-31 08:00:00,6.2,5.0,82.2,0.4,1.5
2025-01-31 09:00:00,7.1,52.0,78.3,,1.8
2025-01-31 10:00:00,8.3,85.0,76.1,0.6,2.7
2025-01-31 11:00:00,8.7,97.0,71.8,1.5,3.6
2025-01-31 12:00:00,7.9,76.0,81.1,1.3,3.0
2025-01-31 13:00:00,7.1,78.0,92.6,1.9,3.7
2025-01-31 14:00:00,6.8,63.0,97.1,2.0,4.3
2025-01-31 15:00:00,7.1,70.0,98.2,2.3,5.2
2025-01-31 16:00:00,7.1,69.0,97.1,1.8,4.9
2025-01-31 17:00:00,7.5,72.0,95.0,1.5,3.3
2025-01-31 18:00:00,7.5,97.0,96.8,1.9,4.8
2025-01-31 19:00:00,7.4,65.0,98.1,1.9,4.0
2025-01-31 20:00:00,7.5,68.0,96.6,2.2,4.9
2025-01-31 21:00:00,7.6,59.0,95.4,2.0,4.2
2025-01-31 22:00:00,7.6,53.0,93.1,1.8,4.5
2025-01-31 23:00:00,7.3,56.0,95.9,1.6,4.0
2025-02-01 00:00:00,7.2,32.0,99.3,1.4,2.9
2025-02-01 01:00:00,7.2,26.0,99.4,1.1,3.2
2025-02-01 02:00:00,7.0,8.0,99.4,1.2,3.2
2025-02-01 03:00:00,6.8,339.0,99.4,0.5,1.9
2025-02-01 04:00:00,6.9,329.0,99.4,0.4,1.9
2025-02-01 05:00:00,7.1,356.0,99.4,0.5,1.4
2025-02-01 06:00:00,7.2,358.0,99.4,0.6,1.8
2025-02-01 07:00:00,7.1,354.0,99.4,0.5,1.7
2025-02-01 08:00:00,7.4,2.0,99.4,0.8,2.1
2025-02-01 09:00:00,7.4,355.0,99.4,0.8,2.3
2025-02-01 10:00:00,7.6,340.0,99.4,0.7,2.7
2025-02-01 11:00:00,7.9,340.0,99.4,0.6,2.5
2025-02-01 12:00:00,8.0,339.0,99.0,0.5,1.7
2025-02-01 13:00:00,8.1,15.0,99.4,0.6,1.6
2025-02-01 14:00:00,8.2,41.0,99.4,1.0,2.7
2025-02-01 15:00:00,8.1,35.0,99.4,0.6,2.0
2025-02-01 16:00:00,8.1,333.0,99.4,,1.4
2025-02-01 17:00:00,8.2,320.0,99.4,0.5,1.4
2025-02-01 18:00:00,8.2,346.0,99.4,0.6,1.8
2025-02-01 19:00:00,8.3,357.0,99.4,0.6,2.0
2025-02-01 20:00:00,8.2,343.0,99.3,0.6,1.8
2025-02-01 21:00:00,8.2,349.0,98.0,0.7,1.8
2025-02-01 22:00:00,8.1,349.0,96.1,0.5,1.9
2025-02-01 23:00:00,8.0,308.0,95.9,0.6,1.5
2025-02-02 00:00:00,7.9,325.0,95.0,0.6,1.9
2025-02-02 01:00:00,7.3,300.0,96.3,0.5,1.4
2025-02-02 02:00:00,6.7,305.0,97.1,0.4,1.6
2025-02-02 03:00:00,6.3,345.0,97.7,,1.5
2025-02-02 04:00:00,5.8,344.0,98.2,0.6,2.4
2025-02-02 05:00:00,5.4,324.0,97.5,0.4,1.3
2025-02-02 06:00:00,5.2,310.0,97.3,,1.3
2025-02-02 07:00:00,5.1,307.0,97.7,,1.2
2025-02-02 08:00:00,5.4,345.0,97.2,0.4,1.2
2025-02-02 09:00:00,6.2,304.0,90.7,,1.5
2025-02-02 10:00:00,7.4,280.0,86.2,,1.3
2025-02-02 11:00:00,9.3,221.0,75.9,0.6,2.0
2025-02-02 12:00:00,11.0,264.0,67.6,1.1,3.8
2025-02-02 13:00:00,12.3,257.0,61.3,1.1,4.0
2025-02-02 14:00:00,13.2,235.0,59.1,0.6,2.6
2025-02-02 15:00:00,13.7,237.0,56.5,,2.5
2025-02-02 16:00:00,12.7,254.0,58.7,,1.4
2025-02-02 17:00:00,11.2,290.0,64.8,,0.8
2025-02-02 18:00:00,10.4,124.0,73.8,,1.5
2025-02-02 19:00:00,9.8,242.0,78.6,0.5,1.6
2025-02-02 20:00:00,9.4,207.0,81.2,0.4,1.1
2025-02-02 21:00:00,8.9,201.0,85.1,0.8,1.6
2025-02-02 22:00:00,8.3,204.0,88.4,0.4,1.2
2025-02-02 23:00:00,7.5,22.0,92.2,0.6,1.3
2025-02-03 00:00:00,6.5,1.0,96.6,0.6,1.3
2025-02-03 01:00:00,6.0,348.0,97.6,0.6,1.5
2025-02-03 02:00:00,5.5,322.0,95.3,0.4,1.1
2025-02-03 03:00:00,5.3,290.0,92.4,,1.1
2025-02-03 04:00:00,5.2,324.0,89.7,,1.0
2025-02-03 05:00:00,4.9,278.0,91.0,,1.2
2025-02-03 06:00:00,5.0,296.0,92.7,,1.3
2025-02-03 07:00:00,5.0,314.0,93.2,,1.2
2025-02-03 08:00:00,5.4,350.0,90.3,0.4,1.2
2025-02-03 09:00:00,6.5,239.0,84.5,0.4,1.2
2025-02-03 10:00:00,8.2,255.0,73.8,0.6,1.9
2025-02-03 11:00:00,9.5,247.0,68.2,0.7,2.3
2025-02-03 12:00:00,11.2,221.0,62.5,0.5,2.3
2025-02-03 13:00:00,12.7,127.0,61.4,1.0,3.7
2025-02-03 14:00:00,13.3,166.0,58.6,0.7,2.8
2025-02-03 15:00:00,13.8,122.0,58.6,1.5,4.3
2025-02-03 16:00:00,12.3,117.0,64.2,1.5,3.6
2025-02-03 17:00:00,10.6,97.0,75.2,1.8,3.6
2025-02-03 18:00:00,8.9,81.0,89.5,1.6,3.3
2025-02-03 19:00:00,7.7,72.0,91.7,1.1,2.3
2025-02-03 20:00:00,7.3,56.0,91.4,0.8,2.1
2025-02-03 21:00:00,7.0,3.0,91.6,,1.4
2025-02-03 22:00:00,6.7,5.0,91.8,0.5,1.4
2025-02-03 23:00:00,6.3,355.0,92.6,,1.2
2025-02-04 00:00:00,5.8,337.0,94.3,,0.9
2025-02-04 01:00:00,5.4,344.0,95.5,,0.8
2025-02-04 02:00:00,5.1,332.0,96.3,0.3,0.8
2025-02-04 03:00:00,4.9,348.0,96.4,,0.9
2025-02-04 04:00:00,5.4,52.0,93.6,,1.6
2025-02-04 05:00:00,6.4,77.0,86.0,1.5,3.7
2025-02-04 06:00:00,5.7,72.0,85.6,1.6,3.8
2025-02-04 07:00:00,5.2,63.0,85.5,0.9,2.2
2025-02-04 08:00:00,5.8,63.0,77.1,0.6,1.5
2025-02-04 09:00:00,6.7,85.0,70.4,1.4,4.5
2025-02-04 10:00:00,7.1,110.0,62.5,2.6,5.6
2025-02-04 11:00:00,7.6,109.0,62.1,2.0,4.5
2025-02-04 12:00:00,8.5,99.0,63.3,1.8,4.7
2025-02-04 13:00:00,9.0,83.0,62.0,1.2,3.3
2025-02-04 14:00:00,10.1,10.0,57.8,0.3,2.3
2025-02-04 15:00:00,10.9,343.0,55.1,0.5,2.4
2025-02-04 16:00:00,10.1,302.0,57.9,0.6,2.3
2025-02-04 17:00:00,9.2,292.0,61.1,0.7,1.6
2025-02-04 18:00:00,8.7,290.0,64.8,0.8,2.0
2025-02-04 19:00:00,8.0,234.0,69.8,,1.8
2025-02-04 20:00:00,7.4,237.0,73.7,0.6,1.9
2025-02-04 21:00:00,6.8,227.0,78.8,0.7,1.9
2025-02-04 22:00:00,6.2,240.0,81.8,0.7,1.8
2025-02-04 23:00:00,5.7,238.0,84.2,0.6,2.0
2025-02-05 00:00:00,4.8,255.0,88.3,0.7,1.9
2025-02-05 01:00:00,4.2,257.0,91.5,0.5,1.5
2025-02-05 02:00:00,4.0,292.0,91.6,0.7,1.4
2025-02-05 03:00:00,3.5,278.0,92.4,0.6,1.5
2025-02-05 04:00:00,3.2,281.0,93.1,0.6,1.5
2025-02-05 05:00:00,3.0,287.0,93.1,0.6,1.2
2025-02-05 06:00:00,3.0,259.0,92.1,0.6,1.7
2025-02-05 07:00:00,2.9,229.0,90.8,0.6,1.6
2025-02-05 08:00:00,2.5,242.0,90.7,0.9,2.6
2025-02-05 09:00:00,3.3,229.0,87.4,0.9,2.1
2025-02-05 10:00:00,4.7,228.0,80.2,0.6,1.7
2025-02-05 11:00:00,6.5,201.0,71.9,0.6,2.1
2025-02-05 12:00:00,7.6,192.0,68.5,0.6,2.4
2025-02-05 13:00:00,8.4,184.0,67.9,0.9,2.7
2025-02-05 14:00:00,10.0,162.0,62.5,,1.9
2025-02-05 15:00:00,11.8,96.0,55.5,0.7,2.2
2025-02-05 16:00:00,10.9,102.0,59.6,0.9,2.2
2025-02-05 17:00:00,9.2,98.0,69.6,1.2,2.0
2025-02-05 18:00:00,8.4,94.0,76.8,0.8,1.6
2025-02-05 19:00:00,7.6,33.0,81.7,0.4,0.9
2025-02-05 20:00:00,6.9,341.0,84.5,,1.0
2025-02-05 21:00:00,6.4,343.0,86.0,,1.1
2025-02-05 22:00:00,6.0,309.0,88.7,,0.7
2025-02-05 23:00:00,5.6,339.0,90.0,,0.9
2025-02-06 00:00:00,5.0,316.0,89.5,0.6,1.3
2025-02-06 01:00:00,4.4,318.0,89.9,,1.1
2025-02-06 02:00:00,3.9,308.0,91.0,,0.9
2025-02-06 03:00:00,3.7,273.0,91.4,0.5,1.4
2025-02-06 04:00:00,3.5,287.0,91.4,0.5,1.2
2025-02-06 05:00:00,3.0,296.0,92.0,0.6,1.3
2025-02-06 06:00:00,2.9,321.0,90.9,,1.1
2025-02-06 07:00:00,3.3,54.0,88.6,,0.8
2025-02-06 08:00:00,3.6,311.0,86.5,0.5,1.3
2025-02-06 09:00:00,4.8,93.0,81.9,,1.2
2025-02-06 10:00:00,6.6,83.0,71.0,0.6,2.2
2025-02-06 11:00:00,8.1,57.0,61.6,0.9,2.7
2025-02-06 12:00:00,9.4,97.0,54.3,1.4,3.7
2025-02-06 13:00:00,10.3,113.0,49.5,2.0,5.1
2025-02-06 14:00:00,11.0,110.0,43.1,2.2,5.7
2025-02-06 15:00:00,11.3,86.0,41.3,2.0,4.4
2025-02-06 16:00:00,10.0,80.0,46.5,2.6,5.8
2025-02-06 17:00:00,8.4,75.0,57.2,2.5,5.3
2025-02-06 18:00:00,7.8,77.0,62.1,1.4,3.2
2025-02-06 19:00:00,7.3,76.0,66.5,1.2,2.2
2025-02-06 20:00:00,6.7,83.0,72.1,0.8,1.8
2025-02-06 21:00:00,6.1,58.0,76.6,0.7,1.4
2025-02-06 22:00:00,5.5,51.0,79.1,0.5,1.1
2025-02-06 23:00:00,4.8,350.0,79.5,0.5,1.5
2025-02-07 00:00:00,4.2,344.0,80.8,,0.7
2025-02-07 01:00:00,3.9,357.0,82.1,0.6,1.3
2025-02-07 02:00:00,3.6,27.0,81.6,0.7,1.9
2025-02-07 03:00:00,3.9,53.0,77.8,1.1,2.2
2025-02-07 04:00:00,4.0,62.0,75.0,0.8,1.7
2025-02-07 05:00:00,3.7,57.0,75.5,0.8,1.7
2025-02-07 06:00:00,4.1,93.0,72.7,0.9,2.0
2025-02-07 07:00:00,4.2,93.0,72.6,0.5,1.4
2025-02-07 08:00:00,5.1,105.0,66.4,1.2,2.8
2025-02-07 09:00:00,5.4,120.0,64.1,1.2,3.1
2025-02-07 10:00:00,5.7,116.0,61.0,1.1,2.7
2025-02-07 11:00:00,6.3,107.0,56.8,1.3,3.8
2025-02-07 12:00:00,7.5,106.0,51.2,2.1,4.9
2025-02-07 13:00:00,7.4,94.0,51.4,1.5,4.3
2025-02-07 14:00:00,7.0,110.0,50.6,1.5,4.0
2025-02-07 15:00:00,7.2,110.0,50.6,1.1,2.8
2025-02-07 16:00:00,7.4,88.0,49.7,0.8,2.0
2025-02-07 17:00:00,7.0,84.0,53.4,0.5,1.5
2025-02-07 18:00:00,6.6,286.0,55.9,0.7,2.3
2025-02-07 19:00:00,6.4,260.0,56.0,0.4,1.3
2025-02-07 20:00:00,6.4,295.0,55.9,0.4,1.3
2025-02-07 21:00:00,6.3,324.0,57.0,0.4,1.0
2025-02-07 22:00:00,6.1,345.0,58.7,,1.4
2025-02-07 23:00:00,6.0,344.0,61.3,0.5,1.9
2025-02-08 00:00:00,6.0,339.0,62.9,0.5,1.5
2025-02-08 01:00:00,5.8,327.0,66.6,,1.3
2025-02-08 02:00:00,5.5,330.0,70.6,,1.6
2025-02-08 03:00:00,5.4,338.0,72.9,,1.6
2025-02-08 04:00:00,5.4,277.0,75.8,,1.4
2025-02-08 05:00:00,5.4,235.0,78.4,,2.4
2025-02-08 06:00:00,5.0,101.0,80.6,1.0,3.4
2025-02-08 07:00:00,5.1,76.0,80.8,0.6,1.7
2025-02-08 08:00:00,4.4,77.0,87.7,1.2,3.8
2025-02-08 09:00:00,3.7,3.0,94.8,0.6,1.9
2025-02-08 10:00:00,3.6,321.0,96.5,0.7,2.8
2025-02-08 11:00:00,3.4,335.0,98.6,1.1,3.6
2025-02-08 12:00:00,3.6,344.0,98.5,0.8,3.4
2025-02-08 13:00:00,3.8,3.0,97.8,1.2,3.9
2025-02-08 14:00:00,4.2,11.0,97.2,1.3,4.1
2025-02-08 15:00:00,4.4,43.0,96.2,0.9,2.6
2025-02-08 16:00:00,4.1,318.0,98.4,0.7,1.8
2025-02-08 17:00:00,4.0,295.0,99.3,1.9,4.0
2025-02-08 18:00:00,3.9,296.0,99.4,1.8,4.0
2025-02-08 19:00:00,4.2,312.0,99.4,0.8,2.9
2025-02-08 20:00:00,4.5,4.0,99.4,0.7,2.7
2025-02-08 21:00:00,4.8,48.0,99.4,1.0,2.4
2025-02-08 22:00:00,4.4,357.0,99.4,1.0,3.5
2025-02-08 23:00:00,4.4,324.0,99.4,0.7,2.6
2025-02-09 00:00:00,4.6,312.0,99.4,1.2,3.5
2025-02-09 01:00:00,4.8,310.0,99.4,0.8,2.6
2025-02-09 02:00:00,5.0,305.0,99.4,1.0,3.1
2025-02-09 03:00:00,4.8,306.0,99.4,1.2,3.4
2025-02-09 04:00:00,4.8,308.0,99.4,0.6,1.7
2025-02-09 05:00:00,5.0,306.0,99.4,,2.0
2025-02-09 06:00:00,5.1,304.0,99.4,0.8,2.9
2025-02-09 07:00:00,5.2,297.0,99.4,1.4,4.0
2025-02-09 08:00:00,5.3,292.0,99.4,1.0,3.6
2025-02-09 09:00:00,5.6,289.0,99.4,,2.1
2025-02-09 10:00:00,5.9,287.0,99.4,,1.1
2025-02-09 11:00:00,6.2,298.0,99.3,0.5,1.1
2025-02-09 12:00:00,7.0,349.0,97.1,,1.1
2025-02-09 13:00:00,7.7,43.0,93.4,0.5,1.7
2025-02-09 14:00:00,7.7,81.0,94.3,,1.2
2025-02-09 15:00:00,7.5,285.0,98.2,0.5,1.4
2025-02-09 16:00:00,7.3,288.0,99.4,,1.2
2025-02-09 17:00:00,7.5,,99.4,,0.6
2025-02-09 18:00:00,7.6,216.0,99.4,,1.2
2025-02-09 19:00:00,7.8,226.0,99.1,0.6,2.0
2025-02-09 20:00:00,7.4,241.0,99.4,1.1,2.7
2025-02-09 21:00:00,7.2,268.0,99.4,,1.5
2025-02-09 22:00:00,7.1,290.0,99.4,0.8,1.8
2025-02-09 23:00:00,7.0,286.0,99.4,0.5,1.3
2025-02-10 00:00:00,7.0,292.0,99.4,,0.8
2025-02-10 01:00:00,7.0,297.0,99.4,0.4,1.0
2025-02-10 02:00:00,7.0,292.0,99.4,0.6,1.3
2025-02-10 03:00:00,7.0,254.0,99.4,0.5,1.7
2025-02-10 04:00:00,7.1,253.0,99.4,0.6,1.9
2025-02-10 05:00:00,7.0,285.0,99.4,,1.3
2025-02-10 06:00:00,7.1,256.0,99.4,0.6,1.6
2025-02-10 07:00:00,7.4,245.0,99.4,,1.6
2025-02-10 08:00:00,7.4,268.0,99.4,0.6,2.2
2025-02-10 09:00:00,7.6,229.0,99.3,0.7,1.9
2025-02-10 10:00:00,7.9,237.0,98.7,0.8,2.0
2025-02-10 11:00:00,8.1,248.0,97.5,0.7,2.2
2025-02-10 12:00:00,8.9,274.0,92.5,0.4,1.5
2025-02-10 13:00:00,9.7,251.0,86.6,,1.3
2025-02-10 14:00:00,10.4,191.0,82.6,0.5,1.8
2025-02-10 15:00:00,10.2,197.0,84.1,1.0,2.5
2025-02-10 16:00:00,9.8,208.0,85.4,1.2,3.2
2025-02-10 17:00:00,9.3,209.0,86.0,0.8,2.4
2025-02-10 18:00:00,9.1,226.0,85.3,0.7,2.3
2025-02-10 19:00:00,8.9,306.0,85.9,,0.7
2025-02-10 20:00:00,8.8,51.0,87.6,,0.9
2025-02-10 21:00:00,8.7,55.0,89.1,,0.9
2025-02-10 22:00:00,8.3,278.0,91.9,,0.8
2025-02-10 23:00:00,7.9,291.0,93.5,,1.1
2025-02-11 00:00:00,7.7,326.0,94.9,0.2,1.1
2025-02-11 01:00:00,7.3,,96.6,,0.7
2025-02-11 02:00:00,7.4,277.0,97.6,,1.7
2025-02-11 03:00:00,7.5,262.0,96.2,,1.2
2025-02-11 04:00:00,7.6,268.0,95.3,0.5,1.7
2025-02-11 05:00:00,7.6,302.0,95.2,,1.1
2025-02-11 06:00:00,7.9,356.0,94.8,,1.0
2025-02-11 07:00:00,8.3,42.0,93.9,,0.8
2025-02-11 08:00:00,8.6,201.0,92.0,0.1,2.4
2025-02-11 09:00:00,8.4,247.0,91.7,,1.5
2025-02-11 10:00:00,8.4,236.0,94.9,,1.3
2025-02-11 11:00:00,8.3,313.0,97.6,0.4,1.1
2025-02-11 12:00:00,8.3,304.0,96.9,,1.1
2025-02-11 13:00:00,8.3,312.0,96.4,0.4,1.1
2025-02-11 14:00:00,8.5,353.0,98.0,,1.0
2025-02-11 15:00:00,8.5,303.0,99.1,0.4,1.7
2025-02-11 16:00:00,8.4,297.0,99.2,0.5,1.5
2025-02-11 17:00:00,8.3,301.0,99.4,0.5,1.2
2025-02-11 18:00:00,8.4,343.0,99.4,0.4,1.2
2025-02-11 19:00:00,8.6,73.0,99.4,0.8,1.4
2025-02-11 20:00:00,8.6,65.0,99.4,0.8,1.6
2025-02-11 21:00:00,8.7,85.0,99.4,1.1,2.1
2025-02-11 22:00:00,8.7,90.0,99.4,1.2,2.9
2025-02-11 23:00:00,8.7,94.0,99.4,0.9,2.1
2025-02-12 00:00:00,8.7,91.0,99.4,0.7,2.4
2025-02-12 01:00:00,8.6,49.0,99.4,0.6,1.4
2025-02-12 02:00:00,8.7,59.0,99.4,0.5,1.8
2025-02-12 03:00:00,8.6,72.0,99.4,1.1,2.4
2025-02-12 04:00:00,8.5,76.0,99.4,1.2,2.5
2025-02-12 05:00:00,8.3,69.0,99.4,1.3,3.3
2025-02-12 06:00:00,8.2,54.0,99.4,1.5,2.9
2025-02-12 07:00:00,8.4,69.0,99.4,1.7,3.7
2025-02-12 08:00:00,8.5,95.0,99.4,1.3,2.9
2025-02-12 09:00:00,8.4,85.0,99.4,1.7,3.2
2025-02-12 10:00:00,8.4,83.0,99.4,1.3,3.0
2025-02-12 11:00:00,8.5,77.0,99.4,1.4,3.0
2025-02-12 12:00:00,8.7,80.0,99.4,1.4,3.2
2025-02-12 13:00:00,9.3,91.0,98.8,1.1,2.5
2025-02-12 14:00:00,9.6,121.0,94.2,1.0,2.1
2025-02-12 15:00:00,9.5,159.0,91.5,0.5,1.9
2025-02-12 16:00:00,9.8,117.0,89.9,,1.9
2025-02-12 17:00:00,9.6,123.0,91.0,0.8,3.2
2025-02-12 18:00:00,9.5,142.0,92.3,0.7,2.2
2025-02-12 19:00:00,9.4,161.0,90.8,0.7,1.8
2025-02-12 20:00:00,9.5,117.0,90.4,1.1,2.6
2025-02-12 21:00:00,9.3,82.0,91.8,0.5,1.5
2025-02-12 22:00:00,9.3,67.0,93.7,0.9,1.9
2025-02-12 23:00:00,9.1,93.0,94.8,0.7,1.4
2025-02-13 00:00:00,9.2,102.0,93.9,0.7,1.5
2025-02-13 01:00:00,9.1,87.0,93.5,,1.5
2025-02-13 02:00:00,8.6,282.0,97.7,0.7,1.6
2025-02-13 03:00:00,8.3,299.0,99.4,,1.0
2025-02-13 04:00:00,8.3,294.0,99.4,,1.0
2025-02-13 05:00:00,8.5,342.0,99.4,,0.8
2025-02-13 06:00:00,8.5,297.0,99.2,0.9,2.2
2025-02-13 07:00:00,8.6,123.0,97.2,,0.8
2025-02-13 08:00:00,9.2,124.0,95.6,0.6,1.6
2025-02-13 09:00:00,9.6,233.0,91.8,,1.0
2025-02-13 10:00:00,9.4,269.0,91.8,1.1,2.7
2025-02-13 11:00:00,9.2,253.0,93.1,0.7,2.7
2025-02-13 12:00:00,9.7,241.0,90.6,0.6,1.8
2025-02-13 13:00:00,10.1,213.0,85.7,0.5,1.7
2025-02-13 14:00:00,10.5,73.0,82.6,,1.8
2025-02-13 15:00:00,10.9,118.0,81.1,0.6,1.8
2025-02-13 16:00:00,10.9,166.0,80.8,0.4,2.2
2025-02-13 17:00:00,10.4,220.0,83.8,0.8,2.7
2025-02-13 18:00:00,10.1,263.0,86.2,0.6,2.1
2025-02-13 19:00:00,9.8,254.0,87.0,0.6,1.6
2025-02-13 20:00:00,9.2,264.0,91.0,0.7,2.0
2025-02-13 21:00:00,8.7,252.0,94.1,0.7,1.9
2025-02-13 22:00:00,8.2,271.0,97.7,0.6,1.6
2025-02-13 23:00:00,7.8,262.0,99.3,0.6,1.6
2025-02-14 00:00:00,7.5,277.0,99.4,0.6,1.8
2025-02-14 01:00:00,7.0,278.0,99.4,0.3,1.2
2025-02-14 02:00:00,6.6,317.0,99.4,,0.9
2025-02-14 03:00:00,6.3,335.0,99.4,,1.2
2025-02-14 04:00:00,5.8,325.0,99.4,,1.0
2025-02-14 05:00:00,5.8,338.0,98.2,0.5,1.7
2025-02-14 06:00:00,5.6,312.0,99.0,,2.0
2025-02-14 07:00:00,5.6,299.0,96.6,0.9,2.2
2025-02-14 08:00:00,6.1,299.0,90.4,1.0,3.3
2025-02-14 09:00:00,7.7,297.0,74.3,1.9,5.0
2025-02-14 10:00:00,9.9,303.0,46.5,1.6,5.2
2025-02-14 11:00:00,10.9,313.0,28.3,1.7,5.3
2025-02-14 12:00:00,11.9,355.0,25.1,2.1,6.6
2025-02-14 13:00:00,11.4,79.0,51.5,3.0,8.8
2025-02-14 14:00:00,8.4,105.0,72.3,2.2,9.3
2025-02-14 15:00:00,4.5,81.0,83.5,1.4,7.5
2025-02-14 16:00:00,6.0,124.0,81.7,2.4,6.1
2025-02-14 17:00:00,5.1,173.0,82.9,0.9,3.8
2025-02-14 18:00:00,4.5,191.0,85.0,,2.8
2025-02-14 19:00:00,4.5,47.0,86.3,,1.4
2025-02-14 20:00:00,4.8,72.0,88.3,0.8,1.8
2025-02-14 21:00:00,4.4,83.0,87.3,0.3,1.8
2025-02-14 22:00:00,4.0,356.0,91.2,,1.0
2025-02-14 23:00:00,4.0,47.0,90.9,0.7,1.7
2025-02-15 00:00:00,3.4,11.0,91.6,0.7,2.4
2025-02-15 01:00:00,2.7,318.0,94.3,,1.0
2025-02-15 02:00:00,2.3,335.0,94.9,0.4,1.2
2025-02-15 03:00:00,2.2,301.0,95.3,,1.1
2025-02-15 04:00:00,2.1,312.0,94.1,0.5,1.2
2025-02-15 05:00:00,1.7,327.0,93.2,0.6,2.2
2025-02-15 06:00:00,1.7,324.0,92.3,0.4,1.1
2025-02-15 07:00:00,2.1,304.0,91.1,0.7,1.9
2025-02-15 08:00:00,3.0,308.0,84.1,0.6,2.1
2025-02-15 09:00:00,4.4,0.0,68.6,,2.3
2025-02-15 10:00:00,6.3,216.0,55.3,,2.0
2025-02-15 11:00:00,7.5,239.0,49.1,0.7,2.4
2025-02-15 12:00:00,8.6,201.0,47.4,0.7,3.0
2025-02-15 13:00:00,9.8,117.0,51.6,1.2,3.8
2025-02-15 14:00:00,10.0,144.0,50.4,0.7,3.7
2025-02-15 15:00:00,10.7,125.0,49.4,1.4,4.4
2025-02-15 16:00:00,9.7,132.0,52.7,1.2,3.6
2025-02-15 17:00:00,8.2,137.0,58.5,1.3,3.4
2025-02-15 18:00:00,7.5,119.0,64.4,1.3,3.1
2025-02-15 19:00:00,7.1,114.0,68.2,1.6,3.8
2025-02-15 20:00:00,6.7,105.0,69.8,1.5,3.3
2025-02-15 21:00:00,6.1,85.0,72.5,1.4,3.1
2025-02-15 22:00:00,5.6,69.0,74.3,0.9,2.5
2025-02-15 23:00:00,5.2,60.0,76.5,0.9,2.0
2025-02-16 00:00:00,4.9,39.0,78.6,0.7,1.6
2025-02-16 01:00:00,4.7,43.0,78.6,0.8,1.6
2025-02-16 02:00:00,4.1,343.0,81.7,0.4,1.2
2025-02-16 03:00:00,3.8,351.0,83.4,0.4,1.1
2025-02-16 04:00:00,4.1,55.0,82.2,0.6,1.9
2025-02-16 05:00:00,4.2,83.0,78.1,1.9,3.9
2025-02-16 06:00:00,3.5,89.0,79.2,1.7,4.3
2025-02-16 07:00:00,3.1,76.0,79.7,2.0,4.3
2025-02-16 08:00:00,3.2,89.0,76.9,2.1,5.0
2025-02-16 09:00:00,3.3,108.0,75.4,2.4,4.5
2025-02-16 10:00:00,3.8,109.0,71.6,1.8,3.6
2025-02-16 11:00:00,4.5,98.0,70.7,1.8,3.8
2025-02-16 12:00:00,5.1,77.0,68.7,1.3,2.7
2025-02-16 13:00:00,6.1,48.0,66.1,1.0,3.1
2025-02-16 14:00:00,6.7,54.0,63.0,0.9,2.9
2025-02-16 15:00:00,6.7,53.0,62.8,1.0,3.5
2025-02-16 16:00:00,6.6,63.0,62.2,0.9,2.9
2025-02-16 17:00:00,6.4,48.0,63.2,0.9,2.7
2025-02-16 18:00:00,6.3,72.0,64.0,1.1,2.5
2025-02-16 19:00:00,6.3,73.0,64.3,1.5,3.4
2025-02-16 20:00:00,6.2,78.0,63.7,1.7,3.7
2025-02-16 21:00:00,6.2,102.0,64.0,1.7,3.4
2025-02-16 22:00:00,5.9,104.0,66.3,2.0,3.9
2025-02-16 23:00:00,5.9,73.0,66.2,1.5,3.2
2025-02-17 00:00:00,5.7,69.0,66.7,1.2,3.1
2025-02-17 01:00:00,5.7,61.0,67.5,1.0,2.3
2025-02-17 02:00:00,5.6,71.0,67.1,1.2,3.4
2025-02-17 03:00:00,5.5,91.0,66.9,1.5,3.6
2025-02-17 04:00:00,5.3,96.0,67.0,1.7,4.1
2025-02-17 05:00:00,4.8,97.0,70.8,2.0,4.0
2025-02-17 06:00:00,4.4,112.0,67.8,2.0,5.7
2025-02-17 07:00:00,4.2,104.0,64.2,2.3,5.3
2025-02-17 08:00:00,4.0,98.0,63.2,2.0,4.8
2025-02-17 09:00:00,4.1,98.0,61.4,1.9,4.0
2025-02-17 10:00:00,4.1,85.0,60.9,2.1,4.6
2025-02-17 11:00:00,4.4,91.0,60.3,1.2,4.0
2025-02-17 12:00:00,4.6,80.0,60.0,0.9,2.7
2025-02-17 13:00:00,4.8,77.0,59.4,1.2,3.2
2025-02-17 14:00:00,5.2,79.0,58.6,1.2,2.7
2025-02-17 15:00:00,5.3,85.0,58.1,1.1,2.8
2025-02-17 16:00:00,5.4,81.0,58.4,0.9,2.8
2025-02-17 17:00:00,5.2,66.0,59.8,1.4,2.8
2025-02-17 18:00:00,5.3,80.0,59.7,1.0,2.3
2025-02-17 19:00:00,5.3,83.0,60.5,0.9,2.4
2025-02-17 20:00:00,5.2,69.0,61.9,1.0,2.1
2025-02-17 21:00:00,5.1,76.0,62.5,0.9,2.1
2025-02-17 22:00:00,5.2,54.0,61.8,0.6,2.0
2025-02-17 23:00:00,5.2,47.0,58.6,0.7,3.1
2025-02-18 00:00:00,5.3,37.0,54.1,0.7,2.5
2025-02-18 01:00:00,5.0,324.0,55.1,0.5,2.1
2025-02-18 02:00:00,4.9,298.0,58.0,0.7,2.0
2025-02-18 03:00:00,5.1,125.0,56.9,,1.0
2025-02-18 04:00:00,5.1,257.0,56.9,0.7,2.3
2025-02-18 05:00:00,5.2,200.0,56.2,0.9,3.0
2025-02-18 06:00:00,5.2,197.0,56.4,0.8,2.6
2025-02-18 07:00:00,5.3,194.0,55.7,,3.2
2025-02-18 08:00:00,5.5,331.0,56.3,0.7,2.8
2025-02-18 09:00:00,6.0,11.0,55.7,0.7,2.6
2025-02-18 10:00:00,6.1,106.0,57.9,0.7,2.5
2025-02-18 11:00:00,6.5,104.0,57.5,1.3,3.3
2025-02-18 12:00:00,6.6,95.0,56.0,1.1,3.0
2025-02-18 13:00:00,6.7,98.0,56.2,1.6,3.8
2025-02-18 14:00:00,6.7,108.0,57.2,1.8,4.7
2025-02-18 15:00:00,6.4,106.0,63.2,2.7,5.7
2025-02-18 16:00:00,5.7,88.0,72.0,2.6,5.5
2025-02-18 17:00:00,5.1,83.0,71.3,2.7,5.2
2025-02-18 18:00:00,4.8,74.0,70.5,2.7,6.3
2025-02-18 19:00:00,4.6,80.0,68.5,2.3,4.8
2025-02-18 20:00:00,4.5,76.0,67.5,2.1,4.4
2025-02-18 21:00:00,4.4,76.0,66.5,2.2,4.7
2025-02-18 22:00:00,4.4,76.0,63.0,2.1,4.6
2025-02-18 23:00:00,4.5,68.0,62.2,1.8,4.5
2025-02-19 00:00:00,4.6,77.0,61.1,1.7,3.7
2025-02-19 01:00:00,4.7,60.0,61.0,1.1,2.5
2025-02-19 02:00:00,4.7,78.0,60.0,1.4,3.3
2025-02-19 03:00:00,4.5,84.0,58.7,2.1,4.4
2025-02-19 04:00:00,4.2,107.0,60.0,2.1,4.5
2025-02-19 05:00:00,3.9,82.0,61.0,1.8,4.2
2025-02-19 06:00:00,3.7,88.0,57.9,1.9,5.2
2025-02-19 07:00:00,3.7,90.0,55.8,1.7,4.5
2025-02-19 08:00:00,3.8,84.0,53.5,1.7,4.5
2025-02-19 09:00:00,3.9,70.0,51.6,1.2,4.0
2025-02-19 10:00:00,4.4,82.0,49.5,2.0,4.9
2025-02-19 11:00:00,4.9,75.0,48.3,1.5,3.9
2025-02-19 12:00:00,5.5,95.0,48.3,1.7,4.4
2025-02-19 13:00:00,5.8,98.0,47.4,1.2,3.5
2025-02-19 14:00:00,6.1,98.0,45.1,1.1,3.5
2025-02-19 15:00:00,6.1,76.0,47.8,1.2,3.7
2025-02-19 16:00:00,6.0,63.0,47.7,0.9,2.6
2025-02-19 17:00:00,5.9,75.0,49.7,1.0,2.5
2025-02-19 18:00:00,5.7,86.0,51.8,1.1,2.6
2025-02-19 19:00:00,5.6,110.0,54.9,1.5,2.9
2025-02-19 20:00:00,5.4,103.0,57.5,1.1,2.6
2025-02-19 21:00:00,5.2,90.0,58.4,0.9,2.4
2025-02-19 22:00:00,5.0,108.0,60.2,,1.4
2025-02-19 23:00:00,4.8,,61.8,,1.0
2025-02-20 00:00:00,4.7,297.0,63.1,0.4,1.3
2025-02-20 01:00:00,4.5,295.0,63.9,0.5,1.2
2025-02-20 02:00:00,4.3,303.0,66.0,0.5,1.1
2025-02-20 03:00:00,3.7,313.0,70.7,0.4,0.9
2025-02-20 04:00:00,3.2,313.0,73.3,,1.0
2025-02-20 05:00:00,3.0,331.0,74.3,0.4,0.8
2025-02-20 06:00:00,2.9,338.0,75.6,,0.8
2025-02-20 07:00:00,3.2,354.0,74.5,0.3,0.8
2025-02-20 08:00:00,3.9,68.0,71.5,,1.2
2025-02-20 09:00:00,4.8,304.0,64.9,0.4,1.8
2025-02-20 10:00:00,5.7,192.0,58.4,,1.9
2025-02-20 11:00:00,6.8,187.0,54.7,,2.7
2025-02-20 12:00:00,7.7,205.0,51.9,,2.3
2025-02-20 13:00:00,9.1,235.0,48.1,,2.1
2025-02-20 14:00:00,10.2,120.0,46.1,0.8,2.9
2025-02-20 15:00:00,10.6,130.0,45.7,0.9,2.6
2025-02-20 16:00:00,10.2,130.0,47.4,1.0,2.8
2025-02-20 17:00:00,8.9,176.0,51.5,0.6,2.4
2025-02-20 18:00:00,8.1,180.0,54.5,0.7,2.5
2025-02-20 19:00:00,7.7,195.0,55.8,1.0,2.2
2025-02-20 20:00:00,7.4,201.0,58.0,0.9,1.9
2025-02-20 21:00:00,6.9,201.0,60.9,,1.6
2025-02-20 22:00:00,6.4,325.0,64.5,,1.3
2025-02-20 23:00:00,5.5,352.0,69.7,,0.8
2025-02-21 00:00:00,5.2,1.0,71.7,,0.6
2025-02-21 01:00:00,4.7,320.0,74.5,0.4,0.9
2025-02-21 02:00:00,4.1,340.0,77.9,,0.7
2025-02-21 03:00:00,3.7,351.0,80.1,0.4,0.8
2025-02-21 04:00:00,3.2,339.0,81.9,,0.9
2025-02-21 05:00:00,3.2,336.0,81.9,,0.8
2025-02-21 06:00:00,3.2,352.0,81.6,,1.1
2025-02-21 07:00:00,3.4,19.0,81.1,0.5,1.3
2025-02-21 08:00:00,4.8,88.0,75.0,0.7,1.8
2025-02-21 09:00:00,6.3,98.0,69.1,0.6,1.7
2025-02-21 10:00:00,7.4,11.0,64.2,,1.9
2025-02-21 11:00:00,8.5,226.0,59.5,0.7,2.7
2025-02-21 12:00:00,9.4,223.0,56.7,0.9,3.1
2025-02-21 13:00:00,10.8,213.0,52.0,0.6,2.8
2025-02-21 14:00:00,11.9,241.0,50.0,0.8,3.1
2025-02-21 15:00:00,12.8,243.0,49.5,0.9,3.6
2025-02-21 16:00:00,12.6,235.0,50.9,0.9,3.2
2025-02-21 17:00:00,11.0,192.0,56.6,1.4,3.9
2025-02-21 18:00:00,10.4,210.0,58.6,0.8,2.7
2025-02-21 19:00:00,9.8,231.0,60.9,0.9,3.0
2025-02-21 20:00:00,9.4,264.0,61.8,0.9,2.6
2025-02-21 21:00:00,9.1,305.0,63.5,0.5,1.4
2025-02-21 22:00:00,9.2,304.0,64.0,0.5,1.6
2025-02-21 23:00:00,9.3,358.0,64.3,,1.3
2025-02-22 00:00:00,9.4,53.0,64.1,0.7,2.2
2025-02-22 01:00:00,9.1,91.0,66.9,0.9,2.3
2025-02-22 02:00:00,8.9,77.0,68.5,1.1,2.5
2025-02-22 03:00:00,8.6,83.0,70.7,1.0,1.9
2025-02-22 04:00:00,8.5,48.0,71.9,0.9,2.1
2025-02-22 05:00:00,8.2,59.0,73.6,0.9,2.1
2025-02-22 06:00:00,7.7,86.0,79.7,0.8,1.7
2025-02-22 07:00:00,7.4,79.0,85.5,0.8,1.9
2025-02-22 08:00:00,7.6,76.0,87.9,0.8,1.6
2025-02-22 09:00:00,7.6,68.0,89.3,0.9,1.9
2025-02-22 10:00:00,7.8,87.0,88.7,0.8,2.1
2025-02-22 11:00:00,8.2,289.0,84.8,,1.6
2025-02-22 12:00:00,8.8,94.0,80.8,0.5,2.0
2025-02-22 13:00:00,9.2,145.0,75.3,0.3,1.5
2025-02-22 14:00:00,9.2,219.0,80.2,0.6,2.2
2025-02-22 15:00:00,8.9,234.0,84.0,1.0,2.8
2025-02-22 16:00:00,8.6,273.0,87.9,0.6,1.7
2025-02-22 17:00:00,8.6,296.0,89.2,0.7,1.7
2025-02-22 18:00:00,8.7,263.0,88.7,,2.1
2025-02-22 19:00:00,8.7,285.0,86.7,0.5,1.5
2025-02-22 20:00:00,8.6,288.0,85.9,0.6,1.8
2025-02-22 21:00:00,8.7,255.0,81.6,0.8,2.2
2025-02-22 22:00:00,8.6,268.0,82.9,0.8,2.2
2025-02-22 23:00:00,8.4,253.0,89.3,0.8,2.1
2025-02-23 00:00:00,8.3,257.0,90.7,0.9,2.6
2025-02-23 01:00:00,8.1,260.0,91.8,1.0,2.6
2025-02-23 02:00:00,8.0,273.0,92.0,0.7,2.2
2025-02-23 03:00:00,8.0,249.0,90.8,0.6,2.1
2025-02-23 04:00:00,7.9,221.0,91.1,0.9,2.9
2025-02-23 05:00:00,7.8,252.0,92.0,0.8,2.2
2025-02-23 06:00:00,7.7,238.0,93.3,0.7,2.0
2025-02-23 07:00:00,7.8,238.0,91.7,0.7,2.0
2025-02-23 08:00:00,7.9,254.0,89.9,,2.0
2025-02-23 09:00:00,8.5,232.0,84.6,0.5,1.4
2025-02-23 10:00:00,9.4,205.0,78.1,0.6,2.1
2025-02-23 11:00:00,9.9,237.0,75.2,0.6,2.1
2025-02-23 12:00:00,10.5,236.0,73.4,0.4,1.7
2025-02-23 13:00:00,11.1,241.0,70.9,,1.6
2025-02-23 14:00:00,11.7,208.0,68.9,,1.4
2025-02-23 15:00:00,12.4,183.0,67.8,0.5,2.2
2025-02-23 16:00:00,12.1,198.0,67.9,0.7,2.0
2025-02-23 17:00:00,11.7,207.0,71.6,,1.9
2025-02-23 18:00:00,11.1,324.0,76.4,,1.1
2025-02-23 19:00:00,11.0,74.0,79.7,0.3,1.1
2025-02-23 20:00:00,11.0,73.0,81.6,0.5,1.2
2025-02-23 21:00:00,10.7,56.0,82.7,0.8,1.8
2025-02-23 22:00:00,10.3,77.0,85.6,0.9,1.6
2025-02-23 23:00:00,10.2,82.0,86.6,1.3,2.4
2025-02-24 00:00:00,9.8,95.0,87.9,0.8,2.3
2025-02-24 01:00:00,9.6,62.0,89.1,0.8,1.6
2025-02-24 02:00:00,9.2,56.0,90.3,0.8,1.7
2025-02-24 03:00:00,8.8,61.0,93.1,0.9,1.8
2025-02-24 04:00:00,8.1,31.0,95.3,0.8,2.0
2025-02-24 05:00:00,7.8,52.0,98.5,0.8,2.1
2025-02-24 06:00:00,8.0,35.0,98.6,,1.2
2025-02-24 07:00:00,8.5,68.0,95.3,1.2,2.7
2025-02-24 08:00:00,8.8,78.0,93.7,0.7,2.1
2025-02-24 09:00:00,9.4,60.0,90.3,0.7,2.4
2025-02-24 10:00:00,10.3,55.0,84.1,0.8,2.1
2025-02-24 11:00:00,11.0,89.0,78.1,,2.1
2025-02-24 12:00:00,11.8,172.0,75.1,0.4,2.5
2025-02-24 13:00:00,13.2,101.0,69.1,,1.9
2025-02-24 14:00:00,13.3,215.0,67.6,,1.9
2025-02-24 15:00:00,13.5,257.0,68.0,,2.2
2025-02-24 16:00:00,13.3,223.0,70.8,0.7,2.8
2025-02-24 17:00:00,12.5,199.0,75.3,1.2,3.1
2025-02-24 18:00:00,12.0,205.0,78.3,0.6,2.1
2025-02-24 19:00:00,11.7,198.0,80.9,0.7,2.4
2025-02-24 20:00:00,11.7,243.0,81.4,0.5,2.0
2025-02-24 21:00:00,11.5,62.0,82.6,0.7,1.5
2025-02-24 22:00:00,11.3,53.0,84.3,0.5,1.8
2025-02-24 23:00:00,11.1,49.0,85.7,,1.0
2025-02-25 00:00:00,11.1,4.0,85.8,0.5,1.1
2025-02-25 01:00:00,10.9,48.0,86.8,0.5,1.3
2025-02-25 02:00:00,10.9,28.0,86.4,0.5,1.4
2025-02-25 03:00:00,10.7,54.0,87.7,,1.1
2025-02-25 04:00:00,10.8,53.0,86.7,0.9,2.0
2025-02-25 05:00:00,10.7,51.0,86.9,0.6,1.6
2025-02-25 06:00:00,10.7,69.0,86.3,1.0,2.1
2025-02-25 07:00:00,10.7,72.0,84.8,1.3,2.8
2025-02-25 08:00:00,11.0,85.0,84.6,1.7,3.6
2025-02-25 09:00:00,11.1,109.0,87.0,2.0,4.1
2025-02-25 10:00:00,10.7,104.0,95.9,2.0,4.4
2025-02-25 11:00:00,10.5,99.0,99.3,2.0,4.4
2025-02-25 12:00:00,10.6,102.0,99.4,2.8,7.8
2025-02-25 13:00:00,10.6,104.0,99.4,2.7,6.6
2025-02-25 14:00:00,10.8,111.0,98.4,2.7,6.3
2025-02-25 15:00:00,10.9,107.0,96.5,2.6,5.6
2025-02-25 16:00:00,10.8,85.0,95.2,2.7,6.1
2025-02-25 17:00:00,10.5,85.0,96.7,2.2,5.2
2025-02-25 18:00:00,10.4,88.0,98.0,2.6,6.1
2025-02-25 19:00:00,10.0,80.0,99.4,2.1,5.4
2025-02-25 20:00:00,9.8,82.0,99.4,1.9,4.8
2025-02-25 21:00:00,9.8,82.0,99.4,2.0,5.2
2025-02-25 22:00:00,9.6,73.0,99.4,2.3,4.6
2025-02-25 23:00:00,9.5,76.0,99.4,2.2,4.6
2025-02-26 00:00:00,9.5,72.0,99.4,1.3,4.0
2025-02-26 01:00:00,9.3,71.0,99.4,1.5,3.6
2025-02-26 02:00:00,9.3,57.0,99.4,1.0,3.4
2025-02-26 03:00:00,9.3,72.0,99.4,1.8,4.3
2025-02-26 04:00:00,9.3,85.0,99.4,1.5,4.4
2025-02-26 05:00:00,9.4,60.0,99.4,0.6,2.2
2025-02-26 06:00:00,9.4,90.0,98.9,0.5,1.7
2025-02-26 07:00:00,9.6,156.0,97.1,,0.9
2025-02-26 08:00:00,10.0,241.0,92.1,,1.9
2025-02-26 09:00:00,10.3,284.0,89.3,0.8,2.5
2025-02-26 10:00:00,11.2,252.0,79.1,0.7,2.6
2025-02-26 11:00:00,11.9,249.0,71.7,1.6,4.0
2025-02-26 12:00:00,12.6,260.0,68.0,0.9,3.6
2025-02-26 13:00:00,14.2,207.0,60.8,0.9,4.6
2025-02-26 14:00:00,14.7,239.0,59.1,1.2,3.6
2025-02-26 15:00:00,14.4,194.0,60.3,0.7,3.6
2025-02-26 16:00:00,13.8,210.0,62.5,0.7,2.5
2025-02-26 17:00:00,13.5,180.0,64.8,,1.9
2025-02-26 18:00:00,12.3,115.0,75.7,1.5,3.9
2025-02-26 19:00:00,11.4,103.0,80.6,1.5,3.5
2025-02-26 20:00:00,10.9,103.0,83.4,1.5,3.3
2025-02-26 21:00:00,10.3,80.0,86.9,0.7,2.9
2025-02-26 22:00:00,10.0,54.0,90.2,1.1,2.1
2025-02-26 23:00:00,9.6,80.0,92.8,1.4,2.8
2025-02-27 00:00:00,9.2,98.0,95.9,1.9,5.2
2025-02-27 01:00:00,8.8,86.0,95.5,1.2,3.8
2025-02-27 02:00:00,8.5,78.0,94.6,1.3,2.9
2025-02-27 03:00:00,7.8,7.0,96.4,0.3,1.6
2025-02-27 04:00:00,7.4,5.0,98.9,0.6,1.7
2025-02-27 05:00:00,7.1,3.0,99.4,0.5,1.1
2025-02-27 06:00:00,7.0,354.0,99.4,,1.2
2025-02-27 07:00:00,7.2,,99.4,,0.7
2025-02-27 08:00:00,8.3,357.0,94.5,0.7,1.9
2025-02-27 09:00:00,9.4,73.0,84.6,0.6,2.1
2025-02-27 10:00:00,10.5,112.0,75.9,0.6,2.1
2025-02-27 11:00:00,11.4,190.0,73.4,0.9,3.7
2025-02-27 12:00:00,11.9,199.0,70.8,0.9,3.3
2025-02-27 13:00:00,14.0,136.0,58.4,0.1,3.0
2025-02-27 14:00:00,14.9,120.0,48.3,0.3,2.8
2025-02-27 15:00:00,15.8,49.0,39.8,,2.9
2025-02-27 16:00:00,15.6,72.0,38.2,0.3,2.4
2025-02-27 17:00:00,13.9,164.0,53.0,0.9,3.0
2025-02-27 18:00:00,12.8,192.0,64.7,1.4,3.4
2025-02-27 19:00:00,11.9,199.0,71.8,0.8,2.2
2025-02-27 20:00:00,11.1,213.0,77.1,,1.4
2025-02-27 21:00:00,10.4,300.0,81.3,0.5,1.4
2025-02-27 22:00:00,9.5,334.0,85.3,0.4,1.1
2025-02-27 23:00:00,9.2,9.0,86.4,,1.2
2025-02-28 00:00:00,8.9,360.0,86.4,0.7,1.5
2025-02-28 01:00:00,8.5,47.0,85.8,0.4,1.4
2025-02-28 02:00:00,7.8,6.0,88.6,,0.8
2025-02-28 03:00:00,7.3,355.0,89.3,,0.9
2025-02-28 04:00:00,6.8,314.0,87.4,,1.0
2025-02-28 05:00:00,6.5,3.0,88.2,,1.2
2025-02-28 06:00:00,6.2,360.0,87.1,0.6,1.3
2025-02-28 07:00:00,6.5,5.0,85.5,0.6,1.3
2025-02-28 08:00:00,8.1,51.0,78.9,0.9,2.6
2025-02-28 09:00:00,9.6,91.0,76.2,2.2,5.1
2025-02-28 10:00:00,10.5,100.0,72.8,2.6,5.2
2025-02-28 11:00:00,11.2,93.0,70.6,1.9,4.6
2025-02-28 12:00:00,12.2,99.0,63.7,1.2,4.5
2025-02-28 13:00:00,13.5,110.0,55.0,1.3,4.4
2025-02-28 14:00:00,14.0,102.0,52.5,1.4,4.1
2025-02-28 15:00:00,14.0,118.0,52.5,1.5,4.1
2025-02-28 16:00:00,14.1,104.0,53.7,1.9,5.3
2025-02-28 17:00:00,12.7,105.0,59.6,2.7,6.0
2025-02-28 18:00:00,11.8,113.0,64.9,2.1,4.8
2025-02-28 19:00:00,11.1,104.0,71.8,1.9,4.2
2025-02-28 20:00:00,10.7,81.0,75.0,1.7,4.8
2025-02-28 21:00:00,10.2,75.0,78.8,1.8,4.1
2025-02-28 22:00:00,9.7,65.0,81.0,1.6,3.7
2025-02-28 23:00:00,9.5,82.0,79.7,2.1,4.5
2025-03-01 00:00:00,9.2,69.0,78.1,2.5,6.1
2025-03-01 01:00:00,9.0,49.0,73.0,2.0,4.4
2025-03-01 02:00:00,9.2,44.0,71.0,1.9,4.4
2025-03-01 03:00:00,8.9,77.0,71.6,2.7,6.6
2025-03-01 04:00:00,8.7,77.0,73.0,2.8,6.6
2025-03-01 05:00:00,8.5,79.0,73.6,2.8,5.1
2025-03-01 06:00:00,8.2,77.0,73.2,2.7,5.6
2025-03-01 07:00:00,8.3,74.0,71.1,2.7,6.0
2025-03-01 08:00:00,8.4,87.0,71.4,2.0,6.4
2025-03-01 09:00:00,8.4,75.0,73.8,2.5,7.7
2025-03-01 10:00:00,9.4,78.0,65.9,2.7,9.4
2025-03-01 11:00:00,10.8,76.0,57.0,2.4,6.2
2025-03-01 12:00:00,12.2,75.0,51.8,1.5,4.4
2025-03-01 13:00:00,11.9,48.0,52.6,1.3,4.9
2025-03-01 14:00:00,12.6,48.0,49.9,1.1,4.3
2025-03-01 15:00:00,12.5,114.0,51.9,1.4,4.2
2025-03-01 16:00:00,12.3,97.0,52.6,1.0,4.1
2025-03-01 17:00:00,11.8,87.0,54.2,1.1,2.6
2025-03-01 18:00:00,11.5,100.0,58.8,1.3,3.0
2025-03-01 19:00:00,11.3,107.0,61.2,1.1,3.2
2025-03-01 20:00:00,11.3,84.0,61.1,1.1,2.5
2025-03-01 21:00:00,11.0,79.0,63.7,1.1,2.1
2025-03-01 22:00:00,10.6,81.0,66.4,1.0,2.8
2025-03-01 23:00:00,10.3,83.0,69.0,1.2,2.6
2025-03-02 00:00:00,9.6,42.0,72.7,0.9,2.0
2025-03-02 01:00:00,9.3,44.0,71.7,1.2,2.5
2025-03-02 02:00:00,9.4,49.0,65.2,1.1,2.8
2025-03-02 03:00:00,8.4,53.0,68.4,0.6,1.2
2025-03-02 04:00:00,7.6,342.0,75.3,0.5,1.5
2025-03-02 05:00:00,7.2,313.0,83.4,,0.9
2025-03-02 06:00:00,6.9,259.0,85.0,,1.0
2025-03-02 07:00:00,6.9,61.0,84.8,,1.5
2025-03-02 08:00:00,7.9,105.0,68.2,0.9,1.8
2025-03-02 09:00:00,8.7,107.0,62.9,,1.5
2025-03-02 10:00:00,10.0,162.0,56.9,,2.0
2025-03-02 11:00:00,10.9,123.0,47.7,0.8,3.3
2025-03-02 12:00:00,11.8,101.0,46.7,0.9,4.4
2025-03-02 13:00:00,13.4,111.0,43.0,0.6,4.3
2025-03-02 14:00:00,13.6,247.0,42.3,0.6,2.7
2025-03-02 15:00:00,14.3,49.0,40.9,0.4,2.4
2025-03-02 16:00:00,14.2,115.0,42.7,1.2,4.0
2025-03-02 17:00:00,12.5,142.0,47.8,1.1,3.2
2025-03-02 18:00:00,11.6,156.0,51.6,1.0,2.4
2025-03-02 19:00:00,11.1,179.0,54.5,0.8,2.1
2025-03-02 20:00:00,10.6,194.0,57.1,0.7,2.2
2025-03-02 21:00:00,10.1,201.0,58.6,0.8,2.0
2025-03-02 22:00:00,9.4,304.0,60.9,,1.2
2025-03-02 23:00:00,8.5,338.0,67.2,0.6,1.4
2025-03-03 00:00:00,7.6,331.0,72.9,,1.2
2025-03-03 01:00:00,7.0,321.0,75.2,,0.9
2025-03-03 02:00:00,6.5,324.0,77.5,,1.1
2025-03-03 03:00:00,6.1,328.0,78.7,,1.0
2025-03-03 04:00:00,5.6,317.0,79.2,,0.8
2025-03-03 05:00:00,5.4,328.0,79.8,,1.1
2025-03-03 06:00:00,5.2,338.0,81.3,,0.9
2025-03-03 07:00:00,5.5,4.0,80.8,,1.5
2025-03-03 08:00:00,7.8,87.0,72.0,,1.2
2025-03-03 09:00:00,9.3,136.0,63.1,,1.6
2025-03-03 10:00:00,10.6,223.0,53.8,0.7,2.7
2025-03-03 11:00:00,11.7,222.0,49.5,0.6,3.5
2025-03-03 12:00:00,12.8,232.0,46.5,0.9,3.3
2025-03-03 13:00:00,14.5,232.0,40.9,0.8,3.2
2025-03-03 14:00:00,15.3,294.0,37.3,,2.8
2025-03-03 15:00:00,15.9,236.0,33.4,0.6,2.8
2025-03-03 16:00:00,15.5,215.0,33.9,0.5,2.5
2025-03-03 17:00:00,14.2,161.0,40.2,1.1,3.4
2025-03-03 18:00:00,13.2,146.0,43.3,1.4,3.9
2025-03-03 19:00:00,12.2,126.0,45.8,1.0,2.6
2025-03-03 20:00:00,11.3,83.0,50.3,0.9,1.8
2025-03-03 21:00:00,10.5,55.0,55.3,0.8,1.3
2025-03-03 22:00:00,9.8,44.0,59.1,0.7,1.4
2025-03-03 23:00:00,9.1,65.0,62.9,0.8,1.7
2025-03-04 00:00:00,8.3,350.0,67.2,,1.1
2025-03-04 01:00:00,7.4,342.0,71.5,,1.1
2025-03-04 02:00:00,6.9,340.0,74.0,,0.7
2025-03-04 03:00:00,6.5,328.0,75.8,0.4,1.0
2025-03-04 04:00:00,6.1,333.0,77.2,0.4,1.2
2025-03-04 05:00:00,5.9,309.0,76.5,0.6,1.5
2025-03-04 06:00:00,5.6,314.0,76.4,0.5,1.3
2025-03-04 07:00:00,6.2,319.0,74.5,0.4,1.7
2025-03-04 08:00:00,7.9,318.0,67.5,,1.3
2025-03-04 09:00:00,9.8,234.0,60.7,0.7,2.5
2025-03-04 10:00:00,11.4,240.0,53.5,0.6,2.8
2025-03-04 11:00:00,12.6,233.0,48.5,0.6,2.6
2025-03-04 12:00:00,13.8,,43.1,,2.3
2025-03-04 13:00:00,15.9,147.0,38.6,,3.2
2025-03-04 14:00:00,16.6,132.0,35.3,0.8,3.3
2025-03-04 15:00:00,17.0,132.0,32.2,1.0,3.5
2025-03-04 16:00:00,16.5,149.0,31.8,0.8,2.6
2025-03-04 17:00:00,15.1,160.0,35.1,0.6,2.1
2025-03-04 18:00:00,13.7,123.0,39.7,0.4,1.5
2025-03-04 19:00:00,12.7,148.0,46.7,,1.1
2025-03-04 20:00:00,11.7,284.0,47.4,0.6,1.3
2025-03-04 21:00:00,10.8,349.0,50.8,,1.8
2025-03-04 22:00:00,9.9,324.0,55.3,,1.6
2025-03-04 23:00:00,9.2,310.0,58.2,0.5,1.3
2025-03-05 00:00:00,8.7,310.0,59.9,0.3,1.1
2025-03-05 01:00:00,7.9,329.0,63.5,,0.9
2025-03-05 02:00:00,7.3,345.0,67.2,0.3,0.7
2025-03-05 03:00:00,6.8,329.0,69.5,,1.2
2025-03-05 04:00:00,6.5,308.0,70.3,,0.9
2025-03-05 05:00:00,6.4,325.0,71.4,0.5,1.0
2025-03-05 06:00:00,6.2,347.0,72.2,,0.9
2025-03-05 07:00:00,7.0,25.0,70.1,0.4,1.1
2025-03-05 08:00:00,8.7,28.0,64.0,0.6,1.4
2025-03-05 09:00:00,10.3,77.0,58.0,0.4,1.6
2025-03-05 10:00:00,12.3,102.0,49.2,0.6,2.7
2025-03-05 11:00:00,14.0,113.0,42.4,0.6,2.4
2025-03-05 12:00:00,15.3,90.0,38.4,1.1,3.8
2025-03-05 13:00:00,17.4,93.0,30.7,1.1,3.4
2025-03-05 14:00:00,18.5,101.0,26.0,1.3,4.2
2025-03-05 15:00:00,18.9,109.0,25.6,1.4,4.4
2025-03-05 16:00:00,18.0,114.0,26.8,1.8,4.5
2025-03-05 17:00:00,16.1,110.0,31.2,1.4,3.6
2025-03-05 18:00:00,14.9,95.0,36.6,1.4,2.9
2025-03-05 19:00:00,13.7,104.0,40.0,1.1,2.0
2025-03-05 20:00:00,12.9,58.0,44.0,0.7,1.7
2025-03-05 21:00:00,11.9,61.0,48.9,0.7,1.3
2025-03-05 22:00:00,11.1,45.0,52.3,0.7,1.6
2025-03-05 23:00:00,10.1,5.0,56.0,,1.0
2025-03-06 00:00:00,9.3,360.0,58.9,,1.1
2025-03-06 01:00:00,8.8,334.0,61.0,0.4,1.0
2025-03-06 02:00:00,8.4,292.0,61.0,0.7,1.5
2025-03-06 03:00:00,7.9,292.0,62.5,0.7,1.5
2025-03-06 04:00:00,7.5,328.0,63.0,0.4,1.0
2025-03-06 05:00:00,7.2,1.0,65.0,,0.8
2025-03-06 06:00:00,7.1,335.0,66.2,,0.7
2025-03-06 07:00:00,7.7,5.0,65.1,0.4,1.1
2025-03-06 08:00:00,9.1,334.0,60.3,,1.5
2025-03-06 09:00:00,11.3,84.0,51.3,0.7,1.8
2025-03-06 10:00:00,13.4,108.0,43.4,0.9,2.8
2025-03-06 11:00:00,14.5,93.0,40.2,0.7,2.6
2025-03-06 12:00:00,15.8,91.0,37.8,0.9,3.7
2025-03-06 13:00:00,17.6,94.0,31.2,1.1,4.0
2025-03-06 14:00:00,17.8,127.0,26.7,1.0,3.8
2025-03-06 15:00:00,18.2,102.0,26.3,1.1,4.0
2025-03-06 16:00:00,17.8,115.0,27.5,1.2,3.2
2025-03-06 17:00:00,16.1,143.0,32.9,1.0,3.0
2025-03-06 18:00:00,15.1,183.0,36.0,0.9,2.5
2025-03-06 19:00:00,14.2,187.0,38.9,,2.2
2025-03-06 20:00:00,13.1,37.0,44.3,,1.0
2025-03-06 21:00:00,12.1,355.0,49.3,,1.1
2025-03-06 22:00:00,11.2,348.0,52.6,0.5,1.4
2025-03-06 23:00:00,10.4,339.0,55.1,0.5,1.3
2025-03-07 00:00:00,9.7,327.0,56.5,,1.0
2025-03-07 01:00:00,9.1,321.0,57.9,0.4,1.2
2025-03-07 02:00:00,8.4,347.0,60.6,0.4,0.7
2025-03-07 03:00:00,7.9,355.0,62.8,0.4,1.0
2025-03-07 04:00:00,7.4,346.0,65.3,,0.8
2025-03-07 05:00:00,7.3,1.0,66.2,0.4,1.0
2025-03-07 06:00:00,7.3,29.0,66.8,,0.8
2025-03-07 07:00:00,7.8,41.0,64.1,,1.5
2025-03-07 08:00:00,9.9,68.0,53.8,0.8,2.0
2025-03-07 09:00:00,11.3,78.0,47.2,0.8,2.2
2025-03-07 10:00:00,12.5,83.0,43.4,0.6,2.3
2025-03-07 11:00:00,14.0,98.0,39.6,1.0,3.3
2025-03-07 12:00:00,15.2,101.0,37.5,0.9,3.6
2025-03-07 13:00:00,17.0,93.0,33.5,0.9,4.0
2025-03-07 14:00:00,17.9,105.0,28.6,1.1,4.4
2025-03-07 15:00:00,18.1,101.0,29.9,1.0,4.2
2025-03-07 16:00:00,17.5,102.0,32.0,1.6,4.0
2025-03-07 17:00:00,15.8,92.0,38.0,1.2,3.2
2025-03-07 18:00:00,14.6,104.0,45.4,1.1,2.5
2025-03-07 19:00:00,13.7,102.0,49.4,1.1,2.2
2025-03-07 20:00:00,13.2,108.0,49.3,1.3,2.7
2025-03-07 21:00:00,12.3,59.0,51.3,0.4,1.0
2025-03-07 22:00:00,11.3,16.0,56.8,,0.9
2025-03-07 23:00:00,10.3,350.0,61.8,0.4,1.6
2025-03-08 00:00:00,9.7,12.0,64.4,,1.2
2025-03-08 01:00:00,9.1,345.0,65.5,,1.5
2025-03-08 02:00:00,8.6,321.0,65.9,0.4,1.2
2025-03-08 03:00:00,8.1,313.0,64.8,,1.5
2025-03-08 04:00:00,7.8,295.0,65.4,,1.2
2025-03-08 05:00:00,7.4,348.0,66.7,,0.9
2025-03-08 06:00:00,7.0,319.0,68.6,,1.2
2025-03-08 07:00:00,7.5,338.0,68.0,0.3,0.8
2025-03-08 08:00:00,9.1,296.0,62.6,0.4,1.1
2025-03-08 09:00:00,11.1,166.0,55.2,,1.5
2025-03-08 10:00:00,13.0,121.0,44.9,0.5,2.6
2025-03-08 11:00:00,14.4,259.0,42.7,0.6,2.6
2025-03-08 12:00:00,15.9,234.0,37.0,,2.9
2025-03-08 13:00:00,17.6,185.0,31.6,0.4,2.9
2025-03-08 14:00:00,18.3,103.0,30.3,0.6,3.5
2025-03-08 15:00:00,18.6,114.0,27.8,1.0,4.0
2025-03-08 16:00:00,17.9,102.0,26.5,1.2,3.6
2025-03-08 17:00:00,16.3,106.0,29.7,1.6,3.0
2025-03-08 18:00:00,15.0,114.0,34.3,1.2,2.6
2025-03-08 19:00:00,14.4,139.0,39.2,0.7,2.2
2025-03-08 20:00:00,13.5,148.0,43.9,0.4,1.4
2025-03-08 21:00:00,12.5,15.0,49.5,0.4,0.9
2025-03-08 22:00:00,11.6,7.0,52.8,0.6,1.4
2025-03-08 23:00:00,11.0,317.0,52.5,,0.8
2025-03-09 00:00:00,10.7,356.0,53.6,,0.8
2025-03-09 01:00:00,10.0,287.0,55.1,,1.1
2025-03-09 02:00:00,9.2,296.0,57.9,0.7,1.6
2025-03-09 03:00:00,8.6,330.0,58.1,,1.2
2025-03-09 04:00:00,8.2,297.0,59.5,,1.2
2025-03-09 05:00:00,8.0,329.0,60.5,,0.8
2025-03-09 06:00:00,7.6,345.0,63.0,0.4,1.4
2025-03-09 07:00:00,8.0,326.0,62.4,,1.2
2025-03-09 08:00:00,9.3,299.0,58.0,0.5,1.5
2025-03-09 09:00:00,10.7,264.0,53.7,,0.9
2025-03-09 10:00:00,12.1,74.0,50.0,,2.5
2025-03-09 11:00:00,13.1,100.0,44.3,,2.2
2025-03-09 12:00:00,14.8,56.0,40.5,0.8,3.3
2025-03-09 13:00:00,16.1,74.0,36.8,1.1,2.9
2025-03-09 14:00:00,15.8,114.0,38.8,1.5,4.2
2025-03-09 15:00:00,14.3,140.0,49.6,1.1,4.2
2025-03-09 16:00:00,13.8,178.0,50.1,,3.2
2025-03-09 17:00:00,13.7,55.0,50.3,,2.1
2025-03-09 18:00:00,13.4,73.0,53.4,1.3,2.7
2025-03-09 19:00:00,13.0,84.0,56.2,1.1,2.9
2025-03-09 20:00:00,12.9,57.0,55.8,0.7,2.1
2025-03-09 21:00:00,12.8,40.0,56.7,1.3,3.3
2025-03-09 22:00:00,11.7,91.0,72.0,2.5,6.2
2025-03-09 23:00:00,9.9,86.0,94.5,2.8,6.6
2025-03-10 00:00:00,9.5,72.0,96.7,2.4,5.8
2025-03-10 01:00:00,9.1,70.0,99.4,2.6,6.3
2025-03-10 02:00:00,8.9,165.0,99.4,0.8,5.3
2025-03-10 03:00:00,8.8,71.0,99.4,1.6,6.5
2025-03-10 04:00:00,9.0,111.0,99.4,1.3,4.2
2025-03-10 05:00:00,8.1,193.0,99.4,1.8,6.1
2025-03-10 06:00:00,6.8,202.0,99.4,1.6,5.4
2025-03-10 07:00:00,6.7,201.0,99.4,1.1,5.1
2025-03-10 08:00:00,7.1,209.0,97.3,1.2,4.1
2025-03-10 09:00:00,7.8,196.0,90.5,0.5,2.8
2025-03-10 10:00:00,8.9,138.0,84.2,,2.3
2025-03-10 11:00:00,9.9,91.0,79.7,,2.1
2025-03-10 12:00:00,11.0,3.0,76.4,0.8,2.8
2025-03-10 13:00:00,12.0,272.0,70.4,0.5,2.9
2025-03-10 14:00:00,12.7,263.0,65.6,,3.3
2025-03-10 15:00:00,12.6,241.0,65.6,0.6,2.6
2025-03-10 16:00:00,12.8,284.0,64.2,0.5,2.4
2025-03-10 17:00:00,12.5,252.0,65.0,0.5,1.6
2025-03-10 18:00:00,12.2,207.0,67.3,,1.1
2025-03-10 19:00:00,12.1,288.0,68.6,,1.0
2025-03-10 20:00:00,12.2,,68.8,,0.6
2025-03-10 21:00:00,11.6,280.0,78.2,0.4,1.2
2025-03-10 22:00:00,10.8,271.0,86.4,0.6,3.3
2025-03-10 23:00:00,10.1,352.0,95.5,0.4,1.8
2025-03-11 00:00:00,9.8,50.0,99.2,1.3,2.9
2025-03-11 01:00:00,9.6,60.0,99.4,1.1,2.7
2025-03-11 02:00:00,9.5,25.0,99.4,0.8,2.5
2025-03-11 03:00:00,9.5,27.0,99.4,0.6,2.3
2025-03-11 04:00:00,9.5,64.0,98.9,0.6,2.2
2025-03-11 05:00:00,9.3,98.0,99.3,,1.5
2025-03-11 06:00:00,9.2,342.0,99.1,,1.4
2025-03-11 07:00:00,9.4,20.0,99.4,0.4,1.2
2025-03-11 08:00:00,9.7,9.0,99.2,0.4,1.4
2025-03-11 09:00:00,10.1,342.0,96.1,0.7,1.8
2025-03-11 10:00:00,10.5,28.0,92.4,0.7,2.1
2025-03-11 11:00:00,11.7,23.0,83.0,0.5,2.1
2025-03-11 12:00:00,12.4,13.0,76.2,,1.6
2025-03-11 13:00:00,12.8,183.0,73.0,,1.8
2025-03-11 14:00:00,13.1,244.0,71.3,0.5,2.0
2025-03-11 15:00:00,12.9,193.0,72.0,0.9,3.0
2025-03-11 16:00:00,12.6,203.0,74.1,0.8,2.6
2025-03-11 17:00:00,12.5,182.0,76.5,0.6,2.2
2025-03-11 18:00:00,12.3,114.0,77.1,0.9,2.9
2025-03-11 19:00:00,12.2,76.0,76.1,1.4,2.9
2025-03-11 20:00:00,11.2,80.0,87.8,0.8,2.8
2025-03-11 21:00:00,10.9,89.0,93.7,1.0,2.5
2025-03-11 22:00:00,10.9,67.0,93.6,1.4,3.0
2025-03-11 23:00:00,11.0,75.0,94.8,1.5,2.9
2025-03-12 00:00:00,10.8,81.0,95.8,2.2,4.8
2025-03-12 01:00:00,10.4,80.0,99.4,2.7,5.3
2025-03-12 02:00:00,10.1,113.0,99.4,2.6,6.9
2025-03-12 03:00:00,9.9,77.0,99.4,3.0,7.2
2025-03-12 04:00:00,10.0,101.0,99.4,2.4,7.4
2025-03-12 05:00:00,9.8,146.0,99.4,1.9,6.4
2025-03-12 06:00:00,9.5,178.0,99.4,1.4,5.2
2025-03-12 07:00:00,8.9,176.0,99.2,1.3,4.4
2025-03-12 08:00:00,9.0,194.0,94.6,1.2,4.3
2025-03-12 09:00:00,10.1,149.0,86.2,0.8,3.5
2025-03-12 10:00:00,11.3,114.0,78.9,1.1,3.4
2025-03-12 11:00:00,11.9,92.0,75.5,1.3,3.9
2025-03-12 12:00:00,12.5,90.0,72.3,1.6,4.7
2025-03-12 13:00:00,12.3,112.0,74.9,2.0,4.3
2025-03-12 14:00:00,11.5,104.0,88.0,1.5,3.9
2025-03-12 15:00:00,11.2,78.0,88.4,1.1,2.7
2025-03-12 16:00:00,11.0,84.0,89.4,0.8,2.0
2025-03-12 17:00:00,10.6,51.0,94.9,1.4,3.8
2025-03-12 18:00:00,10.3,56.0,97.3,1.2,2.9
2025-03-12 19:00:00,10.3,46.0,98.4,1.0,2.9
2025-03-12 20:00:00,10.1,11.0,99.4,0.6,2.1
2025-03-12 21:00:00,10.0,358.0,99.4,0.7,2.3
2025-03-12 22:00:00,10.1,351.0,99.2,0.4,1.5
2025-03-12 23:00:00,10.2,345.0,97.8,0.6,1.8
2025-03-13 00:00:00,10.0,351.0,97.7,0.5,1.5
2025-03-13 01:00:00,9.8,327.0,96.1,,1.2
2025-03-13 02:00:00,10.0,240.0,95.7,,2.3
2025-03-13 03:00:00,9.6,260.0,96.4,0.9,4.5
2025-03-13 04:00:00,9.6,300.0,96.0,0.4,1.2
2025-03-13 05:00:00,9.7,229.0,94.8,,2.2
2025-03-13 06:00:00,9.7,197.0,94.7,0.7,1.9
2025-03-13 07:00:00,9.8,222.0,93.3,,1.3
2025-03-13 08:00:00,10.4,358.0,91.1,0.5,1.5
2025-03-13 09:00:00,11.5,27.0,83.3,0.8,2.7
2025-03-13 10:00:00,12.0,67.0,80.2,1.0,4.1
2025-03-13 11:00:00,12.2,38.0,78.4,1.3,3.5
2025-03-13 12:00:00,14.0,99.0,66.7,1.2,4.4
2025-03-13 13:00:00,15.8,95.0,58.6,1.8,4.8
2025-03-13 14:00:00,15.4,87.0,59.0,2.0,5.1
2025-03-13 15:00:00,14.0,99.0,73.2,2.6,6.8
2025-03-13 16:00:00,14.3,126.0,67.1,1.9,5.7
2025-03-13 17:00:00,14.4,167.0,50.3,1.2,5.5
2025-03-13 18:00:00,13.9,195.0,49.6,2.0,6.6
2025-03-13 19:00:00,13.6,192.0,55.2,2.6,9.0
2025-03-13 20:00:00,12.6,213.0,65.8,1.9,7.4
2025-03-13 21:00:00,12.1,105.0,72.7,1.3,4.0
2025-03-13 22:00:00,11.1,60.0,81.7,1.6,4.2
2025-03-13 23:00:00,10.8,64.0,83.7,2.0,4.9
2025-03-14 00:00:00,10.5,74.0,85.6,2.9,6.3
2025-03-14 01:00:00,10.4,70.0,85.6,3.1,6.8
2025-03-14 02:00:00,10.5,70.0,81.5,2.6,4.9
2025-03-14 03:00:00,10.6,70.0,76.7,2.4,5.2
2025-03-14 04:00:00,10.7,75.0,74.9,2.4,5.6
2025-03-14 05:00:00,9.8,83.0,85.1,3.4,7.8
2025-03-14 06:00:00,9.4,61.0,91.9,2.0,6.0
2025-03-14 07:00:00,9.3,88.0,98.6,1.7,6.2
2025-03-14 08:00:00,9.7,107.0,99.4,3.0,6.0
2025-03-14 09:00:00,9.8,101.0,99.4,2.4,5.4
2025-03-14 10:00:00,9.7,162.0,99.3,0.6,2.7
2025-03-14 11:00:00,9.9,235.0,95.8,,2.9
2025-03-14 12:00:00,10.2,12.0,93.2,0.8,2.3
2025-03-14 13:00:00,10.5,350.0,89.4,,1.4
2025-03-14 14:00:00,11.1,2.0,87.9,0.9,2.3
2025-03-14 15:00:00,11.5,12.0,85.8,,2.7
2025-03-14 16:00:00,11.9,92.0,79.5,1.1,2.6
2025-03-14 17:00:00,12.0,95.0,79.1,1.7,3.4
2025-03-14 18:00:00,11.7,91.0,81.0,1.7,3.6
2025-03-14 19:00:00,11.3,97.0,85.5,2.1,4.3
2025-03-14 20:00:00,10.8,97.0,91.8,1.7,4.1
2025-03-14 21:00:00,10.4,71.0,94.8,1.6,3.7
2025-03-14 22:00:00,10.1,58.0,97.8,1.6,3.8
2025-03-14 23:00:00,10.0,34.0,99.3,1.6,3.9
2025-03-15 00:00:00,10.1,85.0,99.4,1.9,6.1
2025-03-15 01:00:00,10.2,93.0,99.4,2.7,6.7
2025-03-15 02:00:00,10.0,99.0,99.4,2.8,6.1
2025-03-15 03:00:00,10.0,105.0,99.4,2.5,5.6
2025-03-15 04:00:00,10.0,109.0,99.4,2.7,6.1
2025-03-15 05:00:00,10.0,103.0,99.4,2.2,5.4
2025-03-15 06:00:00,10.0,102.0,99.4,2.4,5.6
2025-03-15 07:00:00,10.0,104.0,99.4,2.5,6.1
2025-03-15 08:00:00,10.2,99.0,99.4,2.6,5.1
2025-03-15 09:00:00,10.3,95.0,99.4,2.0,4.8
2025-03-15 10:00:00,10.6,98.0,96.5,2.5,5.6
2025-03-15 11:00:00,10.8,93.0,97.3,2.6,6.6
2025-03-15 12:00:00,11.1,87.0,98.3,2.8,6.4
2025-03-15 13:00:00,11.5,80.0,97.9,2.8,6.4
2025-03-15 14:00:00,11.8,76.0,95.3,2.4,5.0
2025-03-15 15:00:00,12.1,73.0,93.9,2.8,5.9
2025-03-15 16:00:00,12.3,80.0,83.5,3.3,7.0
2025-03-15 17:00:00,12.3,77.0,85.0,3.2,7.2
2025-03-15 18:00:00,12.1,83.0,88.8,3.2,6.4
2025-03-15 19:00:00,11.6,83.0,94.3,3.5,7.3
2025-03-15 20:00:00,11.4,85.0,94.6,2.9,6.7
2025-03-15 21:00:00,11.1,101.0,97.0,2.6,5.4
2025-03-15 22:00:00,10.7,104.0,99.2,2.8,6.4
2025-03-15 23:00:00,10.5,107.0,99.4,2.6,5.8
2025-03-16 00:00:00,10.4,102.0,99.4,1.8,4.0
2025-03-16 01:00:00,10.5,90.0,99.4,1.4,3.2
2025-03-16 02:00:00,10.4,103.0,99.4,0.9,2.7
2025-03-16 03:00:00,10.0,242.0,93.7,0.8,3.6
2025-03-16 04:00:00,9.4,279.0,76.9,1.0,2.9
2025-03-16 05:00:00,9.1,308.0,75.2,0.8,1.7
2025-03-16 06:00:00,9.2,334.0,75.3,0.7,1.9
2025-03-16 07:00:00,9.3,347.0,73.9,0.7,2.6
2025-03-16 08:00:00,9.7,322.0,72.5,0.7,2.5
2025-03-16 09:00:00,10.6,289.0,65.3,1.3,4.1
2025-03-16 10:00:00,11.1,268.0,57.3,1.4,5.1
2025-03-16 11:00:00,11.9,257.0,53.6,1.1,4.8
2025-03-16 12:00:00,12.5,227.0,52.7,1.1,4.0
2025-03-16 13:00:00,12.6,171.0,50.2,0.9,4.1
2025-03-16 14:00:00,13.2,216.0,47.7,0.8,3.7
2025-03-16 15:00:00,12.8,244.0,47.7,0.9,3.3
2025-03-16 16:00:00,12.9,247.0,47.7,1.1,3.3
2025-03-16 17:00:00,12.7,260.0,49.9,1.2,3.5
2025-03-16 18:00:00,12.3,233.0,53.3,1.1,4.4
2025-03-16 19:00:00,11.2,216.0,54.8,2.1,6.9
2025-03-16 20:00:00,10.8,220.0,57.6,1.4,5.2
2025-03-16 21:00:00,10.6,218.0,60.1,1.4,4.9
2025-03-16 22:00:00,10.3,222.0,61.5,1.2,3.5
2025-03-16 23:00:00,9.5,278.0,66.7,1.0,3.1
2025-03-17 00:00:00,8.9,268.0,70.7,0.8,2.0
2025-03-17 01:00:00,8.5,260.0,71.5,0.9,2.3
2025-03-17 02:00:00,8.3,231.0,72.7,1.1,2.7
2025-03-17 03:00:00,8.0,234.0,74.4,0.7,2.2
2025-03-17 04:00:00,7.6,244.0,74.6,0.9,2.4
2025-03-17 05:00:00,7.1,253.0,77.5,0.8,2.4
2025-03-17 06:00:00,6.8,250.0,79.7,0.7,2.0
2025-03-17 07:00:00,7.3,256.0,78.0,0.9,2.7
2025-03-17 08:00:00,8.7,247.0,72.4,1.1,3.1
2025-03-17 09:00:00,10.4,227.0,65.8,1.5,3.7
2025-03-17 10:00:00,11.6,250.0,61.0,1.9,4.4
2025-03-17 11:00:00,12.8,226.0,57.1,1.6,4.5
2025-03-17 12:00:00,14.1,226.0,52.4,1.1,3.7
2025-03-17 13:00:00,15.5,190.0,46.8,0.3,3.5
2025-03-17 14:00:00,16.4,249.0,43.5,0.7,4.6
2025-03-17 15:00:00,16.8,256.0,41.6,,2.9
2025-03-17 16:00:00,16.1,199.0,42.7,0.8,3.6
2025-03-17 17:00:00,15.5,162.0,44.1,0.7,2.8
2025-03-17 18:00:00,14.6,109.0,48.3,2.3,5.0
2025-03-17 19:00:00,13.6,103.0,54.6,2.2,4.8
2025-03-17 20:00:00,12.7,103.0,60.3,3.8,8.7
2025-03-17 21:00:00,11.8,103.0,65.6,5.0,10.2
2025-03-17 22:00:00,11.1,100.0,69.9,4.8,10.7
2025-03-17 23:00:00,10.4,94.0,77.6,4.7,11.1
2025-03-18 00:00:00,9.6,95.0,75.8,5.6,13.4
2025-03-18 01:00:00,9.0,98.0,72.5,4.4,10.7
2025-03-18 02:00:00,8.4,86.0,75.0,4.8,10.5
2025-03-18 03:00:00,8.1,86.0,75.1,4.3,9.6
2025-03-18 04:00:00,8.0,90.0,70.9,4.6,11.1
2025-03-18 05:00:00,7.8,88.0,72.7,4.1,10.0
2025-03-18 06:00:00,7.4,92.0,72.2,4.6,10.6
2025-03-18 07:00:00,7.0,89.0,66.9,4.7,11.0
2025-03-18 08:00:00,6.8,98.0,61.3,4.6,10.8
2025-03-18 09:00:00,6.9,90.0,56.1,4.2,10.0
2025-03-18 10:00:00,7.7,90.0,51.4,4.6,9.4
2025-03-18 11:00:00,8.1,93.0,50.4,4.6,9.7
2025-03-18 12:00:00,9.0,94.0,48.5,3.7,9.3
2025-03-18 13:00:00,10.0,95.0,46.1,3.2,9.5
2025-03-18 14:00:00,10.3,88.0,45.3,2.5,6.4
2025-03-18 15:00:00,10.2,93.0,46.0,2.2,6.1
2025-03-18 16:00:00,9.8,80.0,49.0,2.7,6.3
2025-03-18 17:00:00,8.7,87.0,53.4,2.2,5.6
2025-03-18 18:00:00,8.2,106.0,54.6,1.7,5.3
2025-03-18 19:00:00,7.8,110.0,54.6,2.3,4.8
2025-03-18 20:00:00,7.3,112.0,55.3,1.9,4.1
2025-03-18 21:00:00,7.0,112.0,56.1,1.8,3.5
2025-03-18 22:00:00,6.7,95.0,58.4,1.2,3.4
2025-03-18 23:00:00,6.2,62.0,60.6,0.7,1.6
2025-03-19 00:00:00,5.8,47.0,64.0,,1.4
2025-03-19 01:00:00,5.2,25.0,67.9,0.4,1.2
2025-03-19 02:00:00,4.7,329.0,72.2,0.4,1.2
2025-03-19 03:00:00,4.3,337.0,74.5,0.4,0.8
2025-03-19 04:00:00,4.0,334.0,76.8,0.4,1.0
2025-03-19 05:00:00,3.7,351.0,78.3,0.5,1.1
2025-03-19 06:00:00,3.6,338.0,79.0,,0.8
2025-03-19 07:00:00,4.8,357.0,74.5,,1.1
2025-03-19 08:00:00,6.5,257.0,60.9,0.4,1.9
2025-03-19 09:00:00,7.6,219.0,54.7,0.5,2.2
2025-03-19 10:00:00,8.8,192.0,51.4,0.3,3.1
2025-03-19 11:00:00,9.7,224.0,48.4,0.5,3.9
2025-03-19 12:00:00,11.0,231.0,45.0,0.9,4.4
2025-03-19 13:00:00,12.8,202.0,39.8,0.7,3.8
2025-03-19 14:00:00,13.4,206.0,37.1,0.8,3.8
2025-03-19 15:00:00,13.8,156.0,35.6,0.4,3.4
2025-03-19 16:00:00,13.2,199.0,36.7,0.7,3.4
2025-03-19 17:00:00,12.6,220.0,37.2,0.4,2.7
2025-03-19 18:00:00,11.7,175.0,38.8,0.8,2.5
2025-03-19 19:00:00,11.0,165.0,39.0,0.7,2.2
2025-03-19 20:00:00,10.2,155.0,41.2,1.1,2.8
2025-03-19 21:00:00,9.7,154.0,41.5,0.6,2.2
2025-03-19 22:00:00,8.9,356.0,45.9,,0.8
2025-03-19 23:00:00,8.2,357.0,52.2,0.3,0.9
2025-03-20 00:00:00,7.7,39.0,56.3,0.6,1.3
2025-03-20 01:00:00,7.0,15.0,60.4,0.5,1.0
2025-03-20 02:00:00,6.1,6.0,66.3,0.4,0.9
2025-03-20 03:00:00,5.8,0.0,69.3,0.5,1.0
2025-03-20 04:00:00,5.4,3.0,71.9,0.6,1.1
2025-03-20 05:00:00,5.2,340.0,73.0,,0.8
2025-03-20 06:00:00,5.2,357.0,73.4,,1.1
2025-03-20 07:00:00,6.8,83.0,67.2,0.5,1.7
2025-03-20 08:00:00,8.6,93.0,55.8,1.2,2.3
2025-03-20 09:00:00,9.7,93.0,51.9,0.8,2.5
2025-03-20 10:00:00,10.8,90.0,48.6,0.8,3.1
2025-03-20 11:00:00,12.0,194.0,44.9,0.8,4.2
2025-03-20 12:00:00,13.6,223.0,40.7,0.8,3.3
2025-03-20 13:00:00,15.0,276.0,34.2,,4.0
2025-03-20 14:00:00,15.8,245.0,30.7,0.4,3.6
2025-03-20 15:00:00,15.9,214.0,30.0,0.9,3.6
2025-03-20 16:00:00,15.0,202.0,29.5,1.1,3.8
2025-03-20 17:00:00,14.6,199.0,31.3,0.8,3.1
2025-03-20 18:00:00,14.0,202.0,38.6,1.3,2.8
2025-03-20 19:00:00,13.3,184.0,42.3,0.7,1.9
2025-03-20 20:00:00,12.6,158.0,45.2,0.5,1.6
2025-03-20 21:00:00,11.8,95.0,50.1,0.7,1.6
2025-03-20 22:00:00,11.1,73.0,54.8,,1.1
2025-03-20 23:00:00,10.5,51.0,56.9,0.6,1.5
2025-03-21 00:00:00,10.0,54.0,57.7,0.8,1.7
2025-03-21 01:00:00,9.4,39.0,60.7,0.8,1.7
2025-03-21 02:00:00,8.5,53.0,65.1,0.6,1.4
2025-03-21 03:00:00,8.4,12.0,65.0,,1.5
2025-03-21 04:00:00,8.7,57.0,63.6,,1.1
2025-03-21 05:00:00,9.4,85.0,59.0,1.1,2.2
2025-03-21 06:00:00,9.3,99.0,63.3,1.4,3.2
2025-03-21 07:00:00,9.2,78.0,68.3,1.3,2.7
2025-03-21 08:00:00,9.6,100.0,67.9,1.6,3.0
2025-03-21 09:00:00,10.0,97.0,67.3,1.4,2.8
2025-03-21 10:00:00,10.6,76.0,64.5,1.1,2.8
2025-03-21 11:00:00,11.2,113.0,61.8,0.7,2.4
2025-03-21 12:00:00,12.1,71.0,58.6,0.6,2.7
2025-03-21 13:00:00,12.7,99.0,56.9,0.8,2.6
2025-03-21 14:00:00,13.0,106.0,56.2,0.8,2.7
2025-03-21 15:00:00,12.9,124.0,58.5,1.2,3.2
2025-03-21 16:00:00,12.4,143.0,59.7,1.4,3.8
2025-03-21 17:00:00,12.0,186.0,60.0,0.8,2.7
2025-03-21 18:00:00,11.9,243.0,59.7,,1.7
2025-03-21 19:00:00,12.0,71.0,59.7,0.4,2.5
2025-03-21 20:00:00,11.9,77.0,61.8,1.7,4.8
2025-03-21 21:00:00,11.3,94.0,70.2,2.0,4.7
2025-03-21 22:00:00,11.0,93.0,73.2,2.1,4.7
2025-03-21 23:00:00,10.6,95.0,77.2,2.2,5.5
2025-03-22 00:00:00,9.9,75.0,84.7,2.2,5.4
2025-03-22 01:00:00,9.8,74.0,84.9,2.4,5.7
2025-03-22 02:00:00,9.2,46.0,92.6,1.1,3.8
2025-03-22 03:00:00,8.7,47.0,98.6,1.3,3.6
2025-03-22 04:00:00,8.8,57.0,99.2,1.3,2.8
2025-03-22 05:00:00,8.9,43.0,97.9,1.3,3.9
2025-03-22 06:00:00,8.7,346.0,99.2,0.7,2.3
2025-03-22 07:00:00,8.5,0.0,99.4,0.7,2.8
2025-03-22 08:00:00,8.8,22.0,99.4,,1.8
2025-03-22 09:00:00,9.1,41.0,99.4,0.7,2.3
2025-03-22 10:00:00,9.4,78.0,98.0,0.7,2.1
2025-03-22 11:00:00,9.5,107.0,96.9,1.4,4.5
2025-03-22 12:00:00,9.6,119.0,99.1,0.9,2.1
2025-03-22 13:00:00,10.1,96.0,98.8,1.0,2.5
2025-03-22 14:00:00,10.0,106.0,97.5,1.6,3.9
2025-03-22 15:00:00,10.0,88.0,99.3,1.8,4.1
2025-03-22 16:00:00,10.2,94.0,98.6,2.3,5.5
2025-03-22 17:00:00,10.1,96.0,98.9,1.9,4.2
2025-03-22 18:00:00,10.1,108.0,99.3,2.2,4.3
2025-03-22 19:00:00,10.2,101.0,99.4,2.6,5.5
2025-03-22 20:00:00,10.4,94.0,98.6,2.0,4.9
2025-03-22 21:00:00,10.1,92.0,98.3,2.6,7.5
2025-03-22 22:00:00,9.8,89.0,99.4,3.7,8.3
2025-03-22 23:00:00,9.6,105.0,99.4,3.0,7.5
2025-03-23 00:00:00,9.4,78.0,99.4,3.5,7.3
2025-03-23 01:00:00,9.5,79.0,99.4,3.6,7.8
2025-03-23 02:00:00,9.6,96.0,99.4,4.1,9.3
2025-03-23 03:00:00,9.7,102.0,99.4,3.4,7.7
2025-03-23 04:00:00,9.7,106.0,99.4,3.5,7.6
2025-03-23 05:00:00,9.7,110.0,99.4,2.7,7.0
2025-03-23 06:00:00,9.8,111.0,99.4,2.4,5.4
2025-03-23 07:00:00,9.3,128.0,99.4,0.9,4.6
2025-03-23 08:00:00,9.6,104.0,99.4,1.2,2.7
2025-03-23 09:00:00,10.1,86.0,99.4,1.3,3.2
2025-03-23 10:00:00,10.7,84.0,99.4,1.4,3.2
2025-03-23 11:00:00,11.0,71.0,99.4,1.5,4.9
2025-03-23 12:00:00,10.7,65.0,99.4,1.6,4.9
2025-03-23 13:00:00,10.9,61.0,96.1,1.6,4.8
2025-03-23 14:00:00,12.5,76.0,85.2,1.3,3.7
2025-03-23 15:00:00,13.1,114.0,79.3,1.1,4.0
2025-03-23 16:00:00,12.8,146.0,81.3,1.1,3.1
2025-03-23 17:00:00,12.5,164.0,84.1,0.7,2.1
2025-03-23 18:00:00,12.2,318.0,85.1,0.2,2.0
2025-03-23 19:00:00,12.0,348.0,88.6,0.6,1.8
2025-03-23 20:00:00,11.3,358.0,93.7,0.6,2.2
2025-03-23 21:00:00,10.7,355.0,94.2,0.6,2.0
2025-03-23 22:00:00,10.5,294.0,92.3,0.7,1.5
2025-03-23 23:00:00,10.5,302.0,91.3,0.4,1.3
2025-03-24 00:00:00,10.2,318.0,91.8,0.5,1.5
2025-03-24 01:00:00,10.1,324.0,91.6,,1.2
2025-03-24 02:00:00,9.9,286.0,92.1,0.5,1.6
2025-03-24 03:00:00,9.5,285.0,94.1,,1.7
2025-03-24 04:00:00,9.5,272.0,94.0,0.5,1.2
2025-03-24 05:00:00,9.7,330.0,92.5,,0.8
2025-03-24 06:00:00,9.7,309.0,92.5,0.5,1.5
2025-03-24 07:00:00,10.1,8.0,92.6,,0.9
2025-03-24 08:00:00,10.9,81.0,92.2,,1.0
2025-03-24 09:00:00,11.6,109.0,92.4,,1.5
2025-03-24 10:00:00,12.8,127.0,83.3,0.3,2.2
2025-03-24 11:00:00,13.4,210.0,76.3,1.0,3.5
2025-03-24 12:00:00,14.3,221.0,69.3,1.0,3.0
2025-03-24 13:00:00,15.4,250.0,62.5,1.0,3.5
2025-03-24 14:00:00,16.5,244.0,53.9,1.3,5.1
2025-03-24 15:00:00,16.6,234.0,53.3,0.8,3.5
2025-03-24 16:00:00,16.3,230.0,53.3,0.6,3.0
2025-03-24 17:00:00,15.7,264.0,54.1,0.9,3.0
2025-03-24 18:00:00,15.1,215.0,58.3,1.0,2.7
2025-03-24 19:00:00,14.3,217.0,63.5,0.8,2.7
2025-03-24 20:00:00,13.6,235.0,67.7,0.9,2.9
2025-03-24 21:00:00,12.6,266.0,73.3,0.8,2.4
2025-03-24 22:00:00,11.9,307.0,78.4,,1.0
2025-03-24 23:00:00,11.4,270.0,81.5,0.5,1.0
2025-03-25 00:00:00,11.0,313.0,83.5,,1.2
2025-03-25 01:00:00,10.2,315.0,86.6,0.5,1.3
2025-03-25 02:00:00,9.4,306.0,88.2,,0.9
2025-03-25 03:00:00,9.2,255.0,89.1,,0.9
2025-03-25 04:00:00,8.9,322.0,90.4,0.4,1.4
2025-03-25 05:00:00,8.6,51.0,90.1,0.7,2.2
2025-03-25 06:00:00,8.8,66.0,91.2,0.7,1.4
2025-03-25 07:00:00,10.0,67.0,83.7,0.7,2.3
2025-03-25 08:00:00,11.6,96.0,73.2,0.9,2.7
2025-03-25 09:00:00,13.3,101.0,65.9,1.2,3.5
2025-03-25 10:00:00,14.3,114.0,64.0,0.9,3.1
2025-03-25 11:00:00,15.7,119.0,59.5,0.8,3.3
2025-03-25 12:00:00,16.3,120.0,58.7,,2.8
2025-03-25 13:00:00,18.0,331.0,53.3,,3.2
2025-03-25 14:00:00,19.1,94.0,48.3,0.9,4.4
2025-03-25 15:00:00,19.1,112.0,47.2,1.9,5.1
2025-03-25 16:00:00,18.3,111.0,49.5,2.6,6.5
2025-03-25 17:00:00,16.9,113.0,54.7,2.5,5.5
2025-03-25 18:00:00,16.0,94.0,61.0,2.5,6.4
2025-03-25 19:00:00,15.1,83.0,64.6,1.5,3.2
2025-03-25 20:00:00,14.5,87.0,68.5,1.9,4.2
2025-03-25 21:00:00,14.0,85.0,72.8,1.9,4.5
2025-03-25 22:00:00,13.3,77.0,78.3,1.5,3.7
2025-03-25 23:00:00,12.8,78.0,79.4,1.5,3.9
2025-03-26 00:00:00,12.5,82.0,78.6,1.3,3.3
2025-03-26 01:00:00,12.3,52.0,78.7,0.8,2.3
2025-03-26 02:00:00,12.3,51.0,79.4,0.8,1.9
2025-03-26 03:00:00,11.6,320.0,83.1,0.4,1.3
2025-03-26 04:00:00,11.0,306.0,85.9,0.5,1.2
2025-03-26 05:00:00,10.5,313.0,87.6,,1.4
2025-03-26 06:00:00,10.4,296.0,86.3,0.6,1.3
2025-03-26 07:00:00,11.5,320.0,81.4,0.7,2.0
2025-03-26 08:00:00,13.0,308.0,72.0,,1.8
2025-03-26 09:00:00,14.3,237.0,64.5,0.8,2.7
2025-03-26 10:00:00,15.3,279.0,59.0,0.8,2.5
2025-03-26 11:00:00,16.0,257.0,56.3,0.9,3.3
2025-03-26 12:00:00,17.9,200.0,48.1,0.4,4.2
2025-03-26 13:00:00,19.5,217.0,44.5,1.0,3.5
2025-03-26 14:00:00,20.3,162.0,40.1,1.1,5.5
2025-03-26 15:00:00,20.1,130.0,37.5,1.6,5.2
2025-03-26 16:00:00,18.1,189.0,44.4,1.3,4.9
2025-03-26 17:00:00,18.2,149.0,46.7,1.2,3.8
2025-03-26 18:00:00,17.1,142.0,44.8,1.8,5.0
2025-03-26 19:00:00,16.5,110.0,45.4,1.7,4.3
2025-03-26 20:00:00,15.4,103.0,51.9,1.9,5.4
2025-03-26 21:00:00,14.1,117.0,58.1,1.2,5.4
2025-03-26 22:00:00,13.4,28.0,62.6,0.4,1.1
2025-03-26 23:00:00,13.0,32.0,65.6,0.4,1.1
2025-03-27 00:00:00,12.5,36.0,68.2,0.5,1.4
2025-03-27 01:00:00,11.6,354.0,72.7,0.6,1.4
2025-03-27 02:00:00,10.8,349.0,76.8,0.5,1.3
2025-03-27 03:00:00,10.3,316.0,78.3,0.5,1.2
2025-03-27 04:00:00,10.0,293.0,78.9,0.5,1.4
2025-03-27 05:00:00,9.7,294.0,80.2,0.8,1.7
2025-03-27 06:00:00,9.6,322.0,78.2,0.5,1.5
2025-03-27 07:00:00,11.0,197.0,71.9,,1.2
2025-03-27 08:00:00,12.9,214.0,66.0,0.6,2.3
2025-03-27 09:00:00,14.3,201.0,60.8,,2.8
2025-03-27 10:00:00,15.7,187.0,54.6,0.4,2.6
2025-03-27 11:00:00,17.4,186.0,44.8,0.5,3.0
2025-03-27 12:00:00,18.8,190.0,40.7,0.9,4.1
2025-03-27 13:00:00,19.5,186.0,37.3,1.4,4.1
2025-03-27 14:00:00,19.9,151.0,30.8,1.3,5.2
2025-03-27 15:00:00,20.1,172.0,27.6,0.8,3.9
2025-03-27 16:00:00,19.7,242.0,27.8,0.9,3.6
2025-03-27 17:00:00,19.3,231.0,29.1,0.7,2.7
2025-03-27 18:00:00,18.0,146.0,37.2,1.7,4.9
2025-03-27 19:00:00,16.8,120.0,45.0,2.9,9.5
2025-03-27 20:00:00,15.5,122.0,48.7,3.2,7.7
2025-03-27 21:00:00,14.9,99.0,49.2,2.3,6.3
2025-03-27 22:00:00,14.1,53.0,53.8,1.7,3.9
2025-03-27 23:00:00,13.5,44.0,56.6,1.5,3.3
2025-03-28 00:00:00,13.1,43.0,58.2,1.4,2.9
2025-03-28 01:00:00,12.7,42.0,59.7,1.0,2.7
2025-03-28 02:00:00,11.8,355.0,63.4,,1.8
2025-03-28 03:00:00,11.2,352.0,65.6,,1.4
2025-03-28 04:00:00,10.6,345.0,68.4,0.7,1.9
2025-03-28 05:00:00,10.1,357.0,70.8,0.6,1.4
2025-03-28 06:00:00,10.3,359.0,69.3,0.9,2.1
2025-03-28 07:00:00,11.4,12.0,64.0,0.8,2.3
2025-03-28 08:00:00,13.6,17.0,55.9,,2.0
2025-03-28 09:00:00,15.2,87.0,48.9,,1.9
2025-03-28 10:00:00,16.1,145.0,48.2,,3.1
2025-03-28 11:00:00,17.4,255.0,43.6,0.1,2.9
2025-03-28 12:00:00,18.6,205.0,39.2,0.2,3.5
2025-03-28 13:00:00,19.2,126.0,40.3,1.3,4.9
2025-03-28 14:00:00,19.4,158.0,38.5,0.9,3.1
2025-03-28 15:00:00,20.2,163.0,35.9,1.1,4.8
2025-03-28 16:00:00,19.4,194.0,34.6,1.1,4.1
2025-03-28 17:00:00,19.0,164.0,36.0,1.3,3.7
2025-03-28 18:00:00,18.2,130.0,40.4,1.8,4.0
2025-03-28 19:00:00,17.5,110.0,44.5,1.8,4.6
2025-03-28 20:00:00,16.8,112.0,48.7,1.8,4.9
2025-03-28 21:00:00,16.0,98.0,51.0,1.5,3.2
2025-03-28 22:00:00,15.5,54.0,55.3,1.5,3.6
2025-03-28 23:00:00,14.8,60.0,63.2,1.7,3.7
2025-03-29 00:00:00,14.4,66.0,64.5,1.2,3.1
2025-03-29 01:00:00,14.1,75.0,64.2,1.5,3.9
2025-03-29 02:00:00,13.6,74.0,65.5,1.6,4.1
2025-03-29 03:00:00,12.9,89.0,72.1,2.1,5.0
2025-03-29 04:00:00,12.3,93.0,77.0,2.2,5.5
2025-03-29 05:00:00,11.5,84.0,85.5,2.8,5.7
2025-03-29 06:00:00,11.3,80.0,90.1,2.5,5.8
2025-03-29 07:00:00,11.2,97.0,91.7,1.5,4.5
2025-03-29 08:00:00,11.4,135.0,93.1,0.3,3.0
2025-03-29 09:00:00,12.0,138.0,87.5,0.7,1.7
2025-03-29 10:00:00,12.9,137.0,81.1,1.0,3.5
2025-03-29 11:00:00,13.8,122.0,76.8,1.2,3.7
2025-03-29 12:00:00,14.9,156.0,68.8,1.3,4.7
2025-03-29 13:00:00,16.2,170.0,60.3,1.6,4.7
2025-03-29 14:00:00,16.6,159.0,59.2,1.2,4.2
2025-03-29 15:00:00,16.8,164.0,59.3,1.3,4.5
2025-03-29 16:00:00,16.3,172.0,59.9,1.2,4.2
2025-03-29 17:00:00,15.8,170.0,60.7,1.3,4.3
2025-03-29 18:00:00,15.0,150.0,67.6,1.6,4.6
2025-03-29 19:00:00,13.4,156.0,73.6,1.7,5.5
2025-03-29 20:00:00,13.0,149.0,73.4,1.3,3.9
2025-03-29 21:00:00,12.6,134.0,74.6,1.8,5.4
2025-03-29 22:00:00,12.3,91.0,76.9,1.1,2.9
2025-03-29 23:00:00,12.0,68.0,78.6,1.2,2.6
2025-03-30 00:00:00,11.6,43.0,80.1,0.5,1.6
2025-03-30 01:00:00,11.5,41.0,80.5,0.6,1.5
2025-03-30 02:00:00,11.0,353.0,83.1,0.4,0.9
2025-03-30 03:00:00,10.4,337.0,86.6,0.4,1.2
2025-03-30 04:00:00,10.0,327.0,88.5,0.4,1.0
2025-03-30 05:00:00,9.8,31.0,89.3,,1.2
2025-03-30 06:00:00,9.9,303.0,88.6,,1.2
2025-03-30 07:00:00,11.6,261.0,79.9,,1.7
2025-03-30 08:00:00,13.0,244.0,71.9,0.9,2.3
2025-03-30 09:00:00,14.7,246.0,64.2,0.8,2.8
2025-03-30 10:00:00,16.4,237.0,54.4,0.9,3.3
2025-03-30 11:00:00,17.9,209.0,46.7,0.8,4.1
2025-03-30 12:00:00,19.7,211.0,40.5,1.3,4.7
2025-03-30 13:00:00,21.3,209.0,33.3,1.3,5.3
2025-03-30 14:00:00,21.8,213.0,31.7,1.4,5.7
2025-03-30 15:00:00,21.7,207.0,31.6,1.4,5.2
2025-03-30 16:00:00,21.2,238.0,32.3,1.5,4.6
2025-03-30 17:00:00,20.6,236.0,33.3,0.9,3.3
2025-03-30 18:00:00,19.9,235.0,35.8,0.9,2.7
2025-03-30 19:00:00,18.6,260.0,40.5,0.6,1.5
2025-03-30 20:00:00,17.7,264.0,44.4,1.2,2.7
2025-03-30 21:00:00,16.8,343.0,48.0,0.4,2.6
2025-03-30 22:00:00,15.6,257.0,52.6,,1.8
2025-03-30 23:00:00,15.0,301.0,52.6,0.6,2.0
2025-03-31 00:00:00,14.6,318.0,46.1,0.8,3.6
2025-03-31 01:00:00,16.3,4.0,26.7,2.4,9.0
2025-03-31 02:00:00,16.7,23.0,24.8,3.7,9.5
2025-03-31 03:00:00,16.3,4.0,27.0,4.0,12.0
2025-03-31 04:00:00,15.4,360.0,27.5,2.2,6.9
2025-03-31 05:00:00,14.1,6.0,32.2,1.1,3.5
2025-03-31 06:00:00,14.3,312.0,31.4,1.4,3.9
2025-03-31 07:00:00,15.7,306.0,28.4,1.9,5.9
2025-03-31 08:00:00,17.1,301.0,25.5,1.9,5.6
2025-03-31 09:00:00,18.4,345.0,20.3,2.2,7.3
2025-03-31 10:00:00,19.0,350.0,17.3,2.6,10.7
2025-03-31 11:00:00,19.6,0.0,14.7,4.0,11.0
2025-03-31 12:00:00,20.6,358.0,13.3,3.5,10.2
2025-03-31 13:00:00,21.4,5.0,12.0,3.9,11.9
2025-03-31 14:00:00,21.6,5.0,11.3,3.7,13.1
2025-03-31 15:00:00,21.4,20.0,11.3,4.2,10.4
2025-03-31 16:00:00,20.4,4.0,12.4,4.2,10.8
2025-03-31 17:00:00,19.5,360.0,13.5,3.4,11.7
2025-03-31 18:00:00,18.2,1.0,15.6,3.3,9.2
2025-03-31 19:00:00,16.8,5.0,18.6,3.2,8.4
2025-03-31 20:00:00,15.8,12.0,20.9,3.4,9.8
2025-03-31 21:00:00,15.0,60.0,33.4,2.3,6.7
2025-03-31 22:00:00,13.8,53.0,58.1,1.1,3.4
2025-03-31 23:00:00,13.0,10.0,58.7,,1.2
2025-04-01 00:00:00,12.6,129.0,56.6,1.9,6.9
2025-04-01 01:00:00,11.3,114.0,59.5,1.4,4.0
2025-04-01 02:00:00,10.7,61.0,60.8,0.8,2.1
2025-04-01 03:00:00,10.1,347.0,63.6,0.5,2.2
2025-04-01 04:00:00,9.3,350.0,66.9,0.5,2.3
2025-04-01 05:00:00,9.1,29.0,66.7,0.3,1.2
2025-04-01 06:00:00,9.4,316.0,63.9,0.4,1.3
2025-04-01 07:00:00,11.3,16.0,52.2,0.3,1.4
2025-04-01 08:00:00,12.8,120.0,36.5,,1.4
2025-04-01 09:00:00,14.3,277.0,30.7,,3.1
2025-04-01 10:00:00,15.1,114.0,24.6,1.2,5.3
2025-04-01 11:00:00,15.9,109.0,21.2,1.7,7.3
2025-04-01 12:00:00,17.2,97.0,19.7,2.7,7.0
2025-04-01 13:00:00,17.8,82.0,19.8,2.9,8.1
2025-04-01 14:00:00,17.2,107.0,22.0,4.3,9.4
2025-04-01 15:00:00,16.4,110.0,23.7,3.5,8.3
2025-04-01 16:00:00,15.9,111.0,26.0,3.0,6.9
2025-04-01 17:00:00,15.5,115.0,27.9,2.9,6.4
2025-04-01 18:00:00,15.0,115.0,29.8,2.1,5.1
2025-04-01 19:00:00,14.7,91.0,31.5,1.5,4.1
2025-04-01 20:00:00,14.3,94.0,34.3,1.3,3.5
2025-04-01 21:00:00,14.0,85.0,36.1,0.7,1.6
2025-04-01 22:00:00,14.0,77.0,37.1,1.0,2.1
2025-04-01 23:00:00,13.7,155.0,39.8,0.5,2.2
2025-04-02 00:00:00,13.2,289.0,42.9,0.9,2.6
2025-04-02 01:00:00,13.1,312.0,42.3,0.5,2.0
2025-04-02 02:00:00,13.0,117.0,42.8,,1.0
2025-04-02 03:00:00,13.1,114.0,43.5,,1.4
2025-04-02 04:00:00,13.1,122.0,44.7,0.9,3.5
2025-04-02 05:00:00,12.8,71.0,48.5,1.5,5.7
2025-04-02 06:00:00,11.9,0.0,55.8,2.0,5.2
2025-04-02 07:00:00,12.0,4.0,53.6,1.7,4.6
2025-04-02 08:00:00,12.8,347.0,50.2,1.1,3.3
2025-04-02 09:00:00,13.9,316.0,46.1,1.0,3.3
2025-04-02 10:00:00,14.3,298.0,43.9,1.2,4.1
2025-04-02 11:00:00,15.6,103.0,41.1,0.9,3.9
2025-04-02 12:00:00,16.6,103.0,40.4,1.1,3.5
2025-04-02 13:00:00,17.1,86.0,39.7,0.8,3.5
2025-04-02 14:00:00,18.2,116.0,37.3,1.2,4.7
2025-04-02 15:00:00,17.8,119.0,39.5,0.9,3.6
2025-04-02 16:00:00,17.3,239.0,40.9,1.1,4.7
2025-04-02 17:00:00,16.7,246.0,42.3,1.0,3.2
2025-04-02 18:00:00,16.3,253.0,43.6,1.2,3.2
2025-04-02 19:00:00,15.2,217.0,56.4,1.0,3.0
2025-04-02 20:00:00,13.3,207.0,74.9,1.3,3.4
2025-04-02 21:00:00,11.9,203.0,78.7,1.7,3.9
2025-04-02 22:00:00,11.3,206.0,78.6,1.2,3.2
2025-04-02 23:00:00,11.1,207.0,79.0,0.8,2.8
2025-04-03 00:00:00,11.0,201.0,79.7,0.6,2.1
2025-04-03 01:00:00,10.6,242.0,80.1,0.7,2.2
2025-04-03 02:00:00,10.0,270.0,82.2,0.6,1.5
2025-04-03 03:00:00,9.9,281.0,84.5,0.7,1.2
2025-04-03 04:00:00,10.2,202.0,83.5,0.7,1.7
2025-04-03 05:00:00,10.3,259.0,82.2,0.4,1.1
2025-04-03 06:00:00,10.2,264.0,82.9,,1.5
2025-04-03 07:00:00,11.4,286.0,78.6,0.5,1.3
2025-04-03 08:00:00,13.2,321.0,67.8,0.3,2.0
2025-04-03 09:00:00,14.8,45.0,59.6,0.2,2.1
2025-04-03 10:00:00,16.3,119.0,53.9,,2.5
2025-04-03 11:00:00,17.4,175.0,47.3,0.7,3.7
2025-04-03 12:00:00,19.0,223.0,40.8,0.8,4.2
2025-04-03 13:00:00,20.5,130.0,37.5,0.6,4.2
2025-04-03 14:00:00,20.7,247.0,37.0,0.7,3.6
2025-04-03 15:00:00,20.9,186.0,35.6,0.7,3.5
2025-04-03 16:00:00,20.4,196.0,35.3,1.1,4.0
2025-04-03 17:00:00,19.9,218.0,35.6,0.7,2.9
2025-04-03 18:00:00,19.1,229.0,38.0,0.8,2.7
2025-04-03 19:00:00,17.9,201.0,41.7,0.5,1.3
2025-04-03 20:00:00,17.0,233.0,45.7,0.2,0.9
2025-04-03 21:00:00,15.9,334.0,50.9,,0.8
2025-04-03 22:00:00,15.1,26.0,55.3,0.4,0.8
2025-04-03 23:00:00,14.5,46.0,59.0,0.6,1.1
2025-04-04 00:00:00,13.8,46.0,62.4,0.8,1.5
2025-04-04 01:00:00,13.1,10.0,65.7,0.6,1.0
2025-04-04 02:00:00,12.4,340.0,69.3,0.5,1.1
2025-04-04 03:00:00,11.8,1.0,70.6,0.5,1.6
2025-04-04 04:00:00,11.4,9.0,72.1,,0.9
2025-04-04 05:00:00,11.5,87.0,72.5,0.6,1.5
2025-04-04 06:00:00,11.9,54.0,69.6,0.9,1.9
2025-04-04 07:00:00,13.5,65.0,63.6,1.0,2.6
2025-04-04 08:00:00,15.2,100.0,57.8,1.3,3.0
2025-04-04 09:00:00,17.0,87.0,51.6,0.9,2.9
2025-04-04 10:00:00,18.0,153.0,46.6,0.4,3.3
2025-04-04 11:00:00,18.8,227.0,43.0,0.4,3.6
2025-04-04 12:00:00,20.3,160.0,39.2,1.0,4.4
2025-04-04 13:00:00,21.5,148.0,35.5,0.9,4.8
2025-04-04 14:00:00,22.6,110.0,31.4,1.4,4.4
2025-04-04 15:00:00,22.1,130.0,33.3,1.3,4.8
2025-04-04 16:00:00,21.3,132.0,33.6,1.3,4.4
2025-04-04 17:00:00,20.6,150.0,35.8,1.6,4.2
2025-04-04 18:00:00,19.7,137.0,38.8,1.5,4.7
2025-04-04 19:00:00,18.7,109.0,43.7,1.7,4.0
2025-04-04 20:00:00,17.8,101.0,47.8,1.4,3.1
2025-04-04 21:00:00,17.0,74.0,51.4,0.9,2.1
2025-04-04 22:00:00,16.2,38.0,54.8,0.6,1.5
2025-04-04 23:00:00,15.3,46.0,59.0,0.7,2.1
2025-04-05 00:00:00,15.0,64.0,59.1,1.3,2.3
2025-04-05 01:00:00,14.7,53.0,60.0,0.9,2.2
2025-04-05 02:00:00,13.8,0.0,64.1,0.5,1.1
2025-04-05 03:00:00,13.2,323.0,66.2,0.5,1.2
2025-04-05 04:00:00,12.4,316.0,69.3,0.5,1.6
2025-04-05 05:00:00,12.2,334.0,69.2,0.5,1.3
2025-04-05 06:00:00,12.3,340.0,68.6,,1.1
2025-04-05 07:00:00,13.7,11.0,63.2,,1.1
2025-04-05 08:00:00,15.8,234.0,55.4,,1.9
2025-04-05 09:00:00,17.8,227.0,48.7,0.8,2.8
2025-04-05 10:00:00,19.1,242.0,44.8,1.1,3.5
2025-04-05 11:00:00,19.8,231.0,41.3,1.7,4.9
2025-04-05 12:00:00,21.2,243.0,37.9,1.6,6.6
2025-04-05 13:00:00,22.2,234.0,35.4,1.8,5.7
2025-04-05 14:00:00,22.9,248.0,34.1,1.7,6.2
2025-04-05 15:00:00,22.8,237.0,34.8,1.6,5.3
2025-04-05 16:00:00,22.5,239.0,35.2,1.7,5.3
2025-04-05 17:00:00,22.3,237.0,36.5,1.6,4.8
2025-04-05 18:00:00,21.5,235.0,40.0,1.2,4.2
2025-04-05 19:00:00,20.7,236.0,42.7,0.7,2.1
2025-04-05 20:00:00,19.6,223.0,38.9,2.0,6.1
2025-04-05 21:00:00,18.0,238.0,40.1,1.6,5.1
2025-04-05 22:00:00,16.6,256.0,44.3,1.9,5.6
2025-04-05 23:00:00,15.8,260.0,46.2,1.9,5.0
2025-04-06 00:00:00,15.3,251.0,47.5,1.6,4.7
2025-04-06 01:00:00,14.9,241.0,49.6,1.4,4.1
2025-04-06 02:00:00,14.2,237.0,55.0,1.5,4.6
2025-04-06 03:00:00,13.7,235.0,59.2,1.6,4.8
2025-04-06 04:00:00,13.1,245.0,64.4,1.0,3.3
2025-04-06 05:00:00,12.5,237.0,68.6,1.0,2.8
2025-04-06 06:00:00,12.5,236.0,70.2,0.8,2.8
2025-04-06 07:00:00,13.3,249.0,67.1,0.8,2.8
2025-04-06 08:00:00,15.2,234.0,59.3,0.4,1.6
2025-04-06 09:00:00,18.0,138.0,49.5,0.7,3.6
2025-04-06 10:00:00,19.6,92.0,48.6,4.0,9.3
2025-04-06 11:00:00,19.2,108.0,54.2,4.4,9.9
2025-04-06 12:00:00,20.0,106.0,48.5,4.2,10.3
2025-04-06 13:00:00,20.2,100.0,46.4,5.7,12.1
2025-04-06 14:00:00,19.6,95.0,45.2,6.0,13.4
2025-04-06 15:00:00,18.2,104.0,47.0,6.1,13.2
2025-04-06 16:00:00,16.6,102.0,47.6,5.4,12.5
2025-04-06 17:00:00,15.2,106.0,47.3,6.0,14.4
2025-04-06 18:00:00,13.8,106.0,45.8,6.0,14.2
2025-04-06 19:00:00,12.7,97.0,46.6,4.3,10.1
2025-04-06 20:00:00,11.8,89.0,48.9,3.9,9.8
2025-04-06 21:00:00,11.2,88.0,50.1,3.6,8.0
2025-04-06 22:00:00,10.4,82.0,50.9,3.6,7.3
2025-04-06 23:00:00,10.1,83.0,45.4,3.8,7.6
2025-04-07 00:00:00,10.3,76.0,41.8,3.4,7.3
2025-04-07 01:00:00,10.4,65.0,40.8,2.8,6.1
2025-04-07 02:00:00,10.5,59.0,41.0,1.8,4.6
2025-04-07 03:00:00,10.7,64.0,39.8,2.2,5.5
2025-04-07 04:00:00,10.7,79.0,40.1,2.6,6.0
2025-04-07 05:00:00,10.7,76.0,40.5,3.0,6.1
2025-04-07 06:00:00,10.5,91.0,41.5,3.0,6.9
2025-04-07 07:00:00,10.2,89.0,47.7,2.9,7.0
2025-04-07 08:00:00,10.5,99.0,51.1,2.4,5.4
2025-04-07 09:00:00,11.2,120.0,51.7,2.5,6.3
2025-04-07 10:00:00,12.4,108.0,47.0,2.8,7.1
2025-04-07 11:00:00,12.7,96.0,42.4,2.4,7.7
2025-04-07 12:00:00,14.1,86.0,37.8,2.2,7.5
2025-04-07 13:00:00,14.6,61.0,37.4,2.1,6.5
2025-04-07 14:00:00,15.3,93.0,35.5,1.6,5.2
2025-04-07 15:00:00,15.0,71.0,37.0,1.8,6.4
2025-04-07 16:00:00,14.7,75.0,38.9,1.1,5.3
2025-04-07 17:00:00,14.5,105.0,40.0,2.1,5.1
2025-04-07 18:00:00,13.8,113.0,43.5,2.8,6.1
2025-04-07 19:00:00,13.0,109.0,46.6,2.8,5.9
2025-04-07 20:00:00,12.2,103.0,50.7,3.1,7.4
2025-04-07 21:00:00,11.2,103.0,54.6,3.7,7.2
2025-04-07 22:00:00,10.3,88.0,57.6,3.2,7.2
2025-04-07 23:00:00,9.4,93.0,59.5,3.5,7.8
2025-04-08 00:00:00,8.7,82.0,58.9,3.0,6.3
2025-04-08 01:00:00,8.5,80.0,57.5,2.9,7.2
2025-04-08 02:00:00,8.7,82.0,56.4,3.0,7.8
2025-04-08 03:00:00,8.9,74.0,56.4,2.3,5.7
2025-04-08 04:00:00,8.8,72.0,56.6,2.2,4.6
2025-04-08 05:00:00,9.0,70.0,55.6,2.0,4.4
2025-04-08 06:00:00,9.3,86.0,52.8,2.3,5.6
2025-04-08 07:00:00,9.4,87.0,52.1,2.1,4.7
2025-04-08 08:00:00,9.5,102.0,52.4,1.7,4.2
2025-04-08 09:00:00,9.7,81.0,52.5,1.0,3.0
2025-04-08 10:00:00,10.6,48.0,49.0,0.9,3.3
2025-04-08 11:00:00,11.0,3.0,47.0,0.7,2.8
2025-04-08 12:00:00,12.0,3.0,43.5,0.6,3.2
2025-04-08 13:00:00,13.9,355.0,39.4,0.7,4.3
2025-04-08 14:00:00,14.5,315.0,37.9,0.2,3.5
2025-04-08 15:00:00,15.1,105.0,37.3,1.1,4.5
2025-04-08 16:00:00,14.4,92.0,39.2,0.7,3.1
2025-04-08 17:00:00,14.2,100.0,41.2,1.9,5.2
2025-04-08 18:00:00,13.6,131.0,42.6,1.1,3.1
2025-04-08 19:00:00,12.8,94.0,45.7,1.1,2.4
2025-04-08 20:00:00,12.4,100.0,47.5,0.9,2.1
2025-04-08 21:00:00,11.8,314.0,50.5,0.5,1.3
2025-04-08 22:00:00,11.4,310.0,52.5,0.7,1.7
2025-04-08 23:00:00,10.7,347.0,56.0,0.5,1.7
2025-04-09 00:00:00,10.0,2.0,59.5,,0.8
2025-04-09 01:00:00,9.4,330.0,63.8,0.4,1.0
2025-04-09 02:00:00,8.9,335.0,66.5,0.5,1.0
2025-04-09 03:00:00,8.3,351.0,69.5,0.5,1.4
2025-04-09 04:00:00,8.1,5.0,71.1,,0.9
2025-04-09 05:00:00,8.0,337.0,71.3,,0.9
2025-04-09 06:00:00,8.4,345.0,70.5,,0.9
2025-04-09 07:00:00,10.3,3.0,63.6,,1.7
2025-04-09 08:00:00,12.0,81.0,52.8,0.8,2.5
2025-04-09 09:00:00,13.1,123.0,49.6,0.2,2.2
2025-04-09 10:00:00,14.0,248.0,46.4,0.7,3.2
2025-04-09 11:00:00,15.0,234.0,41.0,1.0,4.4
2025-04-09 12:00:00,16.4,231.0,38.9,1.2,5.3
2025-04-09 13:00:00,17.4,236.0,37.3,1.3,5.3
2025-04-09 14:00:00,17.8,257.0,37.1,1.0,5.0
2025-04-09 15:00:00,17.7,217.0,38.1,1.2,4.8
2025-04-09 16:00:00,17.3,202.0,39.9,1.6,5.7
2025-04-09 17:00:00,16.9,232.0,42.9,1.4,5.2
2025-04-09 18:00:00,16.1,229.0,47.6,1.5,3.7
2025-04-09 19:00:00,15.3,213.0,51.6,1.1,3.3
2025-04-09 20:00:00,14.8,217.0,54.9,0.7,2.1
2025-04-09 21:00:00,14.1,235.0,59.4,0.5,1.8
2025-04-09 22:00:00,13.4,272.0,62.8,0.7,1.6
2025-04-09 23:00:00,12.8,263.0,66.0,0.8,2.2
2025-04-10 00:00:00,12.1,286.0,69.1,0.9,2.1
2025-04-10 01:00:00,11.4,290.0,71.5,0.8,1.4
2025-04-10 02:00:00,11.0,308.0,72.7,0.6,1.4
2025-04-10 03:00:00,10.4,49.0,75.0,0.5,1.5
2025-04-10 04:00:00,10.4,56.0,72.3,1.2,2.3
2025-04-10 05:00:00,9.9,57.0,73.1,0.8,2.0
2025-04-10 06:00:00,10.2,54.0,71.7,0.9,2.0
2025-04-10 07:00:00,11.6,80.0,66.1,,1.5
2025-04-10 08:00:00,13.2,72.0,61.2,0.2,2.0
2025-04-10 09:00:00,15.1,152.0,56.5,0.5,2.8
2025-04-10 10:00:00,16.3,191.0,53.9,0.8,4.0
2025-04-10 11:00:00,16.8,199.0,50.2,0.5,3.9
2025-04-10 12:00:00,18.7,251.0,42.3,0.8,3.5
2025-04-10 13:00:00,20.3,233.0,37.2,0.8,3.5
2025-04-10 14:00:00,21.3,320.0,33.6,0.6,3.6
2025-04-10 15:00:00,21.4,221.0,32.4,0.2,3.1
2025-04-10 16:00:00,20.9,229.0,32.6,0.7,4.5
2025-04-10 17:00:00,20.7,248.0,33.3,0.9,3.5
2025-04-10 18:00:00,20.0,216.0,36.0,0.9,2.6
2025-04-10 19:00:00,18.8,127.0,39.9,1.2,4.0
2025-04-10 20:00:00,17.5,112.0,44.7,1.3,2.6
2025-04-10 21:00:00,16.7,99.0,47.5,1.3,2.4
2025-04-10 22:00:00,15.9,67.0,51.0,1.3,2.4
2025-04-10 23:00:00,15.0,41.0,55.4,,1.2
2025-04-11 00:00:00,14.2,11.0,59.5,0.5,1.0
2025-04-11 01:00:00,13.3,343.0,63.5,,0.8
2025-04-11 02:00:00,12.7,11.0,67.3,,0.7
2025-04-11 03:00:00,12.2,19.0,70.1,0.5,0.9
2025-04-11 04:00:00,11.7,354.0,71.8,,1.1
2025-04-11 05:00:00,11.4,321.0,72.1,0.4,0.9
2025-04-11 06:00:00,11.8,318.0,70.2,0.3,1.0
2025-04-11 07:00:00,13.7,266.0,63.0,,1.9
2025-04-11 08:00:00,15.3,245.0,55.7,1.2,4.3
2025-04-11 09:00:00,16.7,241.0,50.9,1.7,4.6
2025-04-11 10:00:00,18.2,243.0,46.3,1.9,5.4
2025-04-11 11:00:00,19.3,243.0,43.2,1.7,5.0
2025-04-11 12:00:00,21.3,244.0,38.8,1.6,6.3
2025-04-11 13:00:00,22.8,231.0,35.4,2.0,6.8
2025-04-11 14:00:00,23.6,230.0,33.7,1.8,6.2
2025-04-11 15:00:00,23.5,222.0,36.7,2.1,6.8
2025-04-11 16:00:00,22.5,224.0,44.9,2.0,5.9
2025-04-11 17:00:00,21.2,215.0,50.4,2.3,6.5
2025-04-11 18:00:00,19.4,225.0,55.6,2.5,7.4
2025-04-11 19:00:00,17.7,230.0,60.2,2.0,6.8
2025-04-11 20:00:00,16.4,235.0,64.8,1.7,5.9
2025-04-11 21:00:00,15.3,260.0,69.7,1.9,6.0
2025-04-11 22:00:00,14.7,263.0,72.4,1.8,5.0
2025-04-11 23:00:00,14.3,265.0,75.2,1.4,3.6
2025-04-12 00:00:00,13.8,292.0,77.9,0.9,2.8
2025-04-12 01:00:00,13.2,292.0,81.8,1.1,2.3
2025-04-12 02:00:00,13.0,303.0,82.2,0.8,2.3
2025-04-12 03:00:00,12.7,354.0,83.5,0.6,2.4
2025-04-12 04:00:00,12.6,274.0,84.5,0.9,2.3
2025-04-12 05:00:00,12.5,304.0,85.4,0.6,1.4
2025-04-12 06:00:00,12.8,0.0,84.4,0.5,1.8
2025-04-12 07:00:00,14.1,304.0,78.2,0.4,2.4
2025-04-12 08:00:00,15.5,227.0,68.2,1.3,3.6
2025-04-12 09:00:00,16.7,198.0,58.9,0.7,3.5
2025-04-12 10:00:00,18.1,231.0,54.0,0.5,3.2
2025-04-12 11:00:00,18.6,238.0,52.6,1.1,4.1
2025-04-12 12:00:00,19.5,293.0,49.5,0.9,4.3
2025-04-12 13:00:00,19.7,59.0,49.0,1.0,4.3
2025-04-12 14:00:00,20.1,172.0,47.8,0.8,3.2
2025-04-12 15:00:00,20.1,167.0,47.3,0.6,2.9
2025-04-12 16:00:00,20.2,177.0,46.7,0.9,3.1
2025-04-12 17:00:00,20.2,220.0,46.3,0.9,2.9
2025-04-12 18:00:00,19.6,241.0,49.0,1.1,4.3
2025-04-12 19:00:00,18.8,256.0,52.4,1.1,3.1
2025-04-12 20:00:00,18.3,237.0,52.1,1.2,4.3
2025-04-12 21:00:00,17.7,256.0,49.4,1.3,3.5
2025-04-12 22:00:00,16.9,224.0,56.3,1.0,2.6
2025-04-12 23:00:00,15.9,276.0,64.2,1.1,2.3
2025-04-13 00:00:00,16.1,278.0,59.3,0.9,2.7
2025-04-13 01:00:00,16.0,286.0,57.8,0.7,2.1
2025-04-13 02:00:00,15.9,254.0,57.1,0.7,2.4
2025-04-13 03:00:00,15.5,266.0,56.9,0.8,2.5
2025-04-13 04:00:00,15.1,243.0,58.6,0.3,2.1
2025-04-13 05:00:00,14.0,224.0,69.2,0.3,5.0
2025-04-13 06:00:00,13.3,197.0,76.3,1.1,4.1
2025-04-13 07:00:00,13.2,221.0,77.3,1.0,3.1
2025-04-13 08:00:00,12.9,261.0,78.1,1.2,3.6
2025-04-13 09:00:00,13.2,278.0,80.3,1.1,3.2
2025-04-13 10:00:00,14.4,290.0,75.5,0.8,3.0
2025-04-13 11:00:00,14.7,280.0,71.2,0.7,2.7
2025-04-13 12:00:00,15.4,276.0,66.9,,1.9
2025-04-13 13:00:00,16.2,301.0,59.9,0.4,1.8
2025-04-13 14:00:00,17.0,3.0,56.4,0.7,2.6
2025-04-13 15:00:00,17.5,86.0,52.1,1.4,4.0
2025-04-13 16:00:00,17.4,118.0,53.9,1.5,3.6
2025-04-13 17:00:00,17.1,117.0,58.0,1.6,5.2
2025-04-13 18:00:00,16.1,131.0,65.9,1.9,5.0
2025-04-13 19:00:00,15.2,119.0,71.6,1.9,4.5
2025-04-13 20:00:00,14.7,115.0,73.7,2.3,4.6
2025-04-13 21:00:00,14.2,105.0,76.1,2.2,4.8
2025-04-13 22:00:00,13.8,103.0,77.0,2.2,5.0
2025-04-13 23:00:00,13.5,94.0,79.1,2.0,5.8
2025-04-14 00:00:00,13.1,79.0,85.1,1.1,2.9
2025-04-14 01:00:00,12.8,68.0,88.6,1.1,2.2
2025-04-14 02:00:00,12.4,63.0,92.6,1.0,2.1
2025-04-14 03:00:00,12.5,38.0,94.1,1.0,2.6
2025-04-14 04:00:00,12.3,59.0,98.0,1.1,2.8
2025-04-14 05:00:00,12.5,69.0,98.9,1.4,4.4
2025-04-14 06:00:00,12.6,93.0,93.2,2.8,8.3
2025-04-14 07:00:00,12.2,109.0,92.1,2.3,6.2
2025-04-14 08:00:00,12.3,89.0,93.8,2.2,5.0
2025-04-14 09:00:00,12.5,73.0,96.0,1.8,4.9
2025-04-14 10:00:00,12.7,53.0,95.8,1.5,3.8
2025-04-14 11:00:00,13.1,42.0,94.8,1.3,3.9
2025-04-14 12:00:00,13.4,57.0,90.0,2.0,6.3
2025-04-14 13:00:00,13.3,73.0,90.5,2.8,6.5
2025-04-14 14:00:00,12.8,67.0,99.1,2.1,5.6
2025-04-14 15:00:00,12.6,47.0,99.4,2.2,4.8
2025-04-14 16:00:00,12.6,52.0,99.4,1.9,4.6
2025-04-14 17:00:00,12.8,39.0,98.2,1.3,3.7
2025-04-14 18:00:00,12.9,57.0,97.8,1.5,3.5
2025-04-14 19:00:00,12.9,50.0,99.2,1.6,4.3
2025-04-14 20:00:00,12.6,49.0,99.4,1.7,3.7
2025-04-14 21:00:00,12.5,13.0,99.4,0.6,2.4
2025-04-14 22:00:00,12.4,354.0,99.4,0.6,2.3
2025-04-14 23:00:00,12.3,357.0,99.4,0.8,2.6
2025-04-15 00:00:00,12.3,356.0,99.4,0.8,2.8
2025-04-15 01:00:00,12.3,9.0,99.4,1.1,2.4
2025-04-15 02:00:00,12.2,24.0,99.4,1.4,3.4
2025-04-15 03:00:00,12.2,21.0,99.4,1.3,4.2
2025-04-15 04:00:00,12.2,13.0,99.4,1.0,2.3
2025-04-15 05:00:00,12.3,6.0,99.4,0.9,2.5
2025-04-15 06:00:00,12.4,4.0,99.4,1.0,2.5
2025-04-15 07:00:00,12.5,8.0,99.4,1.0,2.2
2025-04-15 08:00:00,12.9,38.0,99.4,,2.2
2025-04-15 09:00:00,12.9,51.0,99.4,0.8,2.0
2025-04-15 10:00:00,13.2,56.0,99.4,1.0,2.3
2025-04-15 11:00:00,13.5,80.0,99.4,1.5,2.9
2025-04-15 12:00:00,14.0,99.0,99.4,2.0,4.5
2025-04-15 13:00:00,14.5,98.0,99.4,1.9,3.9
2025-04-15 14:00:00,15.2,108.0,98.3,1.4,3.5
2025-04-15 15:00:00,15.8,71.0,93.5,1.6,3.3
2025-04-15 16:00:00,16.5,70.0,87.6,1.9,4.5
2025-04-15 17:00:00,16.4,76.0,86.6,2.1,4.4
2025-04-15 18:00:00,16.2,81.0,87.6,2.1,4.5
2025-04-15 19:00:00,15.9,85.0,90.4,1.8,4.2
2025-04-15 20:00:00,15.5,84.0,93.3,1.6,3.2
2025-04-15 21:00:00,15.6,98.0,92.9,2.3,5.4
2025-04-15 22:00:00,15.3,83.0,93.6,2.8,5.6
2025-04-15 23:00:00,15.0,83.0,93.4,2.9,6.3
2025-04-16 00:00:00,15.1,88.0,92.5,3.5,7.6
2025-04-16 01:00:00,14.9,96.0,94.3,3.1,6.5
2025-04-16 02:00:00,14.3,102.0,98.5,3.2,7.3
2025-04-16 03:00:00,14.2,101.0,99.3,3.3,7.7
2025-04-16 04:00:00,14.0,99.0,99.3,3.6,8.1
2025-04-16 05:00:00,13.9,104.0,99.2,2.9,8.0
2025-04-16 06:00:00,14.0,105.0,97.3,3.9,9.9
2025-04-16 07:00:00,14.5,102.0,93.9,4.7,10.9
2025-04-16 08:00:00,15.0,106.0,90.9,5.4,13.7
2025-04-16 09:00:00,15.7,94.0,88.2,4.3,9.6
2025-04-16 10:00:00,16.4,105.0,87.6,2.9,8.1
2025-04-16 11:00:00,18.3,114.0,75.7,5.1,12.2
2025-04-16 12:00:00,18.5,97.0,72.8,5.2,12.0
2025-04-16 13:00:00,18.1,102.0,78.0,5.1,13.7
2025-04-16 14:00:00,17.1,109.0,90.4,4.5,10.7
2025-04-16 15:00:00,17.1,108.0,84.1,5.3,15.0
2025-04-16 16:00:00,15.9,91.0,92.2,4.9,11.2
2025-04-16 17:00:00,15.5,95.0,93.3,5.4,15.9
2025-04-16 18:00:00,14.6,105.0,98.5,4.0,9.4
2025-04-16 19:00:00,14.8,106.0,97.6,5.6,14.1
2025-04-16 20:00:00,15.3,107.0,89.3,6.8,15.8
2025-04-16 21:00:00,14.9,108.0,92.7,6.1,14.2
2025-04-16 22:00:00,15.4,108.0,87.0,7.0,18.0
2025-04-16 23:00:00,14.7,109.0,93.8,6.0,16.5
2025-04-17 00:00:00,14.3,97.0,97.5,4.5,11.0
2025-04-17 01:00:00,14.4,84.0,95.3,4.6,10.6
2025-04-17 02:00:00,14.5,101.0,94.5,3.5,8.9
2025-04-17 03:00:00,14.2,86.0,98.7,5.8,16.7
2025-04-17 04:00:00,14.5,89.0,93.7,3.6,8.5
2025-04-17 05:00:00,15.2,89.0,83.1,5.8,15.7
2025-04-17 06:00:00,15.7,100.0,72.1,8.9,21.2
2025-04-17 07:00:00,13.4,93.0,91.8,8.0,18.8
2025-04-17 08:00:00,13.0,69.0,96.1,7.2,17.6
2025-04-17 09:00:00,14.6,72.0,85.7,5.0,12.2
2025-04-17 10:00:00,16.7,77.0,73.6,5.2,13.9
2025-04-17 11:00:00,16.9,87.0,69.5,6.1,15.8
2025-04-17 12:00:00,16.8,79.0,65.9,6.7,14.9
2025-04-17 13:00:00,17.3,80.0,61.6,4.8,10.5
2025-04-17 14:00:00,14.9,87.0,82.1,4.1,15.0
2025-04-17 15:00:00,14.6,61.0,84.0,4.3,11.3
2025-04-17 16:00:00,13.3,74.0,93.1,2.7,6.8
2025-04-17 17:00:00,13.1,65.0,98.0,3.1,7.8
2025-04-17 18:00:00,12.3,160.0,96.9,0.8,6.4
2025-04-17 19:00:00,11.9,99.0,98.0,,3.0
2025-04-17 20:00:00,12.1,37.0,97.7,0.6,1.4
2025-04-17 21:00:00,11.9,23.0,98.5,0.4,1.9
2025-04-17 22:00:00,11.8,53.0,95.4,0.9,2.1
2025-04-17 23:00:00,11.7,16.0,92.2,,1.1
2025-04-18 00:00:00,11.9,118.0,95.0,,1.1
2025-04-18 01:00:00,11.7,111.0,92.9,0.5,1.2
2025-04-18 02:00:00,11.7,55.0,92.7,,0.6
2025-04-18 03:00:00,11.8,279.0,93.3,0.6,1.4
2025-04-18 04:00:00,11.9,316.0,93.7,0.4,1.4
2025-04-18 05:00:00,11.8,89.0,94.9,,1.0
2025-04-18 06:00:00,12.0,165.0,95.5,,1.3
2025-04-18 07:00:00,12.5,227.0,91.1,0.6,2.0
2025-04-18 08:00:00,13.6,246.0,82.9,1.0,3.1
2025-04-18 09:00:00,14.9,268.0,70.8,0.5,2.2
2025-04-18 10:00:00,16.0,229.0,64.2,1.0,2.9
2025-04-18 11:00:00,17.0,229.0,60.7,1.1,4.0
2025-04-18 12:00:00,17.3,233.0,60.9,0.9,6.1
2025-04-18 13:00:00,19.0,212.0,54.3,1.0,4.4
2025-04-18 14:00:00,18.4,233.0,56.3,1.3,3.9
2025-04-18 15:00:00,19.0,200.0,52.9,1.4,5.1
2025-04-18 16:00:00,19.0,205.0,51.2,1.4,4.5
2025-04-18 17:00:00,18.5,194.0,51.3,1.3,4.5
2025-04-18 18:00:00,17.9,195.0,55.3,1.3,4.7
2025-04-18 19:00:00,16.8,219.0,62.6,1.8,5.8
2025-04-18 20:00:00,15.6,225.0,63.4,1.4,5.7
2025-04-18 21:00:00,14.8,271.0,67.3,1.1,3.3
2025-04-18 22:00:00,14.3,279.0,69.7,1.0,2.7
2025-04-18 23:00:00,13.9,286.0,71.4,1.2,3.1
2025-04-19 00:00:00,13.4,285.0,74.6,1.4,3.1
2025-04-19 01:00:00,13.3,277.0,75.3,1.2,3.7
2025-04-19 02:00:00,13.1,272.0,75.7,1.0,3.6
2025-04-19 03:00:00,13.1,272.0,75.1,1.2,3.8
2025-04-19 04:00:00,13.4,270.0,73.1,1.0,3.7
2025-04-19 05:00:00,13.4,295.0,73.1,0.9,2.7
2025-04-19 06:00:00,13.4,302.0,74.2,1.1,2.4
2025-04-19 07:00:00,13.9,336.0,72.7,0.3,1.7
2025-04-19 08:00:00,14.2,50.0,71.1,0.7,2.3
2025-04-19 09:00:00,14.5,41.0,70.8,0.5,1.9
2025-04-19 10:00:00,15.3,72.0,67.1,0.7,2.2
2025-04-19 11:00:00,15.8,30.0,65.6,1.0,3.0
2025-04-19 12:00:00,15.6,44.0,67.7,1.5,3.2
2025-04-19 13:00:00,16.4,44.0,65.0,1.4,3.7
2025-04-19 14:00:00,16.7,63.0,63.2,1.1,3.2
2025-04-19 15:00:00,16.9,51.0,61.8,0.8,2.9
2025-04-19 16:00:00,17.5,100.0,59.7,1.1,3.3
2025-04-19 17:00:00,17.2,80.0,59.6,1.3,3.1
2025-04-19 18:00:00,16.8,58.0,63.1,1.3,3.0
2025-04-19 19:00:00,16.6,72.0,67.7,1.6,3.5
2025-04-19 20:00:00,16.4,83.0,70.6,1.1,2.5
2025-04-19 21:00:00,15.9,68.0,75.2,1.0,2.6
2025-04-19 22:00:00,15.8,52.0,73.6,0.9,1.6
2025-04-19 23:00:00,15.7,66.0,74.2,1.5,3.9
2025-04-20 00:00:00,15.4,67.0,75.2,2.0,5.3
2025-04-20 01:00:00,14.7,75.0,78.7,2.5,4.9
2025-04-20 02:00:00,14.4,91.0,80.6,2.4,4.6
2025-04-20 03:00:00,14.1,103.0,82.1,2.4,4.3
2025-04-20 04:00:00,13.7,91.0,83.5,2.4,5.1
2025-04-20 05:00:00,13.6,98.0,79.7,3.1,6.4
2025-04-20 06:00:00,13.5,101.0,81.0,3.9,8.4
2025-04-20 07:00:00,13.9,101.0,78.9,4.1,8.9
2025-04-20 08:00:00,14.4,91.0,77.7,4.0,9.0
2025-04-20 09:00:00,15.1,91.0,73.9,4.6,9.6
2025-04-20 10:00:00,15.6,98.0,74.3,3.5,10.3
2025-04-20 11:00:00,14.8,100.0,87.0,1.6,5.7
2025-04-20 12:00:00,15.3,72.0,89.5,,4.1
2025-04-20 13:00:00,16.8,79.0,79.3,2.7,5.8
2025-04-20 14:00:00,17.9,104.0,70.2,2.6,6.1
2025-04-20 15:00:00,17.7,103.0,70.3,3.9,8.0
2025-04-20 16:00:00,17.7,97.0,71.7,3.4,6.8
2025-04-20 17:00:00,17.2,97.0,72.6,3.0,7.1
2025-04-20 18:00:00,16.7,88.0,74.6,2.7,5.2
2025-04-20 19:00:00,16.0,74.0,78.3,2.1,4.7
2025-04-20 20:00:00,15.5,66.0,82.6,1.2,3.7
2025-04-20 21:00:00,15.1,74.0,83.8,1.7,3.6
2025-04-20 22:00:00,14.7,82.0,84.5,2.3,4.6
2025-04-20 23:00:00,14.1,108.0,86.7,2.0,4.2
2025-04-21 00:00:00,13.8,82.0,84.8,1.0,4.5
2025-04-21 01:00:00,13.3,41.0,84.4,0.7,1.8
2025-04-21 02:00:00,13.3,54.0,87.9,0.9,1.9
2025-04-21 03:00:00,13.2,56.0,89.0,0.8,1.9
2025-04-21 04:00:00,12.6,60.0,89.7,,0.9
2025-04-21 05:00:00,12.0,330.0,91.6,0.5,1.4
2025-04-21 06:00:00,11.9,319.0,91.8,0.4,1.3
2025-04-21 07:00:00,12.9,326.0,84.5,0.4,1.7
2025-04-21 08:00:00,14.3,281.0,79.2,0.5,2.0
2025-04-21 09:00:00,15.6,241.0,70.0,0.9,3.5
2025-04-21 10:00:00,16.2,235.0,64.9,1.1,3.1
2025-04-21 11:00:00,16.9,242.0,60.3,0.8,3.2
2025-04-21 12:00:00,18.0,227.0,54.8,1.0,3.4
2025-04-21 13:00:00,18.4,215.0,51.2,0.6,3.9
2025-04-21 14:00:00,19.4,185.0,47.4,0.7,3.2
2025-04-21 15:00:00,19.6,231.0,44.2,0.9,3.5
2025-04-21 16:00:00,19.4,204.0,45.0,0.9,4.1
2025-04-21 17:00:00,19.2,229.0,45.7,1.2,3.3
2025-04-21 18:00:00,18.7,249.0,49.3,1.3,3.2
2025-04-21 19:00:00,17.8,224.0,54.8,1.0,2.7
2025-04-21 20:00:00,16.9,216.0,61.2,0.9,2.3
2025-04-21 21:00:00,16.2,206.0,64.9,1.1,1.8
2025-04-21 22:00:00,15.4,226.0,68.3,0.7,1.7
2025-04-21 23:00:00,14.4,323.0,73.8,0.6,1.2
2025-04-22 00:00:00,13.8,313.0,76.6,0.7,1.6
2025-04-22 01:00:00,13.1,23.0,80.1,0.1,1.5
2025-04-22 02:00:00,12.4,352.0,83.0,,0.9
2025-04-22 03:00:00,12.2,28.0,85.1,0.3,1.0
2025-04-22 04:00:00,11.6,341.0,87.5,,0.9
2025-04-22 05:00:00,11.5,47.0,88.8,0.6,1.5
2025-04-22 06:00:00,12.7,55.0,82.8,0.8,2.0
2025-04-22 07:00:00,14.9,91.0,67.6,0.7,2.0
2025-04-22 08:00:00,16.3,61.0,60.3,0.6,2.8
2025-04-22 09:00:00,17.9,105.0,54.8,0.7,2.5
2025-04-22 10:00:00,20.1,256.0,47.0,0.4,3.2
2025-04-22 11:00:00,20.4,222.0,46.5,0.7,3.5
2025-04-22 12:00:00,22.4,177.0,42.3,0.5,2.9
2025-04-22 13:00:00,23.4,135.0,38.1,0.8,3.7
2025-04-22 14:00:00,23.5,212.0,36.6,0.9,3.8
2025-04-22 15:00:00,23.1,177.0,37.5,0.7,3.1
2025-04-22 16:00:00,23.0,259.0,38.8,0.7,3.5
2025-04-22 17:00:00,22.7,144.0,38.4,0.9,4.5
2025-04-22 18:00:00,21.8,154.0,41.5,1.3,5.3
2025-04-22 19:00:00,20.3,161.0,45.1,0.7,1.8
2025-04-22 20:00:00,19.4,145.0,49.1,0.5,1.5
2025-04-22 21:00:00,18.3,29.0,56.7,,0.8
2025-04-22 22:00:00,17.3,1.0,63.0,0.7,1.9
2025-04-22 23:00:00,16.3,4.0,67.0,,1.0
2025-04-23 00:00:00,15.5,335.0,69.0,0.5,0.9
2025-04-23 01:00:00,15.0,304.0,70.0,0.8,1.6
2025-04-23 02:00:00,14.7,307.0,70.9,0.6,1.6
2025-04-23 03:00:00,14.5,265.0,70.9,0.4,1.3
2025-04-23 04:00:00,14.1,264.0,72.8,0.5,1.1
2025-04-23 05:00:00,13.7,294.0,73.8,0.5,1.3
2025-04-23 06:00:00,13.7,13.0,75.0,,1.0
2025-04-23 07:00:00,14.9,114.0,70.7,,1.2
2025-04-23 08:00:00,17.7,90.0,62.1,1.5,3.4
2025-04-23 09:00:00,19.5,103.0,55.8,2.1,4.5
2025-04-23 10:00:00,21.9,103.0,50.6,2.4,5.8
2025-04-23 11:00:00,21.7,103.0,49.2,2.4,6.2
2025-04-23 12:00:00,23.2,104.0,45.1,2.0,6.6
2025-04-23 13:00:00,23.6,96.0,47.2,3.5,8.1
2025-04-23 14:00:00,23.4,94.0,46.7,3.1,8.1
2025-04-23 15:00:00,22.4,109.0,49.1,3.7,9.0
2025-04-23 16:00:00,22.1,112.0,49.6,3.7,8.5
2025-04-23 17:00:00,20.6,125.0,60.6,3.6,8.4
2025-04-23 18:00:00,19.5,114.0,60.9,3.0,8.0
2025-04-23 19:00:00,19.0,99.0,56.5,2.5,5.7
2025-04-23 20:00:00,18.1,262.0,66.5,0.9,4.5
2025-04-23 21:00:00,16.0,285.0,85.2,1.3,3.9
2025-04-23 22:00:00,14.7,262.0,93.8,0.5,2.6
2025-04-23 23:00:00,14.0,156.0,96.1,,1.6
2025-04-24 00:00:00,12.4,296.0,99.3,1.5,9.0
2025-04-24 01:00:00,11.7,307.0,99.4,1.9,5.7
2025-04-24 02:00:00,12.1,353.0,99.4,1.8,6.8
2025-04-24 03:00:00,11.6,3.0,89.2,2.7,7.3
2025-04-24 04:00:00,11.9,28.0,83.0,1.0,4.8
2025-04-24 05:00:00,12.2,86.0,89.0,1.1,2.6
2025-04-24 06:00:00,12.8,196.0,84.6,0.2,2.6
2025-04-24 07:00:00,13.3,223.0,78.5,0.5,1.8
2025-04-24 08:00:00,14.2,255.0,71.2,0.5,1.6
2025-04-24 09:00:00,15.5,4.0,62.2,,1.1
2025-04-24 10:00:00,17.4,124.0,54.8,0.7,2.7
2025-04-24 11:00:00,17.9,226.0,55.0,0.4,2.1
2025-04-24 12:00:00,18.6,246.0,53.6,0.6,2.8
2025-04-24 13:00:00,19.1,288.0,48.9,0.7,2.8
2025-04-24 14:00:00,21.0,10.0,41.4,0.7,4.8
2025-04-24 15:00:00,21.4,309.0,36.7,0.9,4.2
2025-04-24 16:00:00,21.3,26.0,33.5,1.2,5.0
2025-04-24 17:00:00,21.1,1.0,33.6,0.9,2.7
2025-04-24 18:00:00,20.5,16.0,36.6,0.6,2.7
2025-04-24 19:00:00,19.3,229.0,45.3,,2.4
2025-04-24 20:00:00,18.2,334.0,38.3,0.7,2.2
2025-04-24 21:00:00,16.9,314.0,43.9,1.0,3.1
2025-04-24 22:00:00,16.1,315.0,42.9,1.1,2.9
2025-04-24 23:00:00,15.0,341.0,45.3,0.7,2.6
2025-04-25 00:00:00,14.5,352.0,46.4,0.6,1.9
2025-04-25 01:00:00,13.6,293.0,50.7,0.5,1.6
2025-04-25 02:00:00,13.0,76.0,57.5,0.5,2.6
2025-04-25 03:00:00,12.7,68.0,61.7,0.8,2.8
2025-04-25 04:00:00,12.6,68.0,73.4,0.8,2.1
2025-04-25 05:00:00,12.0,352.0,77.0,0.4,1.7
2025-04-25 06:00:00,12.6,15.0,74.6,0.7,2.4
2025-04-25 07:00:00,15.1,59.0,69.9,0.9,2.7
2025-04-25 08:00:00,16.8,91.0,59.7,1.2,3.5
2025-04-25 09:00:00,17.9,187.0,54.9,0.5,2.9
2025-04-25 10:00:00,20.0,217.0,48.6,0.8,3.8
2025-04-25 11:00:00,20.1,212.0,47.0,0.7,3.8
2025-04-25 12:00:00,22.3,231.0,40.0,0.7,4.9
2025-04-25 13:00:00,23.2,195.0,38.6,1.1,4.4
2025-04-25 14:00:00,23.3,176.0,32.7,1.9,5.9
2025-04-25 15:00:00,23.2,174.0,31.0,1.3,5.5
2025-04-25 16:00:00,22.6,144.0,35.8,2.0,7.0
2025-04-25 17:00:00,20.5,99.0,40.1,3.3,8.8
2025-04-25 18:00:00,17.7,55.0,58.4,2.8,9.0
2025-04-25 19:00:00,16.2,65.0,63.6,3.4,7.7
2025-04-25 20:00:00,15.5,69.0,72.4,3.0,6.2
2025-04-25 21:00:00,15.2,67.0,72.7,2.2,4.8
2025-04-25 22:00:00,14.7,59.0,72.5,1.9,4.1
2025-04-25 23:00:00,14.4,50.0,70.9,1.3,2.9
2025-04-26 00:00:00,14.0,45.0,70.5,1.2,3.0
2025-04-26 01:00:00,13.8,45.0,71.0,1.3,2.7
2025-04-26 02:00:00,13.4,46.0,71.1,1.3,2.8
2025-04-26 03:00:00,12.4,334.0,76.0,0.5,1.1
2025-04-26 04:00:00,11.8,346.0,80.0,0.5,2.1
2025-04-26 05:00:00,11.6,333.0,81.8,0.4,1.2
2025-04-26 06:00:00,12.4,35.0,77.7,,1.4
2025-04-26 07:00:00,14.9,52.0,66.5,,1.8
2025-04-26 08:00:00,17.0,73.0,54.3,0.6,2.2
2025-04-26 09:00:00,18.2,122.0,48.9,0.7,3.5
2025-04-26 10:00:00,20.9,84.0,41.6,1.3,4.3
2025-04-26 11:00:00,20.4,114.0,43.0,1.0,4.9
2025-04-26 12:00:00,21.8,137.0,39.4,1.0,4.6
2025-04-26 13:00:00,23.1,122.0,36.2,1.2,5.8
2025-04-26 14:00:00,23.2,97.0,35.0,2.2,6.3
2025-04-26 15:00:00,22.8,107.0,36.2,2.7,7.8
2025-04-26 16:00:00,22.1,96.0,42.3,3.1,7.0
2025-04-26 17:00:00,21.1,96.0,44.1,2.8,6.2
2025-04-26 18:00:00,20.1,94.0,45.8,2.6,5.3
2025-04-26 19:00:00,19.3,87.0,49.3,2.6,5.6
2025-04-26 20:00:00,19.0,86.0,53.1,2.1,4.3
2025-04-26 21:00:00,18.7,71.0,55.2,2.1,4.2
2025-04-26 22:00:00,18.3,65.0,57.2,1.7,3.9
2025-04-26 23:00:00,18.0,89.0,57.9,1.8,4.6
2025-04-27 00:00:00,17.4,96.0,60.1,2.2,5.3
2025-04-27 01:00:00,16.7,87.0,64.8,1.9,5.3
2025-04-27 02:00:00,15.2,80.0,77.9,1.7,4.7
2025-04-27 03:00:00,14.4,40.0,86.3,1.1,3.4
2025-04-27 04:00:00,14.2,7.0,90.6,1.3,3.4
2025-04-27 05:00:00,14.3,8.0,89.6,0.9,2.7
2025-04-27 06:00:00,14.6,73.0,88.4,,2.1
2025-04-27 07:00:00,15.0,348.0,85.2,0.9,2.9
2025-04-27 08:00:00,15.3,344.0,84.5,0.8,2.7
2025-04-27 09:00:00,17.2,353.0,71.5,1.0,3.0
2025-04-27 10:00:00,18.4,70.0,63.1,0.5,3.3
2025-04-27 11:00:00,18.7,87.0,60.5,1.1,3.4
2025-04-27 12:00:00,19.5,118.0,57.5,0.9,3.5
2025-04-27 13:00:00,21.0,113.0,51.0,0.7,4.8
2025-04-27 14:00:00,21.1,122.0,50.4,1.5,4.3
2025-04-27 15:00:00,21.3,85.0,49.6,1.4,4.0
2025-04-27 16:00:00,21.2,73.0,50.1,2.2,5.2
2025-04-27 17:00:00,19.3,98.0,64.6,2.2,6.2
2025-04-27 18:00:00,18.7,30.0,65.6,1.3,5.1
2025-04-27 19:00:00,17.9,6.0,63.3,1.5,4.9
2025-04-27 20:00:00,17.2,336.0,67.1,0.7,2.2
2025-04-27 21:00:00,16.6,317.0,70.5,0.6,1.9
2025-04-27 22:00:00,16.0,339.0,73.1,0.6,1.9
2025-04-27 23:00:00,15.4,5.0,75.5,0.8,2.2
2025-04-28 00:00:00,14.7,335.0,78.9,0.5,1.5
2025-04-28 01:00:00,14.4,325.0,80.5,0.6,1.7
2025-04-28 02:00:00,13.9,346.0,82.2,0.6,1.8
2025-04-28 03:00:00,13.9,5.0,82.1,,1.9
2025-04-28 04:00:00,14.0,54.0,81.7,0.7,1.6
2025-04-28 05:00:00,13.9,67.0,82.8,0.7,1.5
2025-04-28 06:00:00,14.7,69.0,78.4,0.9,2.2
2025-04-28 07:00:00,17.0,38.0,67.0,0.8,2.3
2025-04-28 08:00:00,18.8,96.0,52.8,2.0,5.4
2025-04-28 09:00:00,19.8,122.0,48.9,1.8,4.7
2025-04-28 10:00:00,21.3,145.0,45.7,1.4,4.8
2025-04-28 11:00:00,21.2,206.0,45.8,1.0,3.8
2025-04-28 12:00:00,22.4,171.0,42.8,0.9,3.9
2025-04-28 13:00:00,22.9,195.0,42.4,1.0,4.6
2025-04-28 14:00:00,23.0,182.0,42.1,0.9,4.3
2025-04-28 15:00:00,23.3,129.0,41.8,1.0,3.6
2025-04-28 16:00:00,22.8,120.0,42.1,1.2,3.3
2025-04-28 17:00:00,22.5,114.0,42.3,1.0,3.8
2025-04-28 18:00:00,22.1,118.0,44.0,1.5,3.4
2025-04-28 19:00:00,21.0,113.0,46.6,1.3,2.7
2025-04-28 20:00:00,20.1,90.0,50.7,0.5,1.3
2025-04-28 21:00:00,19.2,33.0,56.5,0.7,2.2
2025-04-28 22:00:00,18.6,68.0,60.9,1.4,2.9
2025-04-28 23:00:00,17.9,48.0,65.4,0.8,1.8
2025-04-29 00:00:00,17.4,51.0,67.7,1.1,2.8
2025-04-29 01:00:00,16.7,47.0,70.0,0.9,1.8
2025-04-29 02:00:00,16.1,339.0,73.2,,1.2
2025-04-29 03:00:00,15.7,315.0,75.6,0.5,1.0
2025-04-29 04:00:00,15.2,339.0,78.5,0.6,1.4
2025-04-29 05:00:00,14.9,342.0,80.1,0.4,1.4
2025-04-29 06:00:00,15.7,294.0,77.0,,1.1
2025-04-29 07:00:00,17.3,210.0,69.8,0.6,1.8
2025-04-29 08:00:00,18.7,241.0,63.1,0.4,1.6
2025-04-29 09:00:00,20.6,174.0,55.3,0.4,2.6
2025-04-29 10:00:00,22.5,240.0,46.8,0.7,3.5
2025-04-29 11:00:00,23.1,217.0,45.8,0.9,3.7
2025-04-29 12:00:00,24.1,232.0,42.7,0.9,4.0
2025-04-29 13:00:00,24.9,200.0,40.9,1.1,4.8
2025-04-29 14:00:00,25.2,165.0,38.4,0.8,4.7
2025-04-29 15:00:00,25.2,253.0,37.1,0.5,3.6
2025-04-29 16:00:00,25.1,193.0,35.9,0.6,3.7
2025-04-29 17:00:00,24.9,207.0,34.7,0.8,3.2
2025-04-29 18:00:00,24.2,205.0,33.7,0.6,2.5
2025-04-29 19:00:00,23.1,141.0,35.8,0.7,2.2
2025-04-29 20:00:00,22.2,170.0,38.8,0.6,1.4
2025-04-29 21:00:00,21.3,190.0,42.7,0.6,2.1
2025-04-29 22:00:00,20.2,340.0,49.1,0.4,1.4
2025-04-29 23:00:00,19.1,56.0,55.4,0.7,1.5
2025-04-30 00:00:00,18.4,58.0,61.8,1.0,1.6
2025-04-30 01:00:00,17.8,57.0,67.3,1.0,1.9
2025-04-30 02:00:00,16.9,49.0,71.7,,1.1
2025-04-30 03:00:00,16.3,359.0,73.1,0.4,1.1
2025-04-30 04:00:00,16.3,359.0,71.9,0.4,1.5
2025-04-30 05:00:00,16.1,315.0,72.9,0.4,1.0
2025-04-30 06:00:00,16.8,347.0,69.4,0.4,1.6
2025-04-30 07:00:00,18.6,19.0,61.2,,1.5
2025-04-30 08:00:00,20.5,89.0,52.2,0.6,2.3
2025-04-30 09:00:00,21.9,102.0,47.5,0.5,2.6
2025-04-30 10:00:00,24.2,146.0,42.5,0.4,3.9
2025-04-30 11:00:00,24.3,187.0,42.6,1.0,3.9
2025-04-30 12:00:00,25.4,218.0,39.6,1.0,4.0
2025-04-30 13:00:00,26.2,253.0,37.5,1.5,4.6
2025-04-30 14:00:00,26.3,234.0,37.0,0.8,4.9
2025-04-30 15:00:00,26.1,225.0,37.9,0.9,4.0
2025-04-30 16:00:00,26.0,202.0,37.5,1.2,4.5
2025-04-30 17:00:00,25.7,221.0,35.8,1.3,4.8
2025-04-30 18:00:00,25.3,204.0,35.9,0.9,3.0
2025-04-30 19:00:00,24.4,203.0,39.0,1.0,2.2
2025-04-30 20:00:00,23.3,183.0,43.6,0.9,2.5
2025-04-30 21:00:00,22.6,169.0,46.3,0.8,2.0
2025-04-30 22:00:00,21.4,45.0,51.9,1.0,1.9
2025-04-30 23:00:00,20.3,55.0,59.8,0.9,1.9
2025-05-01 00:00:00,19.4,40.0,66.2,0.7,1.4
2025-05-01 01:00:00,18.6,17.0,70.9,,0.8
2025-05-01 02:00:00,17.9,355.0,73.3,0.4,1.1
2025-05-01 03:00:00,17.4,345.0,74.5,0.3,0.7
2025-05-01 04:00:00,17.0,33.0,76.0,,0.7
2025-05-01 05:00:00,16.8,76.0,75.9,,1.4
2025-05-01 06:00:00,17.6,71.0,70.2,0.5,1.6
2025-05-01 07:00:00,19.6,88.0,61.9,0.7,2.0
2025-05-01 08:00:00,21.3,104.0,55.0,1.0,2.8
2025-05-01 09:00:00,22.9,99.0,50.4,1.2,3.2
2025-05-01 10:00:00,24.9,127.0,43.6,0.6,3.2
2025-05-01 11:00:00,25.3,214.0,38.9,1.1,4.6
2025-05-01 12:00:00,26.6,237.0,36.0,1.2,6.8
2025-05-01 13:00:00,27.2,260.0,32.1,1.4,5.3
2025-05-01 14:00:00,27.4,249.0,32.8,2.0,6.9
2025-05-01 15:00:00,27.4,244.0,30.1,1.8,5.8
2025-05-01 16:00:00,27.3,244.0,30.9,1.4,4.2
2025-05-01 17:00:00,27.1,248.0,30.5,1.0,4.6
2025-05-01 18:00:00,26.4,245.0,30.6,0.9,3.2
2025-05-01 19:00:00,25.5,200.0,34.1,1.1,2.9
2025-05-01 20:00:00,24.2,191.0,37.6,0.9,2.7
2025-05-01 21:00:00,23.3,212.0,42.6,1.0,1.9
2025-05-01 22:00:00,22.1,318.0,47.8,0.3,1.6
2025-05-01 23:00:00,20.7,30.0,54.5,0.6,1.7
2025-05-02 00:00:00,19.7,24.0,59.3,0.5,1.3
2025-05-02 01:00:00,18.9,20.0,62.5,,1.0
2025-05-02 02:00:00,18.3,33.0,65.4,0.7,1.2
2025-05-02 03:00:00,17.9,16.0,68.0,,0.9
2025-05-02 04:00:00,17.3,19.0,70.7,0.4,0.9
2025-05-02 05:00:00,17.2,58.0,70.6,0.7,1.8
2025-05-02 06:00:00,17.9,337.0,66.7,0.4,1.5
2025-05-02 07:00:00,20.1,17.0,59.7,,2.4
2025-05-02 08:00:00,22.5,79.0,49.3,1.2,3.0
2025-05-02 09:00:00,23.8,96.0,45.4,1.0,3.0
2025-05-02 10:00:00,25.8,131.0,40.8,0.7,2.3
2025-05-02 11:00:00,26.8,213.0,38.0,0.5,3.3
2025-05-02 12:00:00,28.0,215.0,32.7,0.7,3.9
2025-05-02 13:00:00,28.7,253.0,29.3,1.1,4.8
2025-05-02 14:00:00,28.9,253.0,25.3,2.0,5.9
2025-05-02 15:00:00,28.6,260.0,25.3,2.0,6.5
2025-05-02 16:00:00,28.1,253.0,26.2,1.3,4.5
2025-05-02 17:00:00,27.6,254.0,28.3,1.5,3.8
2025-05-02 18:00:00,26.9,277.0,29.0,1.1,3.1
2025-05-02 19:00:00,25.6,247.0,30.1,0.6,1.6
2025-05-02 20:00:00,25.1,214.0,31.3,1.5,4.5
2025-05-02 21:00:00,24.3,220.0,32.8,1.6,5.1
2025-05-02 22:00:00,23.3,221.0,31.6,1.1,4.0
2025-05-02 23:00:00,21.9,287.0,34.3,0.8,2.6
2025-05-03 00:00:00,20.6,294.0,38.5,1.1,2.3
2025-05-03 01:00:00,20.2,291.0,39.1,1.3,2.5
2025-05-03 02:00:00,20.1,293.0,41.0,1.1,2.7
2025-05-03 03:00:00,19.7,289.0,44.4,0.8,2.4
2025-05-03 04:00:00,19.1,314.0,49.3,0.8,1.9
2025-05-03 05:00:00,19.0,284.0,52.2,0.5,1.7
2025-05-03 06:00:00,19.7,248.0,40.0,1.0,3.0
2025-05-03 07:00:00,20.4,247.0,36.7,0.9,4.1
2025-05-03 08:00:00,21.3,251.0,36.3,1.5,5.5
2025-05-03 09:00:00,22.4,230.0,34.7,1.3,3.7
2025-05-03 10:00:00,22.9,229.0,35.0,1.7,6.6
2025-05-03 11:00:00,23.8,215.0,34.0,2.1,6.2
2025-05-03 12:00:00,24.3,210.0,34.2,1.6,6.0
2025-05-03 13:00:00,25.0,212.0,33.9,1.5,6.4
2025-05-03 14:00:00,25.5,203.0,30.9,2.0,7.4
2025-05-03 15:00:00,25.3,210.0,33.5,1.9,6.5
2025-05-03 16:00:00,24.8,210.0,36.9,1.9,7.2
2025-05-03 17:00:00,23.4,208.0,40.8,2.9,7.2
2025-05-03 18:00:00,22.2,214.0,40.0,2.8,7.6
2025-05-03 19:00:00,21.5,225.0,41.1,1.7,5.9
2025-05-03 20:00:00,20.8,242.0,45.0,1.5,5.1
2025-05-03 21:00:00,19.8,231.0,50.2,1.6,5.3
2025-05-03 22:00:00,18.6,232.0,58.7,1.7,4.9
2025-05-03 23:00:00,17.9,253.0,61.7,1.6,4.7
2025-05-04 00:00:00,17.4,257.0,60.6,1.3,4.4
2025-05-04 01:00:00,17.1,263.0,60.9,1.3,3.5
2025-05-04 02:00:00,16.8,269.0,61.8,1.4,4.0
2025-05-04 03:00:00,16.4,285.0,64.7,1.1,3.2
2025-05-04 04:00:00,16.4,256.0,64.5,1.0,3.2
2025-05-04 05:00:00,16.3,277.0,65.8,1.0,3.0
2025-05-04 06:00:00,16.6,271.0,68.3,1.1,4.0
2025-05-04 07:00:00,17.6,250.0,68.0,2.1,7.4
2025-05-04 08:00:00,18.9,254.0,63.7,2.3,6.9
2025-05-04 09:00:00,19.2,237.0,63.4,2.2,7.6
2025-05-04 10:00:00,19.6,241.0,63.0,2.1,6.8
2025-05-04 11:00:00,20.3,237.0,62.0,1.8,5.8
2025-05-04 12:00:00,21.3,227.0,60.1,1.8,5.3
2025-05-04 13:00:00,22.0,214.0,56.6,2.0,6.1
2025-05-04 14:00:00,21.6,213.0,56.7,2.0,5.9
2025-05-04 15:00:00,21.4,220.0,53.4,2.2,6.6
2025-05-04 16:00:00,21.3,221.0,51.5,1.8,6.1
2025-05-04 17:00:00,20.9,210.0,53.8,2.4,7.9
2025-05-04 18:00:00,20.6,208.0,56.8,1.7,5.1
2025-05-04 19:00:00,20.0,210.0,59.5,1.6,4.6
2025-05-04 20:00:00,18.8,199.0,68.0,1.3,3.9
2025-05-04 21:00:00,18.4,95.0,73.8,1.2,3.8
2025-05-04 22:00:00,18.1,95.0,77.0,1.7,4.6
2025-05-04 23:00:00,17.1,58.0,87.8,2.1,5.2
2025-05-05 00:00:00,16.4,43.0,94.7,2.2,5.7
2025-05-05 01:00:00,16.3,71.0,96.9,2.4,6.2
2025-05-05 02:00:00,16.3,107.0,96.9,2.2,6.0
2025-05-05 03:00:00,16.4,112.0,93.5,2.4,5.6
2025-05-05 04:00:00,16.5,106.0,91.3,2.3,5.5
2025-05-05 05:00:00,16.5,97.0,88.9,2.9,6.6
2025-05-05 06:00:00,16.6,98.0,87.3,2.0,5.0
2025-05-05 07:00:00,17.6,91.0,82.3,2.0,5.4
2025-05-05 08:00:00,19.1,93.0,74.8,2.2,5.3
2025-05-05 09:00:00,20.1,100.0,66.8,1.9,4.9
2025-05-05 10:00:00,20.1,119.0,64.3,2.0,5.7
2025-05-05 11:00:00,19.7,135.0,65.0,1.9,6.6
2025-05-05 12:00:00,20.2,150.0,61.5,1.9,9.0
2025-05-05 13:00:00,18.2,337.0,69.0,1.3,8.7
2025-05-05 14:00:00,16.4,329.0,89.1,0.8,3.8
2025-05-05 15:00:00,17.1,9.0,83.4,1.8,4.6
2025-05-05 16:00:00,17.2,360.0,81.8,1.0,3.4
2025-05-05 17:00:00,16.4,357.0,83.7,1.2,3.7
2025-05-05 18:00:00,15.2,72.0,94.2,1.1,3.5
2025-05-05 19:00:00,14.8,65.0,99.3,1.7,3.9
2025-05-05 20:00:00,14.4,54.0,99.3,2.0,4.6
2025-05-05 21:00:00,13.9,31.0,99.3,1.3,2.9
2025-05-05 22:00:00,14.0,17.0,99.4,1.0,2.9
2025-05-05 23:00:00,13.9,49.0,99.3,1.5,4.6
2025-05-06 00:00:00,13.9,104.0,99.3,3.3,9.4
2025-05-06 01:00:00,13.7,101.0,99.4,3.1,8.0
2025-05-06 02:00:00,13.6,91.0,99.3,3.0,8.5
2025-05-06 03:00:00,13.4,90.0,99.3,2.8,6.6
2025-05-06 04:00:00,13.6,88.0,99.3,2.0,4.9
2025-05-06 05:00:00,13.6,77.0,99.3,2.3,5.8
2025-05-06 06:00:00,13.7,55.0,99.3,1.5,3.7
2025-05-06 07:00:00,14.0,73.0,99.1,1.5,5.3
2025-05-06 08:00:00,14.6,72.0,97.2,2.7,5.6
2025-05-06 09:00:00,16.1,87.0,82.2,2.7,6.7
2025-05-06 10:00:00,16.9,102.0,74.5,2.6,6.3
2025-05-06 11:00:00,17.6,100.0,68.6,2.6,5.6
2025-05-06 12:00:00,18.5,105.0,64.7,2.2,6.2
2025-05-06 13:00:00,19.5,109.0,61.6,2.2,5.9
2025-05-06 14:00:00,19.2,126.0,61.8,2.3,5.9
2025-05-06 15:00:00,18.5,112.0,65.7,2.0,5.0
2025-05-06 16:00:00,17.4,132.0,73.1,1.4,4.0
2025-05-06 17:00:00,17.3,138.0,74.6,1.8,4.5
2025-05-06 18:00:00,17.0,114.0,77.4,2.4,5.5
2025-05-06 19:00:00,16.6,102.0,82.2,2.6,5.7
2025-05-06 20:00:00,16.1,93.0,81.5,3.1,6.1
2025-05-06 21:00:00,15.7,94.0,85.3,2.9,7.7
2025-05-06 22:00:00,15.1,80.0,92.4,2.5,5.8
2025-05-06 23:00:00,15.1,75.0,91.4,2.8,5.5
2025-05-07 00:00:00,14.9,90.0,92.4,2.9,6.9
2025-05-07 01:00:00,14.6,104.0,93.0,2.0,5.0
2025-05-07 02:00:00,14.8,113.0,90.5,1.5,4.8
2025-05-07 03:00:00,14.6,111.0,90.9,2.1,5.3
2025-05-07 04:00:00,14.4,106.0,90.3,2.5,5.3
2025-05-07 05:00:00,14.3,109.0,87.4,2.7,5.7
2025-05-07 06:00:00,14.7,93.0,85.3,2.8,6.1
2025-05-07 07:00:00,15.4,102.0,77.1,2.8,6.2
2025-05-07 08:00:00,16.5,94.0,70.6,2.7,6.1
2025-05-07 09:00:00,17.1,89.0,67.2,2.7,6.0
2025-05-07 10:00:00,18.1,71.0,63.5,2.7,5.9
2025-05-07 11:00:00,17.2,85.0,70.5,2.3,5.8
2025-05-07 12:00:00,13.9,98.0,93.8,1.2,4.4
2025-05-07 13:00:00,13.3,101.0,95.7,1.8,4.6
2025-05-07 14:00:00,12.9,92.0,94.4,1.4,3.3
2025-05-07 15:00:00,13.6,48.0,89.4,2.4,5.6
2025-05-07 16:00:00,14.4,50.0,80.8,2.3,6.7
2025-05-07 17:00:00,14.2,54.0,77.3,1.5,3.2
2025-05-07 18:00:00,14.3,86.0,75.4,0.8,2.9
2025-05-07 19:00:00,14.4,104.0,73.4,0.5,1.6
2025-05-07 20:00:00,14.1,95.0,73.0,0.8,1.6
2025-05-07 21:00:00,13.8,61.0,75.7,1.0,2.3
2025-05-07 22:00:00,13.6,42.0,78.4,,1.1
2025-05-07 23:00:00,13.6,198.0,79.3,0.6,1.9
2025-05-08 00:00:00,13.8,208.0,78.3,0.8,2.1
2025-05-08 01:00:00,13.5,250.0,84.7,1.0,2.5
2025-05-08 02:00:00,13.2,296.0,90.5,0.8,2.1
2025-05-08 03:00:00,12.8,8.0,93.9,,1.0
2025-05-08 04:00:00,12.8,95.0,92.7,0.7,1.4
2025-05-08 05:00:00,12.9,66.0,86.5,1.3,2.2
2025-05-08 06:00:00,13.2,80.0,85.7,1.3,2.8
2025-05-08 07:00:00,13.7,113.0,83.8,1.1,2.8
2025-05-08 08:00:00,13.7,167.0,83.7,0.6,3.1
2025-05-08 09:00:00,13.4,225.0,86.9,0.8,2.7
2025-05-08 10:00:00,14.3,222.0,80.4,,2.0
2025-05-08 11:00:00,15.4,271.0,69.1,0.8,2.3
2025-05-08 12:00:00,16.9,71.0,62.4,1.0,3.9
2025-05-08 13:00:00,17.5,79.0,61.6,1.3,3.8
2025-05-08 14:00:00,18.0,93.0,60.1,1.6,4.3
2025-05-08 15:00:00,18.2,119.0,60.1,2.2,5.9
2025-05-08 16:00:00,18.7,93.0,58.2,2.4,5.7
2025-05-08 17:00:00,18.2,90.0,57.5,2.8,5.7
2025-05-08 18:00:00,17.8,88.0,61.6,2.5,5.8
2025-05-08 19:00:00,16.9,77.0,66.8,2.2,4.4
2025-05-08 20:00:00,16.2,78.0,70.2,2.5,5.7
2025-05-08 21:00:00,15.4,88.0,75.6,2.7,6.3
2025-05-08 22:00:00,14.9,77.0,79.1,3.0,5.9
2025-05-08 23:00:00,14.9,90.0,78.4,3.0,7.7
2025-05-09 00:00:00,14.6,97.0,77.5,3.0,7.4
2025-05-09 01:00:00,14.2,70.0,82.4,2.2,5.9
2025-05-09 02:00:00,13.6,69.0,86.0,2.3,5.7
2025-05-09 03:00:00,12.9,47.0,94.6,1.5,3.7
2025-05-09 04:00:00,13.0,64.0,93.6,1.5,3.5
2025-05-09 05:00:00,13.3,75.0,91.0,1.3,3.1
2025-05-09 06:00:00,13.7,89.0,87.0,2.4,5.8
2025-05-09 07:00:00,14.3,96.0,84.5,2.6,5.8
2025-05-09 08:00:00,14.7,106.0,81.1,2.7,5.7
2025-05-09 09:00:00,15.4,106.0,75.6,2.8,5.9
2025-05-09 10:00:00,17.7,101.0,62.1,2.6,6.1
2025-05-09 11:00:00,17.2,101.0,61.5,1.0,5.4
2025-05-09 12:00:00,15.1,276.0,78.7,1.9,4.8
2025-05-09 13:00:00,13.7,308.0,93.3,1.7,5.9
2025-05-09 14:00:00,14.9,357.0,86.1,1.3,4.3
2025-05-09 15:00:00,16.9,7.0,70.4,1.1,3.7
2025-05-09 16:00:00,17.8,351.0,59.3,1.1,2.9
2025-05-09 17:00:00,17.9,346.0,59.0,1.0,3.6
2025-05-09 18:00:00,17.7,0.0,58.6,,1.8
2025-05-09 19:00:00,17.0,353.0,63.1,0.4,1.3
2025-05-09 20:00:00,16.2,75.0,68.3,0.9,2.7
2025-05-09 21:00:00,16.3,83.0,70.1,1.3,4.1
2025-05-09 22:00:00,16.0,71.0,70.6,1.5,3.3
2025-05-09 23:00:00,15.6,54.0,73.0,1.1,2.5
2025-05-10 00:00:00,15.1,52.0,76.1,1.1,2.4
2025-05-10 01:00:00,15.0,55.0,76.8,1.1,2.3
2025-05-10 02:00:00,14.9,90.0,75.5,1.6,3.8
2025-05-10 03:00:00,14.7,81.0,77.5,1.5,4.3
2025-05-10 04:00:00,14.4,85.0,79.7,1.8,3.8
2025-05-10 05:00:00,14.5,96.0,81.9,1.8,5.4
2025-05-10 06:00:00,14.0,74.0,83.8,2.6,6.5
2025-05-10 07:00:00,13.0,85.0,96.3,3.0,5.1
2025-05-10 08:00:00,12.8,96.0,99.3,1.7,4.6
2025-05-10 09:00:00,13.2,73.0,95.7,1.9,5.0
2025-05-10 10:00:00,14.0,90.0,86.4,1.3,3.8
2025-05-10 11:00:00,15.9,88.0,75.9,1.2,3.5
2025-05-10 12:00:00,18.8,98.0,62.3,1.0,4.3
2025-05-10 13:00:00,19.9,95.0,54.1,1.3,4.8
2025-05-10 14:00:00,20.0,53.0,53.2,0.6,3.4
2025-05-10 15:00:00,20.0,80.0,50.0,0.5,4.1
2025-05-10 16:00:00,20.3,80.0,48.9,0.9,3.7
2025-05-10 17:00:00,20.1,103.0,50.7,1.2,3.2
2025-05-10 18:00:00,19.6,91.0,52.3,1.3,2.9
2025-05-10 19:00:00,18.6,111.0,58.1,1.2,2.2
2025-05-10 20:00:00,17.9,119.0,63.3,0.9,2.0
2025-05-10 21:00:00,17.2,8.0,68.5,,0.8
2025-05-10 22:00:00,16.4,360.0,73.0,0.6,1.6
2025-05-10 23:00:00,15.6,36.0,75.1,0.7,1.8
2025-05-11 00:00:00,14.9,347.0,76.8,0.4,1.2
2025-05-11 01:00:00,14.2,329.0,79.0,0.4,1.4
2025-05-11 02:00:00,13.6,336.0,81.9,,0.9
2025-05-11 03:00:00,13.3,328.0,83.3,,1.2
2025-05-11 04:00:00,12.9,327.0,85.3,0.5,1.2
2025-05-11 05:00:00,12.7,14.0,86.8,0.7,1.7
2025-05-11 06:00:00,13.8,54.0,82.4,,1.7
2025-05-11 07:00:00,16.4,99.0,68.8,1.5,4.0
2025-05-11 08:00:00,17.8,106.0,63.5,1.0,3.7
2025-05-11 09:00:00,18.8,125.0,59.7,0.5,2.7
2025-05-11 10:00:00,20.0,232.0,54.9,0.4,2.3
2025-05-11 11:00:00,20.3,74.0,52.7,0.5,3.0
2025-05-11 12:00:00,22.1,243.0,45.2,0.9,4.4
2025-05-11 13:00:00,23.2,246.0,40.8,0.6,5.6
2025-05-11 14:00:00,23.6,246.0,38.0,1.1,5.0
2025-05-11 15:00:00,23.3,269.0,38.0,1.0,3.9
2025-05-11 16:00:00,23.3,233.0,39.7,0.4,3.9
2025-05-11 17:00:00,23.1,151.0,40.0,1.6,4.9
2025-05-11 18:00:00,22.5,145.0,40.2,1.8,4.9
2025-05-11 19:00:00,21.5,194.0,47.5,1.4,4.2
2025-05-11 20:00:00,20.6,206.0,51.2,1.1,2.9
2025-05-11 21:00:00,20.1,207.0,53.1,1.4,3.7
2025-05-11 22:00:00,19.3,230.0,59.2,1.1,4.0
2025-05-11 23:00:00,18.1,242.0,65.3,0.8,2.5
2025-05-12 00:00:00,16.9,300.0,70.0,0.5,1.4
2025-05-12 01:00:00,16.1,68.0,74.1,0.4,1.1
2025-05-12 02:00:00,15.8,88.0,74.1,0.6,1.3
2025-05-12 03:00:00,15.2,81.0,75.9,,1.2
2025-05-12 04:00:00,15.0,274.0,79.7,0.8,1.8
2025-05-12 05:00:00,15.0,243.0,83.1,0.6,2.3
2025-05-12 06:00:00,15.8,241.0,77.5,0.5,1.3
2025-05-12 07:00:00,17.3,231.0,69.7,,1.4
2025-05-12 08:00:00,18.7,202.0,63.8,0.8,3.1
2025-05-12 09:00:00,20.3,229.0,52.0,1.5,5.3
2025-05-12 10:00:00,21.7,237.0,45.4,1.7,5.1
2025-05-12 11:00:00,22.4,229.0,44.5,1.6,5.5
2025-05-12 12:00:00,22.9,216.0,44.1,1.6,5.9
2025-05-12 13:00:00,23.3,196.0,42.7,1.8,6.2
2025-05-12 14:00:00,22.3,199.0,47.6,2.0,5.5
2025-05-12 15:00:00,22.2,235.0,49.4,1.6,4.9
2025-05-12 16:00:00,21.5,220.0,50.1,1.6,4.1
2025-05-12 17:00:00,21.1,195.0,45.9,1.6,4.0
2025-05-12 18:00:00,20.8,200.0,50.0,1.4,3.4
2025-05-12 19:00:00,20.6,223.0,52.6,0.7,3.2
2025-05-12 20:00:00,20.1,216.0,54.6,1.2,5.1
2025-05-12 21:00:00,19.3,206.0,57.0,0.9,2.8
2025-05-12 22:00:00,18.6,200.0,58.8,1.0,3.3
2025-05-12 23:00:00,17.5,110.0,68.5,2.9,7.7
2025-05-13 00:00:00,16.2,87.0,77.3,2.9,6.0
2025-05-13 01:00:00,15.4,67.0,80.4,2.9,6.5
2025-05-13 02:00:00,15.3,59.0,80.0,2.7,6.4
2025-05-13 03:00:00,15.5,73.0,78.5,2.3,5.4
2025-05-13 04:00:00,15.4,72.0,79.5,2.3,6.9
2025-05-13 05:00:00,15.4,31.0,79.2,0.9,2.7
2025-05-13 06:00:00,15.8,17.0,77.8,0.4,2.2
2025-05-13 07:00:00,15.8,117.0,79.6,2.6,6.6
2025-05-13 08:00:00,15.8,105.0,86.7,1.7,6.4
2025-05-13 09:00:00,17.3,88.0,75.6,0.9,3.5
2025-05-13 10:00:00,17.1,195.0,76.0,0.8,3.5
2025-05-13 11:00:00,18.3,207.0,69.9,0.5,2.7
2025-05-13 12:00:00,20.3,185.0,59.2,0.7,4.4
2025-05-13 13:00:00,21.7,165.0,52.2,1.0,3.9
2025-05-13 14:00:00,21.3,146.0,52.1,1.2,4.7
2025-05-13 15:00:00,21.8,159.0,49.1,1.3,4.8
2025-05-13 16:00:00,22.0,161.0,45.8,1.0,4.6
2025-05-13 17:00:00,22.0,105.0,46.8,1.7,5.1
2025-05-13 18:00:00,21.3,109.0,49.1,1.9,4.7
2025-05-13 19:00:00,18.7,75.0,62.7,4.0,9.8
2025-05-13 20:00:00,14.2,63.0,97.7,2.1,5.7
2025-05-13 21:00:00,14.0,44.0,99.3,1.5,3.9
2025-05-13 22:00:00,14.3,74.0,99.3,2.1,4.5
2025-05-13 23:00:00,13.9,60.0,99.3,1.8,3.6
2025-05-14 00:00:00,14.2,7.0,99.3,1.6,3.5
2025-05-14 01:00:00,14.3,355.0,99.3,0.6,2.3
2025-05-14 02:00:00,14.5,355.0,99.3,0.7,2.2
2025-05-14 03:00:00,14.4,346.0,99.3,0.9,2.6
2025-05-14 04:00:00,14.3,4.0,99.3,0.7,2.2
2025-05-14 05:00:00,14.4,30.0,99.3,,1.9
2025-05-14 06:00:00,15.0,81.0,99.1,0.7,1.6
2025-05-14 07:00:00,15.2,91.0,94.3,0.6,2.2
2025-05-14 08:00:00,15.9,91.0,86.0,0.8,2.4
2025-05-14 09:00:00,17.0,193.0,76.8,0.3,1.6
2025-05-14 10:00:00,18.4,189.0,68.5,0.4,2.8
2025-05-14 11:00:00,21.3,117.0,55.6,0.9,3.6
2025-05-14 12:00:00,21.7,73.0,51.3,0.5,3.4
2025-05-14 13:00:00,22.1,183.0,48.8,0.7,3.5
2025-05-14 14:00:00,21.6,127.0,51.2,0.8,4.8
2025-05-14 15:00:00,21.8,143.0,51.0,0.8,3.8
2025-05-14 16:00:00,22.2,266.0,49.1,0.5,3.1
2025-05-14 17:00:00,22.1,195.0,49.6,1.0,3.6
2025-05-14 18:00:00,21.7,206.0,51.4,1.1,3.7
2025-05-14 19:00:00,21.1,228.0,53.3,0.9,2.4
2025-05-14 20:00:00,20.1,213.0,56.6,0.7,1.8
2025-05-14 21:00:00,19.2,272.0,60.1,0.6,2.0
2025-05-14 22:00:00,19.0,,62.9,,0.7
2025-05-14 23:00:00,18.4,352.0,68.6,,0.8
2025-05-15 00:00:00,17.7,353.0,73.0,,1.2
2025-05-15 01:00:00,16.9,340.0,77.2,,0.8
2025-05-15 02:00:00,16.3,324.0,81.0,0.5,1.0
2025-05-15 03:00:00,15.8,298.0,83.0,,1.2
2025-05-15 04:00:00,15.3,302.0,84.6,0.8,1.6
2025-05-15 05:00:00,15.3,294.0,84.4,,1.9
2025-05-15 06:00:00,16.1,267.0,79.3,,1.3
2025-05-15 07:00:00,18.0,262.0,70.1,0.6,1.8
2025-05-15 08:00:00,19.9,236.0,60.9,1.3,4.4
2025-05-15 09:00:00,21.3,236.0,55.5,1.9,4.7
2025-05-15 10:00:00,22.9,249.0,52.1,1.6,5.7
2025-05-15 11:00:00,23.8,236.0,49.8,2.1,6.9
2025-05-15 12:00:00,24.7,227.0,47.4,2.0,7.3
2025-05-15 13:00:00,25.4,235.0,44.0,1.9,6.5
2025-05-15 14:00:00,25.8,235.0,41.0,2.0,6.4
2025-05-15 15:00:00,26.6,241.0,35.2,1.9,5.6
2025-05-15 16:00:00,26.6,263.0,33.5,2.0,6.2
2025-05-15 17:00:00,26.6,320.0,21.3,1.7,7.2
2025-05-15 18:00:00,26.1,343.0,19.2,1.9,6.8
2025-05-15 19:00:00,24.5,358.0,22.1,2.1,8.5
2025-05-15 20:00:00,23.3,9.0,25.1,3.7,9.3
2025-05-15 21:00:00,22.4,24.0,26.3,3.3,8.6
2025-05-15 22:00:00,21.9,51.0,29.4,3.1,9.8
2025-05-15 23:00:00,19.0,98.0,60.9,4.0,10.1
2025-05-16 00:00:00,17.4,91.0,69.1,3.4,9.3
2025-05-16 01:00:00,16.1,96.0,74.6,3.7,8.3
2025-05-16 02:00:00,15.4,86.0,77.0,4.0,8.5
2025-05-16 03:00:00,14.9,96.0,75.9,3.7,10.9
2025-05-16 04:00:00,14.5,86.0,79.8,2.7,5.9
2025-05-16 05:00:00,13.9,68.0,84.8,2.2,5.9
2025-05-16 06:00:00,14.6,73.0,76.5,2.9,6.3
2025-05-16 07:00:00,15.4,78.0,69.4,3.0,6.4
2025-05-16 08:00:00,16.5,84.0,61.8,2.0,5.1
2025-05-16 09:00:00,17.5,94.0,54.9,1.6,5.7
2025-05-16 10:00:00,18.7,97.0,49.6,1.7,5.8
2025-05-16 11:00:00,20.2,58.0,42.8,1.0,4.7
2025-05-16 12:00:00,19.9,107.0,42.7,1.5,4.6
2025-05-16 13:00:00,20.7,125.0,41.1,1.3,5.9
2025-05-16 14:00:00,21.3,102.0,38.8,2.0,5.6
2025-05-16 15:00:00,21.3,120.0,38.7,2.0,6.7
2025-05-16 16:00:00,20.9,123.0,38.7,1.9,6.4
2025-05-16 17:00:00,20.6,129.0,39.0,1.3,5.5
2025-05-16 18:00:00,20.1,118.0,39.7,1.7,4.3
2025-05-16 19:00:00,19.4,117.0,40.3,1.6,4.3
2025-05-16 20:00:00,18.9,112.0,42.0,1.9,4.6
2025-05-16 21:00:00,18.2,116.0,43.5,1.5,3.9
2025-05-16 22:00:00,17.6,118.0,43.7,1.6,3.8
2025-05-16 23:00:00,17.0,86.0,45.3,1.6,3.6
2025-05-17 00:00:00,16.1,59.0,54.8,1.7,3.2
2025-05-17 01:00:00,15.5,57.0,58.0,0.9,2.4
2025-05-17 02:00:00,14.9,0.0,61.6,0.7,1.7
2025-05-17 03:00:00,14.0,348.0,67.7,0.6,2.1
2025-05-17 04:00:00,13.5,1.0,68.8,0.4,1.1
2025-05-17 05:00:00,13.8,52.0,68.5,0.5,1.2
2025-05-17 06:00:00,14.9,78.0,62.3,1.3,3.0
2025-05-17 07:00:00,16.5,110.0,54.1,1.9,4.5
2025-05-17 08:00:00,17.9,105.0,48.7,1.5,4.2
2025-05-17 09:00:00,19.2,95.0,43.0,1.2,3.5
2025-05-17 10:00:00,20.6,185.0,40.4,0.5,3.3
2025-05-17 11:00:00,21.8,215.0,35.3,0.6,5.0
2025-05-17 12:00:00,22.7,248.0,31.2,1.3,5.4
2025-05-17 13:00:00,22.8,226.0,30.7,1.2,6.3
2025-05-17 14:00:00,22.9,240.0,28.5,1.2,6.2
2025-05-17 15:00:00,22.9,224.0,27.8,0.9,5.1
2025-05-17 16:00:00,23.0,233.0,27.6,1.5,6.4
2025-05-17 17:00:00,22.5,235.0,33.5,2.0,8.9
2025-05-17 18:00:00,20.7,209.0,44.0,3.3,9.6
2025-05-17 19:00:00,19.5,214.0,46.0,3.0,8.6
2025-05-17 20:00:00,18.4,191.0,49.2,1.7,8.5
2025-05-17 21:00:00,17.6,208.0,50.7,0.8,4.1
2025-05-17 22:00:00,17.0,238.0,51.2,0.8,3.3
2025-05-17 23:00:00,16.5,277.0,52.9,1.2,3.0
2025-05-18 00:00:00,16.0,276.0,55.1,1.1,3.1
2025-05-18 01:00:00,15.5,293.0,58.1,1.4,3.1
2025-05-18 02:00:00,14.9,293.0,61.7,1.1,2.9
2025-05-18 03:00:00,14.5,295.0,63.5,1.2,2.8
2025-05-18 04:00:00,14.4,290.0,64.1,1.2,2.7
2025-05-18 05:00:00,15.3,257.0,60.2,1.4,3.6
2025-05-18 06:00:00,15.8,257.0,62.4,1.4,4.0
2025-05-18 07:00:00,16.7,235.0,62.1,1.9,5.1
2025-05-18 08:00:00,17.7,243.0,58.9,2.5,8.0
2025-05-18 09:00:00,18.9,249.0,56.1,2.6,6.9
2025-05-18 10:00:00,20.7,236.0,50.8,2.3,6.9
2025-05-18 11:00:00,21.6,236.0,48.7,2.4,6.6
2025-05-18 12:00:00,22.8,238.0,45.5,2.3,6.0
2025-05-18 13:00:00,23.8,236.0,39.9,2.1,6.0
2025-05-18 14:00:00,24.3,235.0,36.9,2.2,7.8
2025-05-18 15:00:00,24.4,245.0,34.1,2.1,7.9
2025-05-18 16:00:00,24.3,235.0,34.1,2.2,7.4
2025-05-18 17:00:00,23.7,222.0,39.6,2.9,7.5
2025-05-18 18:00:00,22.1,213.0,45.8,3.0,8.1
2025-05-18 19:00:00,20.7,215.0,49.8,2.7,7.7
2025-05-18 20:00:00,19.4,222.0,54.1,2.1,6.8
2025-05-18 21:00:00,18.6,228.0,58.1,2.2,7.1
2025-05-18 22:00:00,17.9,259.0,62.1,2.0,6.4
2025-05-18 23:00:00,17.4,275.0,65.6,1.7,4.0
2025-05-19 00:00:00,17.0,282.0,68.0,1.3,4.3
2025-05-19 01:00:00,16.6,291.0,70.9,1.1,2.6
2025-05-19 02:00:00,16.7,299.0,72.7,1.1,3.3
2025-05-19 03:00:00,16.0,321.0,75.8,0.9,2.3
2025-05-19 04:00:00,15.7,327.0,77.3,0.6,1.9
2025-05-19 05:00:00,15.9,328.0,77.3,0.5,1.7
2025-05-19 06:00:00,17.2,16.0,73.8,0.6,2.0
2025-05-19 07:00:00,18.9,219.0,69.5,0.8,3.4
2025-05-19 08:00:00,20.3,227.0,62.1,1.5,5.1
2025-05-19 09:00:00,20.8,247.0,60.7,2.3,6.6
2025-05-19 10:00:00,21.9,243.0,57.4,2.4,6.8
2025-05-19 11:00:00,23.1,240.0,52.2,2.3,7.8
2025-05-19 12:00:00,24.1,238.0,46.9,2.0,6.2
2025-05-19 13:00:00,23.9,237.0,47.4,2.1,7.0
2025-05-19 14:00:00,23.8,229.0,48.8,2.6,7.7
2025-05-19 15:00:00,23.5,244.0,50.6,2.3,7.4
2025-05-19 16:00:00,22.9,226.0,53.9,2.2,8.0
2025-05-19 17:00:00,22.4,227.0,54.9,2.0,6.5
2025-05-19 18:00:00,21.5,234.0,55.4,2.0,5.6
2025-05-19 19:00:00,20.9,230.0,56.4,1.6,5.0
2025-05-19 20:00:00,20.3,239.0,56.5,1.2,3.8
2025-05-19 21:00:00,19.8,239.0,58.0,0.8,3.3
2025-05-19 22:00:00,19.3,265.0,60.6,0.9,2.6
2025-05-19 23:00:00,18.8,254.0,61.7,1.2,3.7
2025-05-20 00:00:00,18.5,271.0,61.8,1.4,3.7
2025-05-20 01:00:00,17.1,294.0,76.3,0.9,3.2
2025-05-20 02:00:00,16.6,348.0,82.1,1.0,3.1
2025-05-20 03:00:00,16.8,16.0,81.3,,1.6
2025-05-20 04:00:00,17.1,231.0,78.3,0.2,1.5
2025-05-20 05:00:00,17.2,47.0,79.9,0.5,1.7
2025-05-20 06:00:00,17.2,4.0,84.2,0.6,2.6
2025-05-20 07:00:00,18.3,360.0,79.8,1.8,4.2
2025-05-20 08:00:00,18.7,33.0,74.1,1.2,4.5
2025-05-20 09:00:00,18.2,65.0,87.5,1.7,5.0
2025-05-20 10:00:00,20.1,52.0,74.9,1.8,5.0
2025-05-20 11:00:00,21.1,60.0,67.1,1.4,3.9
2025-05-20 12:00:00,23.0,,54.2,,4.2
2025-05-20 13:00:00,23.5,51.0,50.0,1.5,4.9
2025-05-20 14:00:00,23.2,29.0,50.2,1.2,4.8
2025-05-20 15:00:00,21.9,100.0,55.9,3.2,7.7
2025-05-20 16:00:00,20.9,122.0,63.3,1.6,6.5
2025-05-20 17:00:00,17.5,237.0,84.3,2.0,7.2
2025-05-20 18:00:00,15.1,236.0,97.8,1.1,6.5
2025-05-20 19:00:00,15.4,2.0,99.3,0.9,2.8
2025-05-20 20:00:00,15.6,14.0,99.3,0.5,2.1
2025-05-20 21:00:00,15.4,328.0,99.3,0.7,2.4
2025-05-20 22:00:00,15.3,19.0,99.3,,1.4
2025-05-20 23:00:00,15.1,323.0,99.3,0.6,1.4
2025-05-21 00:00:00,14.9,333.0,99.4,,1.1
2025-05-21 01:00:00,14.7,56.0,99.4,,1.1
2025-05-21 02:00:00,14.4,88.0,99.4,0.7,1.9
2025-05-21 03:00:00,14.2,358.0,99.4,0.4,1.1
2025-05-21 04:00:00,14.2,318.0,99.4,,1.5
2025-05-21 05:00:00,14.7,313.0,99.4,,1.1
2025-05-21 06:00:00,15.2,259.0,99.0,,1.6
2025-05-21 07:00:00,16.4,248.0,84.8,1.2,3.1
2025-05-21 08:00:00,17.8,230.0,77.6,1.1,3.6
2025-05-21 09:00:00,18.3,204.0,76.3,1.0,3.3
2025-05-21 10:00:00,20.4,232.0,64.4,0.9,3.1
2025-05-21 11:00:00,21.3,214.0,59.7,0.9,3.7
2025-05-21 12:00:00,22.6,200.0,53.3,0.8,3.9
2025-05-21 13:00:00,23.4,222.0,50.0,1.3,4.7
2025-05-21 14:00:00,23.4,226.0,50.1,0.8,4.2
2025-05-21 15:00:00,23.0,225.0,50.9,0.8,2.6
2025-05-21 16:00:00,23.4,128.0,49.3,0.3,3.0
2025-05-21 17:00:00,23.3,75.0,49.9,1.7,6.7
2025-05-21 18:00:00,20.6,43.0,69.5,2.6,6.2
2025-05-21 19:00:00,19.2,87.0,79.3,2.1,4.0
2025-05-21 20:00:00,18.5,87.0,78.2,1.4,4.1
2025-05-21 21:00:00,17.8,108.0,83.3,0.9,3.8
2025-05-21 22:00:00,17.2,48.0,90.6,0.9,2.2
2025-05-21 23:00:00,17.0,342.0,87.7,1.0,3.2
2025-05-22 00:00:00,16.5,330.0,91.0,1.0,3.0
2025-05-22 01:00:00,16.1,353.0,96.6,0.8,2.9
2025-05-22 02:00:00,15.5,356.0,98.9,1.2,4.3
2025-05-22 03:00:00,14.9,356.0,99.3,1.1,3.4
2025-05-22 04:00:00,14.8,23.0,99.3,0.5,2.4
2025-05-22 05:00:00,14.7,60.0,99.3,2.0,4.6
2025-05-22 06:00:00,14.2,44.0,99.4,2.3,5.5
2025-05-22 07:00:00,14.0,34.0,99.4,2.0,6.0
2025-05-22 08:00:00,14.0,347.0,99.4,1.4,4.4
2025-05-22 09:00:00,13.6,341.0,99.4,1.6,5.6
2025-05-22 10:00:00,13.7,3.0,99.4,1.2,3.9
2025-05-22 11:00:00,14.1,358.0,99.4,,2.0
2025-05-22 12:00:00,15.1,184.0,96.6,0.7,2.8
2025-05-22 13:00:00,16.4,125.0,84.6,0.5,2.0
2025-05-22 14:00:00,16.8,193.0,79.8,0.5,2.8
2025-05-22 15:00:00,17.1,96.0,77.3,1.2,3.3
2025-05-22 16:00:00,16.2,78.0,85.6,1.5,4.2
2025-05-22 17:00:00,15.3,78.0,93.3,1.0,4.7
2025-05-22 18:00:00,15.1,105.0,92.4,0.8,2.7
2025-05-22 19:00:00,14.7,75.0,94.2,1.0,2.6
2025-05-22 20:00:00,14.1,88.0,96.7,,2.5
2025-05-22 21:00:00,14.2,285.0,98.0,0.2,2.2
2025-05-22 22:00:00,14.4,299.0,98.4,0.4,3.0
2025-05-22 23:00:00,14.4,145.0,98.3,0.1,2.5
2025-05-23 00:00:00,14.3,193.0,97.5,0.9,2.5
2025-05-23 01:00:00,14.2,225.0,91.6,0.8,2.7
2025-05-23 02:00:00,14.1,210.0,89.9,0.8,2.3
2025-05-23 03:00:00,14.3,239.0,87.5,0.8,3.4
2025-05-23 04:00:00,14.1,110.0,91.7,0.7,3.4
2025-05-23 05:00:00,13.7,107.0,94.6,1.2,2.9
2025-05-23 06:00:00,14.0,121.0,91.7,1.5,3.8
2025-05-23 07:00:00,15.4,143.0,80.4,1.3,4.3
2025-05-23 08:00:00,17.1,119.0,68.9,2.2,6.0
2025-05-23 09:00:00,16.9,151.0,67.6,1.2,4.2
2025-05-23 10:00:00,18.1,157.0,61.1,1.1,4.1
2025-05-23 11:00:00,20.0,145.0,52.8,1.1,4.7
2025-05-23 12:00:00,21.3,143.0,48.9,1.9,6.4
2025-05-23 13:00:00,21.3,138.0,47.0,1.7,6.4
2025-05-23 14:00:00,21.7,162.0,44.9,1.8,7.0
2025-05-23 15:00:00,21.4,130.0,45.0,2.4,7.2
2025-05-23 16:00:00,20.7,119.0,48.6,2.8,6.3
2025-05-23 17:00:00,19.6,103.0,55.9,3.5,7.4
2025-05-23 18:00:00,18.9,98.0,54.5,3.6,7.1
2025-05-23 19:00:00,18.2,77.0,55.4,2.5,6.2
2025-05-23 20:00:00,17.6,87.0,60.1,2.5,6.1
2025-05-23 21:00:00,16.8,75.0,66.6,2.4,5.0
2025-05-23 22:00:00,16.1,69.0,69.9,2.6,5.9
2025-05-23 23:00:00,15.6,72.0,70.0,2.4,4.8
2025-05-24 00:00:00,15.2,69.0,70.8,2.5,5.0
2025-05-24 01:00:00,14.6,76.0,72.7,2.7,5.4
2025-05-24 02:00:00,14.3,77.0,74.9,2.5,5.1
2025-05-24 03:00:00,13.8,74.0,78.5,2.8,5.7
2025-05-24 04:00:00,13.7,73.0,78.9,2.0,4.9
2025-05-24 05:00:00,13.9,71.0,77.3,1.7,4.5
2025-05-24 06:00:00,14.4,85.0,75.2,2.0,4.5
2025-05-24 07:00:00,15.5,76.0,68.9,2.7,5.7
2025-05-24 08:00:00,16.8,102.0,62.1,2.8,6.0
2025-05-24 09:00:00,18.2,89.0,53.7,2.3,5.0
2025-05-24 10:00:00,19.6,120.0,47.0,1.7,5.0
2025-05-24 11:00:00,20.7,115.0,43.0,1.6,6.1
2025-05-24 12:00:00,20.8,203.0,42.6,0.6,3.7
2025-05-24 13:00:00,21.6,142.0,41.7,1.1,4.5
2025-05-24 14:00:00,21.5,187.0,39.9,1.0,4.6
2025-05-24 15:00:00,21.6,204.0,38.4,0.8,4.4
2025-05-24 16:00:00,21.7,196.0,38.2,1.2,4.6
2025-05-24 17:00:00,21.6,209.0,37.9,0.6,3.5
2025-05-24 18:00:00,21.4,225.0,38.9,0.8,3.0
2025-05-24 19:00:00,20.8,211.0,40.3,1.0,2.7
2025-05-24 20:00:00,19.8,134.0,43.9,0.9,2.3
2025-05-24 21:00:00,18.9,113.0,47.1,1.0,2.6
2025-05-24 22:00:00,18.3,111.0,50.7,1.3,2.9
2025-05-24 23:00:00,18.0,72.0,55.8,1.9,5.0
2025-05-25 00:00:00,16.7,72.0,63.0,2.6,6.0
2025-05-25 01:00:00,16.2,71.0,64.1,2.3,5.5
2025-05-25 02:00:00,15.8,72.0,63.7,2.3,4.9
2025-05-25 03:00:00,15.5,71.0,62.9,2.0,4.3
2025-05-25 04:00:00,15.1,66.0,64.9,1.4,3.6
2025-05-25 05:00:00,15.0,64.0,67.0,1.2,2.6
2025-05-25 06:00:00,16.2,90.0,61.7,1.8,4.6
2025-05-25 07:00:00,17.7,92.0,51.4,2.7,6.7
2025-05-25 08:00:00,18.9,77.0,45.4,2.1,5.3
2025-05-25 09:00:00,19.9,79.0,45.4,1.3,4.5
2025-05-25 10:00:00,22.0,91.0,41.1,1.4,4.9
2025-05-25 11:00:00,22.3,113.0,40.8,0.9,3.8
2025-05-25 12:00:00,22.9,141.0,40.8,0.6,4.1
2025-05-25 13:00:00,23.0,215.0,42.0,0.8,3.8
2025-05-25 14:00:00,23.6,225.0,40.9,1.2,4.3
2025-05-25 15:00:00,23.5,247.0,41.4,1.4,4.5
2025-05-25 16:00:00,23.4,234.0,43.0,1.5,5.4
2025-05-25 17:00:00,23.3,261.0,43.0,2.0,6.2
2025-05-25 18:00:00,22.8,258.0,44.3,1.9,4.6
2025-05-25 19:00:00,22.1,272.0,46.2,1.3,3.2
2025-05-25 20:00:00,21.2,279.0,50.3,0.8,2.5
2025-05-25 21:00:00,21.0,219.0,52.0,1.7,4.4
2025-05-25 22:00:00,20.0,222.0,51.6,1.7,5.8
2025-05-25 23:00:00,19.1,233.0,50.6,1.4,4.9
2025-05-26 00:00:00,18.1,248.0,52.9,1.3,3.6
2025-05-26 01:00:00,17.4,264.0,56.1,1.0,2.6
2025-05-26 02:00:00,16.8,286.0,59.9,0.9,2.0
2025-05-26 03:00:00,16.6,270.0,66.1,0.9,2.2
2025-05-26 04:00:00,16.7,256.0,68.1,0.9,2.6
2025-05-26 05:00:00,17.1,236.0,70.0,0.9,2.5
2025-05-26 06:00:00,17.6,260.0,70.8,0.7,2.1
2025-05-26 07:00:00,18.3,237.0,70.0,1.0,2.9
2025-05-26 08:00:00,19.4,193.0,67.4,0.9,3.3
2025-05-26 09:00:00,20.4,208.0,65.0,0.9,4.4
2025-05-26 10:00:00,22.2,213.0,58.8,1.1,3.5
2025-05-26 11:00:00,23.5,193.0,54.5,0.9,4.5
2025-05-26 12:00:00,24.7,194.0,50.1,0.7,4.4
2025-05-26 13:00:00,25.9,172.0,46.9,0.9,4.1
2025-05-26 14:00:00,26.1,187.0,46.4,0.6,4.5
2025-05-26 15:00:00,26.2,223.0,45.1,0.8,4.1
2025-05-26 16:00:00,26.4,225.0,42.1,0.9,3.8
2025-05-26 17:00:00,26.2,184.0,40.7,1.0,4.0
2025-05-26 18:00:00,25.3,70.0,40.5,2.0,10.6
2025-05-26 19:00:00,22.3,55.0,44.5,2.2,9.4
2025-05-26 20:00:00,21.4,52.0,50.3,1.6,4.1
2025-05-26 21:00:00,20.5,95.0,53.4,,5.4
2025-05-26 22:00:00,20.1,63.0,58.4,1.6,6.7
2025-05-26 23:00:00,19.7,41.0,60.9,2.0,5.8
2025-05-27 00:00:00,19.2,325.0,66.0,1.1,7.3
2025-05-27 01:00:00,15.4,356.0,93.9,2.7,9.1
2025-05-27 02:00:00,15.3,30.0,96.8,1.9,6.1
2025-05-27 03:00:00,14.9,34.0,97.6,2.6,7.2
2025-05-27 04:00:00,15.3,75.0,97.0,1.1,4.1
2025-05-27 05:00:00,15.3,103.0,99.3,1.7,4.4
2025-05-27 06:00:00,15.5,68.0,99.3,0.9,2.3
2025-05-27 07:00:00,16.4,78.0,94.2,1.2,2.8
2025-05-27 08:00:00,17.2,107.0,84.8,1.0,3.2
2025-05-27 09:00:00,17.9,113.0,80.6,1.5,3.8
2025-05-27 10:00:00,19.1,120.0,73.1,1.7,4.2
2025-05-27 11:00:00,19.8,165.0,69.2,1.1,3.6
2025-05-27 12:00:00,21.4,131.0,61.7,1.9,5.6
2025-05-27 13:00:00,21.9,109.0,60.9,2.9,7.1
2025-05-27 14:00:00,21.8,112.0,57.9,1.9,5.7
2025-05-27 15:00:00,22.2,115.0,51.7,2.1,6.4
2025-05-27 16:00:00,22.3,109.0,51.1,2.0,5.8
2025-05-27 17:00:00,21.8,122.0,54.6,1.9,4.5
2025-05-27 18:00:00,21.5,110.0,55.6,2.0,4.7
2025-05-27 19:00:00,20.9,118.0,59.4,1.7,3.7
2025-05-27 20:00:00,20.2,127.0,62.7,1.4,3.1
2025-05-27 21:00:00,19.7,122.0,66.0,1.5,3.8
2025-05-27 22:00:00,19.1,143.0,70.2,0.7,2.6
2025-05-27 23:00:00,18.7,103.0,72.7,0.4,1.9
2025-05-28 00:00:00,18.8,73.0,72.7,0.5,1.8
2025-05-28 01:00:00,18.0,51.0,77.6,0.5,1.5
2025-05-28 02:00:00,17.4,38.0,82.7,0.4,1.4
2025-05-28 03:00:00,16.9,63.0,85.1,0.9,2.0
2025-05-28 04:00:00,16.6,85.0,85.4,0.7,1.8
2025-05-28 05:00:00,16.9,153.0,83.8,,1.1
2025-05-28 06:00:00,17.9,249.0,79.3,,1.2
2025-05-28 07:00:00,19.1,215.0,73.5,0.4,1.6
2025-05-28 08:00:00,20.4,233.0,62.7,0.8,3.1
2025-05-28 09:00:00,21.7,267.0,58.9,0.9,3.1
2025-05-28 10:00:00,22.9,268.0,56.4,0.9,3.0
2025-05-28 11:00:00,23.7,244.0,54.5,1.1,4.5
2025-05-28 12:00:00,24.1,243.0,52.8,1.3,4.1
2025-05-28 13:00:00,25.0,237.0,50.2,0.8,4.3
2025-05-28 14:00:00,25.3,221.0,49.3,0.9,3.5
2025-05-28 15:00:00,25.9,248.0,46.0,1.2,4.8
2025-05-28 16:00:00,25.7,250.0,46.8,1.7,4.5
2025-05-28 17:00:00,25.5,240.0,45.4,1.8,5.3
2025-05-28 18:00:00,25.2,264.0,47.8,1.9,4.8
2025-05-28 19:00:00,24.6,245.0,52.4,1.6,4.0
2025-05-28 20:00:00,23.0,231.0,57.3,1.9,5.4
2025-05-28 21:00:00,21.7,240.0,59.8,1.6,5.1
2025-05-28 22:00:00,20.9,247.0,63.5,1.4,5.0
2025-05-28 23:00:00,20.2,236.0,66.3,1.1,3.4
2025-05-29 00:00:00,19.7,304.0,53.8,1.3,4.5
2025-05-29 01:00:00,20.0,284.0,43.6,1.8,5.6
2025-05-29 02:00:00,20.4,313.0,38.5,1.8,5.9
2025-05-29 03:00:00,20.3,318.0,37.5,1.3,4.2
2025-05-29 04:00:00,20.8,349.0,34.8,2.5,6.5
2025-05-29 05:00:00,20.9,19.0,36.0,2.1,5.9
2025-05-29 06:00:00,21.6,8.0,36.0,1.9,6.0
2025-05-29 07:00:00,22.4,123.0,38.7,1.7,5.1
2025-05-29 08:00:00,24.0,92.0,38.7,2.2,5.2
2025-05-29 09:00:00,24.7,106.0,38.5,1.5,4.6
2025-05-29 10:00:00,25.7,142.0,39.6,1.4,4.9
2025-05-29 11:00:00,27.0,156.0,32.6,0.9,4.1
2025-05-29 12:00:00,28.0,207.0,29.8,0.9,5.3
2025-05-29 13:00:00,28.9,250.0,25.4,1.5,6.2
2025-05-29 14:00:00,28.7,233.0,26.5,2.2,6.4
2025-05-29 15:00:00,28.7,230.0,26.8,2.3,7.7
2025-05-29 16:00:00,28.7,234.0,26.6,2.4,7.0
2025-05-29 17:00:00,28.4,251.0,28.9,2.5,6.5
2025-05-29 18:00:00,28.1,257.0,29.6,2.0,6.1
2025-05-29 19:00:00,27.1,261.0,33.5,1.7,4.9
2025-05-29 20:00:00,25.8,273.0,36.6,1.3,3.2
2025-05-29 21:00:00,25.0,289.0,36.9,1.7,4.0
2025-05-29 22:00:00,24.1,271.0,40.9,0.8,4.0
2025-05-29 23:00:00,22.8,262.0,44.9,0.4,2.0
2025-05-30 00:00:00,22.0,108.0,47.0,0.9,2.5
2025-05-30 01:00:00,21.5,93.0,49.6,1.4,4.3
2025-05-30 02:00:00,21.1,100.0,56.3,1.9,5.4
2025-05-30 03:00:00,20.4,101.0,62.2,1.6,5.5
2025-05-30 04:00:00,19.8,109.0,66.2,1.6,4.1
2025-05-30 05:00:00,19.6,110.0,71.6,2.0,4.9
2025-05-30 06:00:00,20.1,101.0,70.9,2.8,5.5
2025-05-30 07:00:00,21.8,85.0,59.4,3.7,8.9
2025-05-30 08:00:00,23.2,88.0,54.1,3.4,7.8
2025-05-30 09:00:00,24.3,91.0,45.9,3.1,6.5
2025-05-30 10:00:00,26.4,92.0,39.5,2.8,5.9
2025-05-30 11:00:00,27.5,83.0,36.8,1.7,5.3
2025-05-30 12:00:00,27.4,111.0,37.3,1.1,4.9
2025-05-30 13:00:00,28.6,100.0,35.8,1.2,4.7
2025-05-30 14:00:00,28.1,80.0,36.2,0.9,5.6
2025-05-30 15:00:00,28.5,98.0,36.3,1.6,4.6
2025-05-30 16:00:00,28.4,121.0,37.4,1.5,4.0
2025-05-30 17:00:00,28.1,114.0,38.0,1.4,4.4
2025-05-30 18:00:00,27.6,118.0,38.9,1.2,3.7
2025-05-30 19:00:00,26.8,109.0,40.7,1.7,3.4
2025-05-30 20:00:00,25.8,105.0,42.8,1.2,2.8
2025-05-30 21:00:00,25.0,105.0,45.8,1.0,2.0
2025-05-30 22:00:00,24.2,71.0,49.3,1.0,2.0
2025-05-30 23:00:00,23.3,48.0,53.6,1.0,2.1
2025-05-31 00:00:00,22.5,51.0,58.9,1.1,2.2
2025-05-31 01:00:00,21.8,72.0,60.8,2.7,6.6
2025-05-31 02:00:00,20.8,76.0,61.4,2.6,5.6
2025-05-31 03:00:00,20.3,76.0,58.7,2.0,4.9
2025-05-31 04:00:00,19.9,78.0,58.8,1.4,3.4
2025-05-31 05:00:00,19.7,63.0,62.9,0.5,1.3
2025-05-31 06:00:00,20.9,77.0,58.2,1.2,3.3
2025-05-31 07:00:00,22.8,96.0,46.1,1.9,4.6
2025-05-31 08:00:00,24.3,101.0,40.7,2.1,5.2
2025-05-31 09:00:00,24.8,98.0,42.9,1.7,4.8
2025-05-31 10:00:00,26.5,106.0,42.5,1.6,5.3
2025-05-31 11:00:00,27.9,105.0,40.3,1.6,4.2
2025-05-31 12:00:00,28.2,118.0,39.8,1.4,4.6
2025-05-31 13:00:00,28.2,134.0,40.8,1.0,4.3
2025-05-31 14:00:00,28.9,99.0,39.9,1.1,5.2
2025-05-31 15:00:00,29.2,112.0,39.9,1.7,5.3
2025-05-31 16:00:00,28.7,127.0,41.6,1.9,4.9
2025-05-31 17:00:00,28.4,110.0,42.0,1.5,4.6
2025-05-31 18:00:00,28.0,100.0,43.4,2.0,4.4
2025-05-31 19:00:00,27.3,76.0,45.3,1.8,3.7
2025-05-31 20:00:00,26.3,88.0,48.5,1.2,2.6
2025-05-31 21:00:00,25.6,103.0,50.4,1.4,3.0
2025-05-31 22:00:00,25.3,90.0,50.4,1.1,2.7
2025-05-31 23:00:00,24.7,66.0,53.2,1.6,2.8
2025-06-01 00:00:00,23.7,92.0,57.8,0.9,2.7
2025-06-01 01:00:00,23.3,60.0,59.8,1.3,3.1
2025-06-01 02:00:00,23.0,70.0,60.6,1.9,4.1
2025-06-01 03:00:00,22.3,74.0,62.2,1.5,3.7
2025-06-01 04:00:00,21.7,66.0,64.5,0.8,2.3
2025-06-01 05:00:00,21.6,110.0,65.2,,3.0
2025-06-01 06:00:00,22.7,107.0,59.9,1.3,3.3
2025-06-01 07:00:00,23.7,109.0,55.0,1.8,3.9
2025-06-01 08:00:00,24.5,110.0,51.5,1.4,3.8
2025-06-01 09:00:00,25.6,78.0,49.0,1.0,2.9
2025-06-01 10:00:00,27.3,92.0,46.2,1.0,4.2
2025-06-01 11:00:00,28.4,153.0,44.1,0.8,3.8
2025-06-01 12:00:00,28.9,171.0,41.4,0.7,3.6
2025-06-01 13:00:00,29.3,197.0,38.5,1.0,5.3
2025-06-01 14:00:00,29.5,205.0,39.6,0.9,4.4
2025-06-01 15:00:00,29.4,213.0,40.8,1.0,4.2
2025-06-01 16:00:00,29.3,213.0,39.0,1.3,5.2
2025-06-01 17:00:00,29.1,219.0,39.7,0.9,3.1
2025-06-01 18:00:00,28.7,221.0,40.7,1.2,4.0
2025-06-01 19:00:00,27.2,223.0,44.8,2.0,5.9
2025-06-01 20:00:00,25.6,218.0,44.7,2.1,6.1
2025-06-01 21:00:00,24.5,229.0,45.6,1.7,5.1
2025-06-01 22:00:00,23.6,261.0,47.5,1.8,6.1
2025-06-01 23:00:00,23.2,262.0,46.8,1.5,4.2
2025-06-02 00:00:00,22.7,249.0,46.5,1.3,4.5
2025-06-02 01:00:00,22.4,275.0,48.5,1.2,3.2
2025-06-02 02:00:00,22.1,260.0,49.3,1.1,3.4
2025-06-02 03:00:00,21.8,281.0,50.9,0.8,2.3
2025-06-02 04:00:00,21.5,228.0,52.3,,1.9
2025-06-02 05:00:00,21.6,262.0,53.5,0.7,2.6
2025-06-02 06:00:00,21.7,249.0,56.0,0.7,2.3
2025-06-02 07:00:00,22.0,282.0,57.5,0.8,2.5
2025-06-02 08:00:00,23.2,288.0,54.5,0.8,3.5
2025-06-02 09:00:00,24.2,310.0,52.3,1.0,3.3
2025-06-02 10:00:00,25.4,319.0,49.9,0.8,3.2
2025-06-02 11:00:00,26.1,350.0,49.0,0.5,3.9
2025-06-02 12:00:00,25.7,260.0,49.7,0.9,4.3
2025-06-02 13:00:00,25.7,272.0,53.1,1.3,4.5
2025-06-02 14:00:00,25.3,284.0,58.5,1.2,4.1
2025-06-02 15:00:00,25.2,240.0,58.7,1.2,4.3
2025-06-02 16:00:00,25.5,236.0,58.3,1.1,5.0
2025-06-02 17:00:00,25.5,208.0,54.3,2.2,6.1
2025-06-02 18:00:00,24.5,209.0,53.5,1.9,5.4
2025-06-02 19:00:00,23.6,219.0,54.6,1.6,4.8
2025-06-02 20:00:00,23.2,244.0,55.7,1.7,5.7
2025-06-02 21:00:00,22.7,258.0,54.8,1.2,5.2
2025-06-02 22:00:00,21.9,305.0,62.1,1.2,3.0
2025-06-02 23:00:00,21.2,319.0,70.6,0.6,2.2
2025-06-03 00:00:00,21.1,13.0,71.8,,1.5
2025-06-03 01:00:00,21.0,352.0,72.6,0.4,1.4
2025-06-03 02:00:00,21.2,267.0,67.5,0.5,1.6
2025-06-03 03:00:00,21.5,270.0,62.4,0.6,2.0
2025-06-03 04:00:00,21.5,245.0,61.7,1.0,2.7
2025-06-03 05:00:00,21.2,267.0,63.1,0.6,2.0
2025-06-03 06:00:00,21.5,273.0,61.4,1.0,3.0
2025-06-03 07:00:00,21.6,245.0,63.2,0.9,2.9
2025-06-03 08:00:00,22.4,244.0,62.2,0.9,2.8
2025-06-03 09:00:00,22.9,232.0,61.8,0.9,3.2
2025-06-03 10:00:00,23.3,229.0,61.5,1.1,4.3
2025-06-03 11:00:00,23.8,204.0,60.8,0.7,3.9
2025-06-03 12:00:00,23.9,214.0,61.0,1.0,4.3
2025-06-03 13:00:00,23.5,205.0,66.1,1.2,4.1
2025-06-03 14:00:00,25.2,177.0,57.1,0.5,3.8
2025-06-03 15:00:00,25.9,248.0,53.9,0.5,4.1
2025-06-03 16:00:00,26.0,210.0,52.9,0.5,3.6
2025-06-03 17:00:00,26.0,219.0,52.7,0.7,3.0
2025-06-03 18:00:00,25.9,179.0,53.6,0.3,2.7
2025-06-03 19:00:00,25.7,79.0,53.5,,1.6
2025-06-03 20:00:00,25.0,37.0,56.4,0.4,1.9
2025-06-03 21:00:00,24.6,58.0,58.4,0.9,2.2
2025-06-03 22:00:00,23.9,297.0,62.1,0.8,3.1
2025-06-03 23:00:00,22.5,307.0,68.1,1.1,3.2
2025-06-04 00:00:00,21.3,303.0,73.2,1.3,3.9
2025-06-04 01:00:00,20.4,333.0,76.9,0.8,2.4
2025-06-04 02:00:00,20.3,4.0,75.3,0.9,3.0
2025-06-04 03:00:00,20.5,41.0,74.1,0.3,2.6
2025-06-04 04:00:00,20.5,71.0,73.3,,2.0
2025-06-04 05:00:00,20.3,84.0,72.1,2.0,4.2
2025-06-04 06:00:00,20.5,88.0,69.7,1.5,3.5
2025-06-04 07:00:00,21.3,89.0,70.6,0.6,2.6
2025-06-04 08:00:00,22.1,59.0,69.8,1.1,3.5
2025-06-04 09:00:00,23.1,82.0,66.9,1.4,3.9
2025-06-04 10:00:00,23.8,122.0,63.5,1.3,4.6
2025-06-04 11:00:00,24.1,115.0,61.4,1.3,4.7
2025-06-04 12:00:00,24.6,126.0,55.9,1.2,4.6
2025-06-04 13:00:00,24.3,164.0,53.5,1.3,5.5
2025-06-04 14:00:00,22.3,256.0,67.4,0.6,4.1
2025-06-04 15:00:00,22.4,296.0,67.4,1.4,4.2
2025-06-04 16:00:00,22.8,335.0,64.4,1.1,3.0
2025-06-04 17:00:00,23.2,313.0,64.6,1.1,3.9
2025-06-04 18:00:00,22.7,306.0,68.9,0.9,2.2
2025-06-04 19:00:00,22.7,282.0,69.7,0.5,1.7
2025-06-04 20:00:00,22.6,248.0,69.4,0.8,3.0
2025-06-04 21:00:00,21.8,266.0,68.5,1.5,4.3
2025-06-04 22:00:00,21.0,304.0,70.0,1.2,3.5
2025-06-04 23:00:00,20.6,353.0,71.4,0.7,2.5
2025-06-05 00:00:00,20.7,344.0,70.2,0.5,1.9
2025-06-05 01:00:00,20.3,62.0,71.9,0.6,1.5
2025-06-05 02:00:00,20.6,72.0,72.4,0.6,1.7
2025-06-05 03:00:00,20.7,49.0,71.6,0.6,1.3
2025-06-05 04:00:00,20.8,95.0,71.5,0.9,1.9
2025-06-05 05:00:00,20.9,93.0,72.8,1.2,2.4
2025-06-05 06:00:00,20.7,79.0,75.5,,2.0
2025-06-05 07:00:00,21.2,70.0,72.9,1.0,2.7
2025-06-05 08:00:00,21.5,59.0,70.4,1.0,2.7
2025-06-05 09:00:00,22.2,61.0,64.7,1.0,2.7
2025-06-05 10:00:00,24.6,93.0,55.1,1.4,4.7
2025-06-05 11:00:00,24.5,123.0,57.3,1.4,3.9
2025-06-05 12:00:00,25.6,129.0,51.3,1.8,5.6
2025-06-05 13:00:00,25.6,170.0,49.1,1.6,5.6
2025-06-05 14:00:00,25.8,199.0,49.0,1.3,6.3
2025-06-05 15:00:00,25.9,217.0,50.4,1.4,5.8
2025-06-05 16:00:00,25.6,219.0,50.9,2.1,6.3
2025-06-05 17:00:00,24.3,273.0,60.8,1.1,6.6
2025-06-05 18:00:00,23.3,360.0,67.5,1.4,3.6
2025-06-05 19:00:00,22.7,353.0,67.6,1.3,3.7
2025-06-05 20:00:00,22.1,356.0,71.7,0.9,2.7
2025-06-05 21:00:00,21.5,349.0,73.7,0.6,2.1
2025-06-05 22:00:00,21.1,288.0,73.8,0.8,3.4
2025-06-05 23:00:00,21.4,272.0,70.2,1.5,4.6
2025-06-06 00:00:00,20.9,295.0,73.8,1.1,3.0
2025-06-06 01:00:00,20.8,339.0,75.1,0.4,1.5
2025-06-06 02:00:00,20.7,320.0,75.4,0.5,1.3
2025-06-06 03:00:00,20.8,295.0,73.8,0.5,1.9
2025-06-06 04:00:00,20.3,319.0,77.7,,1.2
2025-06-06 05:00:00,20.3,5.0,77.9,,1.7
2025-06-06 06:00:00,20.9,358.0,74.7,1.0,2.5
2025-06-06 07:00:00,21.6,8.0,71.3,0.7,2.1
2025-06-06 08:00:00,22.6,89.0,67.2,0.4,2.0
2025-06-06 09:00:00,23.7,194.0,61.6,1.0,4.4
2025-06-06 10:00:00,24.6,233.0,58.2,1.2,4.4
2025-06-06 11:00:00,25.1,206.0,56.8,1.1,4.2
2025-06-06 12:00:00,25.4,228.0,56.9,0.9,4.6
2025-06-06 13:00:00,26.8,243.0,51.2,0.9,4.3
2025-06-06 14:00:00,26.8,189.0,51.4,1.2,4.7
2025-06-06 15:00:00,27.5,223.0,47.2,0.9,5.5
2025-06-06 16:00:00,27.3,199.0,48.2,1.2,4.3
2025-06-06 17:00:00,26.8,216.0,48.5,1.9,5.4
2025-06-06 18:00:00,26.0,214.0,50.3,2.2,5.6
2025-06-06 19:00:00,25.0,213.0,55.5,2.0,5.7
2025-06-06 20:00:00,23.9,222.0,59.1,2.1,5.0
2025-06-06 21:00:00,23.0,241.0,59.7,1.7,4.9
2025-06-06 22:00:00,22.5,256.0,61.4,1.8,4.9
2025-06-06 23:00:00,22.0,251.0,63.3,1.9,5.2
2025-06-07 00:00:00,21.7,246.0,64.5,1.2,3.6
2025-06-07 01:00:00,21.5,240.0,65.3,1.1,2.9
2025-06-07 02:00:00,21.0,270.0,67.8,0.9,2.5
2025-06-07 03:00:00,20.6,271.0,69.8,1.0,2.3
2025-06-07 04:00:00,20.8,268.0,68.6,0.7,2.3
2025-06-07 05:00:00,21.0,260.0,66.5,1.1,3.0
2025-06-07 06:00:00,21.4,262.0,65.9,1.3,4.2
2025-06-07 07:00:00,22.1,247.0,63.5,1.3,4.3
2025-06-07 08:00:00,23.3,242.0,58.9,1.8,6.1
2025-06-07 09:00:00,24.2,218.0,54.9,1.6,5.5
2025-06-07 10:00:00,24.3,227.0,55.2,1.4,5.5
2025-06-07 11:00:00,24.6,227.0,56.6,1.1,3.9
2025-06-07 12:00:00,25.1,243.0,55.2,0.7,4.7
2025-06-07 13:00:00,26.4,188.0,51.7,0.5,2.9
2025-06-07 14:00:00,26.8,201.0,50.0,1.1,3.7
2025-06-07 15:00:00,26.9,183.0,50.3,1.2,4.3
2025-06-07 16:00:00,26.7,195.0,52.2,1.6,4.5
2025-06-07 17:00:00,27.0,188.0,51.9,1.2,4.1
2025-06-07 18:00:00,26.7,203.0,52.5,1.4,4.2
2025-06-07 19:00:00,25.9,204.0,53.0,1.7,5.3
2025-06-07 20:00:00,25.1,225.0,54.9,1.3,4.1
2025-06-07 21:00:00,24.2,235.0,59.2,1.4,3.8
2025-06-07 22:00:00,23.5,235.0,62.5,0.8,2.5
2025-06-07 23:00:00,23.0,241.0,64.1,1.1,3.1
2025-06-08 00:00:00,22.5,272.0,66.4,0.9,2.3
2025-06-08 01:00:00,22.2,272.0,68.1,0.9,2.7
2025-06-08 02:00:00,22.2,229.0,69.3,1.1,3.6
2025-06-08 03:00:00,22.1,243.0,70.3,1.1,3.4
2025-06-08 04:00:00,21.5,241.0,72.3,0.9,2.8
2025-06-08 05:00:00,21.5,255.0,71.2,1.1,3.5
2025-06-08 06:00:00,21.7,252.0,68.8,1.3,3.4
2025-06-08 07:00:00,22.2,230.0,64.8,1.3,3.8
2025-06-08 08:00:00,23.1,230.0,61.7,1.8,5.5
2025-06-08 09:00:00,23.7,220.0,61.8,1.5,4.7
2025-06-08 10:00:00,24.6,259.0,61.7,1.4,5.2
2025-06-08 11:00:00,25.8,263.0,59.4,1.8,5.5
2025-06-08 12:00:00,27.4,260.0,53.7,1.6,5.4
2025-06-08 13:00:00,28.4,252.0,48.6,1.3,4.7
2025-06-08 14:00:00,28.6,254.0,46.2,1.6,5.3
2025-06-08 15:00:00,28.8,238.0,45.2,1.6,5.1
2025-06-08 16:00:00,28.9,244.0,40.8,1.9,5.2
2025-06-08 17:00:00,28.8,247.0,37.5,2.1,5.3
2025-06-08 18:00:00,28.4,243.0,43.9,1.7,4.5
2025-06-08 19:00:00,27.7,255.0,52.1,1.8,4.5
2025-06-08 20:00:00,26.4,227.0,54.7,2.0,5.7
2025-06-08 21:00:00,25.3,237.0,55.3,1.6,5.8
2025-06-08 22:00:00,24.1,243.0,60.8,2.0,6.1
2025-06-08 23:00:00,23.1,231.0,64.4,1.8,5.3
2025-06-09 00:00:00,22.3,243.0,62.6,1.2,3.1
2025-06-09 01:00:00,21.5,254.0,54.4,1.0,2.6
2025-06-09 02:00:00,21.1,240.0,49.4,0.7,2.4
2025-06-09 03:00:00,20.1,256.0,45.3,1.0,2.4
2025-06-09 04:00:00,19.7,292.0,41.1,0.6,2.2
2025-06-09 05:00:00,19.2,28.0,45.9,,1.2
2025-06-09 06:00:00,20.5,53.0,47.0,0.9,2.8
2025-06-09 07:00:00,23.2,64.0,38.7,1.9,4.3
2025-06-09 08:00:00,25.1,86.0,39.9,3.0,7.0
2025-06-09 09:00:00,25.8,94.0,49.1,2.7,7.3
2025-06-09 10:00:00,26.8,105.0,48.5,2.3,7.0
2025-06-09 11:00:00,28.3,100.0,44.7,2.4,7.0
2025-06-09 12:00:00,29.0,101.0,39.8,2.2,6.8
2025-06-09 13:00:00,29.4,106.0,38.7,2.5,7.0
2025-06-09 14:00:00,29.1,105.0,39.2,2.4,6.8
2025-06-09 15:00:00,29.0,97.0,39.7,2.4,7.3
2025-06-09 16:00:00,28.3,106.0,43.7,2.4,6.7
2025-06-09 17:00:00,27.9,114.0,45.8,2.6,6.2
2025-06-09 18:00:00,27.4,115.0,49.4,2.6,5.9
2025-06-09 19:00:00,26.6,109.0,52.6,2.8,6.3
2025-06-09 20:00:00,25.7,111.0,55.9,2.3,4.7
2025-06-09 21:00:00,25.2,105.0,58.0,2.5,4.7
2025-06-09 22:00:00,24.4,106.0,59.4,2.7,6.2
2025-06-09 23:00:00,23.6,89.0,60.8,2.3,6.2
2025-06-10 00:00:00,22.7,82.0,63.1,2.5,5.9
2025-06-10 01:00:00,21.8,76.0,63.4,2.5,5.4
2025-06-10 02:00:00,21.2,74.0,62.5,2.3,5.0
2025-06-10 03:00:00,20.7,77.0,65.8,2.5,5.4
2025-06-10 04:00:00,20.5,77.0,68.0,2.6,6.0
2025-06-10 05:00:00,20.8,79.0,64.4,2.3,4.8
2025-06-10 06:00:00,21.2,79.0,59.5,2.4,5.3
2025-06-10 07:00:00,22.5,81.0,53.2,1.9,4.7
2025-06-10 08:00:00,24.1,87.0,50.6,1.6,4.2
2025-06-10 09:00:00,25.1,71.0,46.5,1.4,3.7
2025-06-10 10:00:00,26.0,91.0,44.1,0.6,4.1
2025-06-10 11:00:00,27.3,139.0,41.6,0.8,3.9
2025-06-10 12:00:00,28.2,186.0,40.5,0.6,4.7
2025-06-10 13:00:00,28.2,222.0,41.1,1.0,5.0
2025-06-10 14:00:00,28.7,244.0,41.2,1.4,4.7
2025-06-10 15:00:00,28.8,252.0,41.4,0.9,4.8
2025-06-10 16:00:00,28.4,222.0,42.2,1.1,5.2
2025-06-10 17:00:00,28.4,245.0,42.5,1.0,4.1
2025-06-10 18:00:00,28.0,255.0,45.2,1.7,3.9
2025-06-10 19:00:00,27.4,247.0,47.4,1.5,4.4
2025-06-10 20:00:00,26.5,265.0,52.6,1.1,3.3
2025-06-10 21:00:00,25.7,273.0,55.6,1.0,2.5
2025-06-10 22:00:00,25.0,283.0,57.9,0.9,2.3
2025-06-10 23:00:00,24.3,314.0,61.0,0.9,1.8
2025-06-11 00:00:00,23.5,302.0,65.4,,1.0
2025-06-11 01:00:00,23.1,266.0,67.4,0.8,2.1
2025-06-11 02:00:00,22.8,262.0,68.7,1.0,2.7
2025-06-11 03:00:00,22.1,260.0,71.1,0.9,2.8
2025-06-11 04:00:00,21.8,267.0,72.4,1.0,2.2
2025-06-11 05:00:00,21.5,304.0,73.9,0.8,2.4
2025-06-11 06:00:00,22.1,17.0,71.2,0.5,1.6
2025-06-11 07:00:00,24.4,70.0,62.8,1.2,3.4
2025-06-11 08:00:00,26.2,79.0,55.1,1.2,3.3
2025-06-11 09:00:00,27.1,48.0,52.3,1.0,3.2
2025-06-11 10:00:00,28.8,94.0,48.1,0.7,3.6
2025-06-11 11:00:00,30.7,78.0,43.5,1.2,4.3
2025-06-11 12:00:00,30.9,108.0,44.5,0.4,3.8
2025-06-11 13:00:00,31.8,93.0,41.7,1.2,4.3
2025-06-11 14:00:00,32.2,81.0,39.4,1.6,4.9
2025-06-11 15:00:00,32.0,80.0,37.8,1.7,5.8
2025-06-11 16:00:00,31.6,104.0,37.8,1.8,5.0
2025-06-11 17:00:00,31.3,111.0,39.8,2.0,5.1
2025-06-11 18:00:00,30.8,97.0,40.4,2.1,4.3
2025-06-11 19:00:00,29.8,109.0,43.2,1.7,3.8
2025-06-11 20:00:00,28.8,104.0,45.4,1.4,3.4
2025-06-11 21:00:00,27.9,93.0,48.3,1.2,2.9
2025-06-11 22:00:00,27.4,87.0,52.6,1.3,3.9
2025-06-11 23:00:00,26.7,112.0,57.2,0.9,2.1
2025-06-12 00:00:00,26.0,70.0,60.3,1.2,4.4
2025-06-12 01:00:00,25.6,73.0,60.0,2.3,4.8
2025-06-12 02:00:00,24.6,72.0,63.4,2.3,4.5
2025-06-12 03:00:00,24.1,65.0,64.9,1.6,3.3
2025-06-12 04:00:00,23.7,52.0,66.6,0.9,1.9
2025-06-12 05:00:00,23.8,64.0,66.8,0.9,1.9
2025-06-12 06:00:00,25.1,66.0,62.0,1.5,3.3
2025-06-12 07:00:00,26.8,85.0,53.2,2.0,4.3
2025-06-12 08:00:00,27.8,99.0,48.9,2.5,5.4
2025-06-12 09:00:00,28.9,99.0,46.7,2.3,5.2
2025-06-12 10:00:00,30.3,102.0,42.3,1.6,5.6
2025-06-12 11:00:00,30.6,120.0,40.6,0.8,4.4
2025-06-12 12:00:00,31.1,129.0,40.4,0.7,4.5
2025-06-12 13:00:00,31.7,144.0,40.0,0.8,4.4
2025-06-12 14:00:00,32.0,241.0,39.2,0.8,4.5
2025-06-12 15:00:00,32.1,223.0,39.8,1.3,6.2
2025-06-12 16:00:00,32.0,240.0,39.7,0.8,3.7
2025-06-12 17:00:00,31.8,225.0,40.1,0.6,3.4
2025-06-12 18:00:00,31.5,238.0,41.0,1.2,3.7
2025-06-12 19:00:00,30.8,252.0,44.6,1.4,3.8
2025-06-12 20:00:00,29.9,242.0,48.1,0.9,2.9
2025-06-12 21:00:00,29.0,269.0,51.3,0.6,2.1
2025-06-12 22:00:00,28.4,358.0,54.1,0.4,1.4
2025-06-12 23:00:00,27.6,36.0,58.0,,1.3
2025-06-13 00:00:00,27.1,61.0,60.0,1.5,3.4
2025-06-13 01:00:00,26.2,69.0,60.4,1.9,3.3
2025-06-13 02:00:00,25.8,67.0,60.4,1.9,4.5
2025-06-13 03:00:00,25.0,78.0,61.4,1.4,3.1
2025-06-13 04:00:00,24.5,63.0,62.7,1.0,2.0
2025-06-13 05:00:00,24.6,64.0,64.2,1.0,1.9
2025-06-13 06:00:00,25.7,90.0,58.7,1.1,3.3
2025-06-13 07:00:00,27.0,115.0,51.6,1.3,3.3
2025-06-13 08:00:00,28.1,116.0,48.4,1.4,3.6
2025-06-13 09:00:00,29.6,97.0,45.8,1.3,3.3
2025-06-13 10:00:00,30.9,55.0,43.8,,2.6
2025-06-13 11:00:00,32.0,150.0,42.8,0.8,3.5
2025-06-13 12:00:00,33.0,200.0,41.4,0.5,3.8
2025-06-13 13:00:00,33.4,150.0,40.6,0.9,3.8
2025-06-13 14:00:00,33.9,129.0,39.5,0.9,4.6
2025-06-13 15:00:00,33.9,147.0,39.8,0.9,4.5
2025-06-13 16:00:00,33.6,118.0,40.4,1.5,4.9
2025-06-13 17:00:00,32.7,135.0,42.5,1.2,3.7
2025-06-13 18:00:00,32.2,111.0,44.4,1.8,4.0
2025-06-13 19:00:00,31.7,120.0,45.2,1.5,3.9
2025-06-13 20:00:00,30.9,119.0,47.1,1.3,2.7
2025-06-13 21:00:00,30.4,119.0,47.7,1.3,3.5
2025-06-13 22:00:00,29.7,90.0,49.2,1.2,2.9
2025-06-13 23:00:00,28.9,60.0,52.8,1.4,2.5
2025-06-14 00:00:00,28.3,,55.3,,5.0
2025-06-14 01:00:00,26.9,,58.7,,5.5
2025-06-14 02:00:00,26.4,64.0,58.4,2.5,4.8
2025-06-14 03:00:00,26.4,59.0,57.9,1.7,4.3
2025-06-14 04:00:00,26.3,51.0,58.8,1.2,2.7
2025-06-14 05:00:00,26.3,59.0,59.2,1.4,3.2
2025-06-14 06:00:00,26.9,21.0,58.1,0.7,2.5
2025-06-14 07:00:00,28.5,87.0,52.1,1.0,4.0
2025-06-14 08:00:00,29.7,97.0,46.8,1.2,3.5
2025-06-14 09:00:00,29.9,141.0,45.7,0.7,3.3
2025-06-14 10:00:00,31.5,216.0,42.7,0.5,3.2
2025-06-14 11:00:00,32.3,226.0,41.4,0.9,3.7
2025-06-14 12:00:00,33.1,229.0,40.5,1.3,4.6
2025-06-14 13:00:00,33.7,245.0,40.4,1.7,4.8
2025-06-14 14:00:00,33.8,251.0,41.5,1.8,6.2
2025-06-14 15:00:00,33.9,247.0,41.9,1.8,5.1
2025-06-14 16:00:00,33.3,246.0,43.3,1.6,5.1
2025-06-14 17:00:00,33.0,262.0,45.0,1.6,5.4
2025-06-14 18:00:00,32.2,265.0,48.8,1.8,7.0
2025-06-14 19:00:00,31.9,20.0,43.3,1.6,5.5
2025-06-14 20:00:00,30.3,15.0,39.0,2.0,5.9
2025-06-14 21:00:00,29.1,55.0,37.7,1.6,3.6
2025-06-14 22:00:00,28.0,30.0,42.7,1.2,4.1
2025-06-14 23:00:00,26.9,343.0,45.7,0.9,2.8
2025-06-15 00:00:00,26.4,6.0,45.9,1.1,2.9
2025-06-15 01:00:00,26.0,357.0,45.9,1.1,3.9
2025-06-15 02:00:00,25.5,324.0,46.8,0.7,2.2
2025-06-15 03:00:00,25.1,320.0,46.1,0.8,1.9
2025-06-15 04:00:00,24.7,316.0,47.3,0.5,1.5
2025-06-15 05:00:00,24.6,298.0,49.1,,1.2
2025-06-15 06:00:00,25.4,353.0,48.2,0.4,1.5
2025-06-15 07:00:00,27.5,33.0,45.7,0.5,2.0
2025-06-15 08:00:00,28.7,74.0,43.3,,2.7
2025-06-15 09:00:00,30.3,70.0,40.0,1.0,3.4
2025-06-15 10:00:00,31.7,93.0,36.8,0.9,4.2
2025-06-15 11:00:00,33.4,96.0,33.6,0.9,4.5
2025-06-15 12:00:00,34.2,127.0,32.2,0.9,5.3
2025-06-15 13:00:00,34.4,124.0,32.1,1.5,4.7
2025-06-15 14:00:00,34.5,145.0,32.5,1.0,4.4
2025-06-15 15:00:00,34.2,228.0,35.0,1.1,4.9
2025-06-15 16:00:00,33.9,257.0,37.3,1.8,5.6
2025-06-15 17:00:00,33.4,237.0,39.1,1.5,4.3
2025-06-15 18:00:00,32.3,223.0,42.4,1.8,8.3
2025-06-15 19:00:00,26.8,99.0,71.9,1.7,7.1
2025-06-15 20:00:00,25.4,280.0,67.8,0.4,1.8
2025-06-15 21:00:00,26.6,258.0,63.8,1.0,3.2
2025-06-15 22:00:00,26.6,290.0,63.6,0.9,3.0
2025-06-15 23:00:00,26.3,274.0,64.3,0.7,2.2
2025-06-16 00:00:00,26.2,231.0,66.6,0.9,2.7
2025-06-16 01:00:00,25.7,264.0,70.3,1.1,2.7
2025-06-16 02:00:00,25.1,263.0,65.9,1.2,3.1
2025-06-16 03:00:00,24.3,296.0,62.4,0.9,2.5
2025-06-16 04:00:00,23.8,10.0,61.1,0.4,2.4
2025-06-16 05:00:00,24.1,67.0,67.4,1.7,5.6
2025-06-16 06:00:00,24.5,49.0,70.5,2.2,5.3
2025-06-16 07:00:00,26.1,54.0,64.0,3.1,6.6
2025-06-16 08:00:00,27.6,57.0,60.6,3.0,7.6
2025-06-16 09:00:00,28.7,51.0,54.2,3.6,8.8
2025-06-16 10:00:00,30.6,78.0,47.2,3.6,8.4
2025-06-16 11:00:00,31.6,88.0,44.0,3.8,8.2
2025-06-16 12:00:00,31.5,84.0,41.8,4.0,8.9
2025-06-16 13:00:00,30.8,99.0,41.7,4.1,10.5
2025-06-16 14:00:00,29.1,88.0,40.3,3.0,6.3
2025-06-16 15:00:00,29.6,125.0,38.4,3.4,7.7
2025-06-16 16:00:00,28.7,130.0,41.0,3.6,9.2
2025-06-16 17:00:00,28.1,120.0,42.5,4.0,9.4
2025-06-16 18:00:00,26.6,106.0,45.7,3.9,8.0
2025-06-16 19:00:00,25.6,88.0,46.2,3.1,8.0
2025-06-16 20:00:00,24.7,76.0,49.4,3.4,7.2
2025-06-16 21:00:00,24.1,78.0,52.1,2.9,7.5
2025-06-16 22:00:00,23.2,79.0,56.0,2.5,5.4
2025-06-16 23:00:00,22.1,82.0,62.3,2.5,6.3
2025-06-17 00:00:00,21.2,78.0,68.3,2.1,4.6
2025-06-17 01:00:00,20.7,69.0,70.9,2.0,4.7
2025-06-17 02:00:00,20.3,64.0,72.5,2.0,4.3
2025-06-17 03:00:00,20.2,58.0,73.2,1.8,3.9
2025-06-17 04:00:00,20.0,60.0,73.5,1.4,3.6
2025-06-17 05:00:00,20.3,65.0,71.7,1.5,3.4
2025-06-17 06:00:00,21.0,59.0,67.7,1.3,3.5
2025-06-17 07:00:00,22.0,103.0,61.0,1.8,4.7
2025-06-17 08:00:00,23.1,86.0,55.5,1.8,4.8
2025-06-17 09:00:00,24.1,18.0,51.8,0.4,4.1
2025-06-17 10:00:00,25.4,274.0,47.0,0.9,3.6
2025-06-17 11:00:00,26.5,322.0,42.4,1.2,4.5
2025-06-17 12:00:00,27.6,279.0,39.7,0.8,4.3
2025-06-17 13:00:00,28.0,302.0,36.4,0.7,4.6
2025-06-17 14:00:00,28.6,239.0,35.2,0.3,3.6
2025-06-17 15:00:00,28.8,256.0,35.2,1.1,4.3
2025-06-17 16:00:00,28.4,208.0,35.8,1.1,4.8
2025-06-17 17:00:00,28.2,188.0,36.4,1.2,5.9
2025-06-17 18:00:00,27.3,165.0,39.0,1.8,5.3
2025-06-17 19:00:00,26.8,165.0,39.8,1.1,3.4
2025-06-17 20:00:00,26.3,200.0,42.7,0.9,2.9
2025-06-17 21:00:00,25.8,153.0,44.4,0.7,2.0
2025-06-17 22:00:00,25.4,112.0,46.5,1.0,2.0
2025-06-17 23:00:00,24.7,38.0,49.5,0.5,1.5
2025-06-18 00:00:00,24.0,23.0,53.9,0.5,1.8
2025-06-18 01:00:00,23.3,62.0,57.6,1.1,2.2
2025-06-18 02:00:00,22.8,62.0,60.0,1.3,2.7
2025-06-18 03:00:00,22.1,63.0,61.4,1.0,2.5
2025-06-18 04:00:00,21.6,60.0,62.8,1.1,1.9
2025-06-18 05:00:00,21.8,69.0,61.7,1.3,3.2
2025-06-18 06:00:00,22.8,75.0,57.4,1.7,3.5
2025-06-18 07:00:00,24.9,91.0,49.6,1.7,4.0
2025-06-18 08:00:00,26.4,88.0,43.3,1.5,3.8
2025-06-18 09:00:00,27.1,93.0,41.5,1.3,4.3
2025-06-18 10:00:00,29.0,92.0,38.0,1.2,4.6
2025-06-18 11:00:00,28.5,169.0,39.4,1.0,4.1
2025-06-18 12:00:00,30.2,121.0,36.5,1.1,5.1
2025-06-18 13:00:00,30.5,116.0,36.6,1.4,5.4
2025-06-18 14:00:00,30.6,138.0,37.1,1.3,4.8
2025-06-18 15:00:00,30.6,152.0,35.9,1.1,4.1
2025-06-18 16:00:00,30.5,148.0,35.2,1.0,4.4
2025-06-18 17:00:00,30.5,136.0,35.1,0.7,4.6
2025-06-18 18:00:00,30.0,146.0,35.5,1.1,4.1
2025-06-18 19:00:00,29.4,197.0,36.8,0.9,2.9
2025-06-18 20:00:00,28.5,136.0,37.5,1.1,3.2
2025-06-18 21:00:00,27.7,137.0,42.8,0.8,2.1
2025-06-18 22:00:00,27.0,113.0,44.4,0.7,1.6
2025-06-18 23:00:00,26.4,346.0,47.1,,1.1
2025-06-19 00:00:00,25.7,62.0,50.1,1.0,1.6
2025-06-19 01:00:00,25.1,61.0,54.0,1.0,1.8
2025-06-19 02:00:00,24.5,60.0,58.3,1.2,2.2
2025-06-19 03:00:00,24.0,70.0,60.6,0.8,1.7
2025-06-19 04:00:00,23.4,41.0,63.2,,1.6
2025-06-19 05:00:00,23.3,300.0,64.8,,1.0
2025-06-19 06:00:00,24.4,61.0,59.9,,2.2
2025-06-19 07:00:00,26.7,104.0,50.7,1.0,3.0
2025-06-19 08:00:00,27.6,128.0,48.8,0.8,3.0
2025-06-19 09:00:00,28.4,203.0,46.7,0.8,4.9
2025-06-19 10:00:00,29.9,180.0,42.2,0.8,4.0
2025-06-19 11:00:00,30.9,244.0,38.8,0.9,4.6
2025-06-19 12:00:00,32.2,213.0,35.6,0.9,5.1
2025-06-19 13:00:00,33.0,182.0,33.0,0.6,3.9
2025-06-19 14:00:00,33.1,220.0,32.2,0.9,5.2
2025-06-19 15:00:00,33.5,238.0,28.8,1.2,4.9
2025-06-19 16:00:00,33.2,254.0,30.8,1.0,4.2
2025-06-19 17:00:00,32.7,245.0,34.1,1.1,3.8
2025-06-19 18:00:00,32.4,252.0,36.3,1.2,3.6
2025-06-19 19:00:00,31.5,238.0,39.2,1.2,3.0
2025-06-19 20:00:00,30.6,236.0,43.3,1.0,2.8
2025-06-19 21:00:00,29.7,262.0,46.4,0.6,1.9
2025-06-19 22:00:00,29.0,332.0,48.1,0.5,1.8
2025-06-19 23:00:00,28.2,72.0,48.8,0.7,1.6
2025-06-20 00:00:00,27.4,42.0,52.4,0.8,2.0
2025-06-20 01:00:00,26.7,89.0,56.1,1.3,2.6
2025-06-20 02:00:00,26.1,68.0,58.5,1.0,2.5
2025-06-20 03:00:00,25.5,66.0,60.6,1.0,1.9
2025-06-20 04:00:00,25.1,54.0,61.8,1.0,2.3
2025-06-20 05:00:00,25.0,45.0,62.8,0.8,1.9
2025-06-20 06:00:00,25.9,58.0,59.9,1.1,2.6
2025-06-20 07:00:00,28.0,90.0,52.4,1.3,3.7
2025-06-20 08:00:00,29.5,109.0,47.8,2.1,4.6
2025-06-20 09:00:00,30.4,104.0,45.0,2.3,5.4
2025-06-20 10:00:00,32.3,103.0,41.2,1.9,6.1
2025-06-20 11:00:00,33.2,114.0,39.9,1.7,4.9
2025-06-20 12:00:00,33.2,129.0,37.0,0.9,4.6
2025-06-20 13:00:00,33.2,152.0,38.1,1.1,6.5
2025-06-20 14:00:00,33.5,119.0,37.5,1.5,5.6
2025-06-20 15:00:00,33.4,136.0,37.2,1.5,5.7
2025-06-20 16:00:00,33.4,126.0,37.5,1.8,6.2
2025-06-20 17:00:00,32.6,145.0,38.9,1.6,4.0
2025-06-20 18:00:00,32.2,169.0,39.1,1.2,3.5
2025-06-20 19:00:00,31.9,209.0,40.3,0.9,2.7
2025-06-20 20:00:00,31.0,5.0,43.4,0.2,1.6
2025-06-20 21:00:00,30.4,88.0,44.9,1.4,2.6
2025-06-20 22:00:00,29.9,82.0,45.9,1.6,3.3
2025-06-20 23:00:00,29.2,93.0,48.4,2.4,7.0
2025-06-21 00:00:00,27.9,85.0,55.9,3.1,6.9
2025-06-21 01:00:00,27.0,73.0,59.7,2.5,6.3
2025-06-21 02:00:00,26.4,78.0,55.9,3.8,9.3
2025-06-21 03:00:00,26.1,78.0,53.0,3.4,7.2
2025-06-21 04:00:00,25.7,86.0,56.0,3.2,6.9
2025-06-21 05:00:00,25.3,94.0,56.4,3.5,8.2
2025-06-21 06:00:00,25.7,99.0,54.7,4.0,8.9
2025-06-21 07:00:00,26.0,106.0,53.5,3.9,9.8
2025-06-21 08:00:00,27.1,89.0,50.3,3.5,7.9
2025-06-21 09:00:00,27.9,101.0,47.8,3.8,8.8
2025-06-21 10:00:00,29.6,106.0,43.4,3.4,8.0
2025-06-21 11:00:00,31.2,89.0,39.8,3.0,7.5
2025-06-21 12:00:00,31.6,99.0,39.4,3.4,7.2
2025-06-21 13:00:00,31.9,98.0,38.5,2.6,7.8
2025-06-21 14:00:00,31.5,95.0,39.8,2.7,6.8
2025-06-21 15:00:00,31.0,114.0,41.8,2.5,7.0
2025-06-21 16:00:00,30.1,103.0,46.4,3.0,6.4
2025-06-21 17:00:00,29.8,65.0,47.6,2.6,6.2
2025-06-21 18:00:00,27.3,26.0,43.6,3.5,16.0
2025-06-21 19:00:00,20.0,83.0,83.5,2.9,8.6
2025-06-21 20:00:00,20.9,79.0,75.8,2.6,6.6
2025-06-21 21:00:00,21.6,109.0,66.9,0.9,3.8
2025-06-21 22:00:00,21.5,215.0,69.2,,3.4
2025-06-21 23:00:00,21.5,296.0,70.6,1.1,3.0
2025-06-22 00:00:00,21.4,313.0,71.7,0.6,2.2
2025-06-22 01:00:00,21.5,353.0,70.6,0.5,1.9
2025-06-22 02:00:00,21.7,336.0,69.8,,1.1
2025-06-22 03:00:00,21.9,294.0,67.9,0.3,1.3
2025-06-22 04:00:00,21.7,305.0,69.5,0.8,3.2
2025-06-22 05:00:00,21.2,284.0,74.5,1.0,2.7
2025-06-22 06:00:00,21.9,357.0,67.4,0.3,1.4
2025-06-22 07:00:00,23.5,123.0,65.2,0.5,2.8
2025-06-22 08:00:00,24.7,157.0,61.0,0.6,3.0
2025-06-22 09:00:00,25.9,222.0,55.3,0.5,2.9
2025-06-22 10:00:00,27.1,226.0,53.4,1.1,4.3
2025-06-22 11:00:00,28.9,182.0,46.7,0.9,4.1
2025-06-22 12:00:00,29.4,239.0,43.6,1.1,5.2
2025-06-22 13:00:00,29.8,247.0,43.7,1.6,5.9
2025-06-22 14:00:00,30.1,235.0,41.4,1.3,6.3
2025-06-22 15:00:00,30.3,220.0,39.7,1.0,4.1
2025-06-22 16:00:00,30.5,226.0,37.5,0.9,4.4
2025-06-22 17:00:00,30.4,237.0,38.7,1.1,3.7
2025-06-22 18:00:00,29.9,246.0,40.3,1.2,4.2
2025-06-22 19:00:00,29.4,238.0,41.0,1.0,3.3
2025-06-22 20:00:00,28.6,233.0,44.3,1.1,2.9
2025-06-22 21:00:00,27.8,235.0,46.3,1.1,3.2
2025-06-22 22:00:00,26.7,272.0,50.9,0.8,2.1
2025-06-22 23:00:00,26.0,317.0,54.0,0.8,1.8
2025-06-23 00:00:00,25.2,8.0,57.9,0.4,1.3
2025-06-23 01:00:00,24.8,315.0,59.0,0.6,1.4
2025-06-23 02:00:00,24.4,327.0,61.6,,1.2
2025-06-23 03:00:00,23.7,306.0,64.5,0.8,1.7
2025-06-23 04:00:00,23.1,311.0,66.6,,1.0
2025-06-23 05:00:00,23.1,341.0,67.6,,1.5
2025-06-23 06:00:00,24.0,344.0,64.3,0.3,1.7
2025-06-23 07:00:00,26.4,335.0,57.2,,1.5
2025-06-23 08:00:00,27.8,222.0,51.0,0.7,3.5
2025-06-23 09:00:00,29.0,249.0,44.8,1.2,4.7
2025-06-23 10:00:00,30.5,246.0,40.1,2.3,7.5
2025-06-23 11:00:00,31.2,226.0,41.1,1.8,6.7
2025-06-23 12:00:00,31.9,232.0,38.4,1.9,5.4
2025-06-23 13:00:00,32.3,243.0,37.4,2.3,7.3
2025-06-23 14:00:00,32.6,248.0,36.7,2.9,8.1
2025-06-23 15:00:00,32.2,249.0,38.8,2.3,7.2
2025-06-23 16:00:00,32.0,238.0,39.1,1.6,4.8
2025-06-23 17:00:00,32.0,229.0,41.0,1.6,4.8
2025-06-23 18:00:00,30.5,218.0,44.2,2.2,5.9
2025-06-23 19:00:00,29.6,224.0,46.8,1.8,5.3
2025-06-23 20:00:00,28.6,220.0,48.9,2.1,5.9
2025-06-23 21:00:00,27.2,227.0,46.7,2.0,6.8
2025-06-23 22:00:00,26.1,248.0,49.5,1.8,5.9
2025-06-23 23:00:00,25.3,258.0,53.1,1.7,4.7
2025-06-24 00:00:00,24.8,268.0,56.5,1.6,4.0
2025-06-24 01:00:00,24.6,264.0,60.0,1.3,3.9
2025-06-24 02:00:00,24.1,272.0,64.3,1.2,3.1
2025-06-24 03:00:00,23.7,267.0,67.1,1.0,3.2
2025-06-24 04:00:00,23.6,246.0,69.3,0.9,3.6
2025-06-24 05:00:00,23.8,235.0,69.4,1.1,3.0
2025-06-24 06:00:00,24.4,254.0,68.2,1.2,3.6
2025-06-24 07:00:00,25.5,243.0,64.5,1.3,4.1
2025-06-24 08:00:00,26.4,213.0,61.4,1.4,4.1
2025-06-24 09:00:00,27.5,232.0,58.5,1.3,4.6
2025-06-24 10:00:00,29.1,190.0,54.0,1.2,5.4
2025-06-24 11:00:00,30.1,187.0,51.2,1.1,4.6
2025-06-24 12:00:00,31.2,205.0,48.7,1.3,4.8
2025-06-24 13:00:00,31.8,219.0,47.1,1.0,4.2
2025-06-24 14:00:00,32.3,176.0,45.5,1.5,6.0
2025-06-24 15:00:00,32.5,223.0,44.2,1.5,5.0
2025-06-24 16:00:00,32.4,238.0,44.1,1.7,4.5
2025-06-24 17:00:00,32.2,254.0,44.3,1.7,4.5
2025-06-24 18:00:00,31.8,236.0,46.4,1.7,4.6
2025-06-24 19:00:00,31.1,230.0,48.5,1.5,5.1
2025-06-24 20:00:00,30.1,225.0,54.3,2.0,5.5
2025-06-24 21:00:00,28.6,224.0,58.6,2.2,5.4
2025-06-24 22:00:00,27.9,225.0,59.7,1.2,4.3
2025-06-24 23:00:00,27.0,252.0,63.1,1.6,4.4
2025-06-25 00:00:00,26.4,263.0,65.7,1.1,3.4
2025-06-25 01:00:00,25.9,292.0,69.6,1.3,2.7
2025-06-25 02:00:00,25.7,278.0,70.6,1.1,2.8
2025-06-25 03:00:00,25.5,260.0,69.2,1.0,2.9
2025-06-25 04:00:00,25.3,266.0,68.9,1.0,3.1
2025-06-25 05:00:00,25.5,240.0,66.3,1.1,4.0
2025-06-25 06:00:00,26.1,230.0,63.0,1.4,4.1
2025-06-25 07:00:00,27.2,213.0,59.1,1.8,4.9
2025-06-25 08:00:00,27.9,234.0,57.1,1.4,3.7
2025-06-25 09:00:00,29.2,223.0,53.0,1.4,4.4
2025-06-25 10:00:00,30.7,222.0,50.5,1.1,3.7
2025-06-25 11:00:00,32.5,232.0,46.9,1.2,3.8
2025-06-25 12:00:00,33.1,247.0,44.0,1.0,4.4
2025-06-25 13:00:00,33.7,254.0,39.7,1.4,5.4
2025-06-25 14:00:00,34.3,253.0,34.6,1.2,6.0
2025-06-25 15:00:00,34.4,234.0,35.0,1.3,4.6
2025-06-25 16:00:00,34.0,214.0,37.9,1.6,5.4
2025-06-25 17:00:00,33.6,226.0,37.3,1.6,4.9
2025-06-25 18:00:00,33.1,237.0,38.7,1.7,4.8
2025-06-25 19:00:00,32.4,237.0,40.9,1.2,3.1
2025-06-25 20:00:00,31.6,229.0,41.2,1.2,2.4
2025-06-25 21:00:00,30.8,233.0,44.0,1.5,4.7
2025-06-25 22:00:00,29.7,232.0,44.1,1.5,4.6
2025-06-25 23:00:00,28.9,258.0,45.7,1.3,4.5
2025-06-26 00:00:00,28.3,275.0,45.0,1.3,2.9
2025-06-26 01:00:00,27.3,304.0,48.7,1.0,2.2
2025-06-26 02:00:00,26.8,284.0,49.1,0.7,1.7
2025-06-26 03:00:00,26.7,280.0,48.9,0.6,1.7
2025-06-26 04:00:00,26.6,238.0,49.7,0.4,1.4
2025-06-26 05:00:00,26.5,284.0,53.2,0.7,1.8
2025-06-26 06:00:00,27.6,255.0,48.7,1.0,3.0
2025-06-26 07:00:00,28.9,254.0,42.0,1.7,3.7
2025-06-26 08:00:00,29.9,233.0,40.3,1.3,3.9
2025-06-26 09:00:00,30.9,227.0,39.6,1.2,4.6
2025-06-26 10:00:00,31.4,216.0,45.2,1.5,4.5
2025-06-26 11:00:00,32.6,203.0,40.4,1.0,4.6
2025-06-26 12:00:00,33.4,155.0,38.0,1.9,5.9
2025-06-26 13:00:00,33.3,190.0,38.5,1.8,7.2
2025-06-26 14:00:00,32.9,228.0,41.7,1.5,4.7
2025-06-26 15:00:00,33.4,268.0,42.2,2.1,7.9
2025-06-26 16:00:00,32.2,332.0,42.2,1.9,7.7
2025-06-26 17:00:00,31.7,300.0,33.2,2.2,6.7
2025-06-26 18:00:00,30.1,305.0,33.4,2.2,6.9
2025-06-26 19:00:00,29.7,356.0,32.9,2.0,7.2
2025-06-26 20:00:00,29.0,346.0,30.5,1.8,8.4
2025-06-26 21:00:00,28.0,279.0,35.9,1.3,4.0
2025-06-26 22:00:00,26.8,279.0,40.0,1.3,3.5
2025-06-26 23:00:00,26.0,265.0,42.7,1.5,4.5
2025-06-27 00:00:00,25.2,275.0,45.2,1.5,3.7
2025-06-27 01:00:00,24.5,282.0,48.3,1.5,3.9
2025-06-27 02:00:00,23.9,299.0,49.9,1.6,4.5
2025-06-27 03:00:00,23.9,66.0,50.3,1.1,3.4
2025-06-27 04:00:00,23.6,43.0,51.2,1.4,4.4
2025-06-27 05:00:00,24.4,54.0,52.4,2.4,5.8
2025-06-27 06:00:00,25.1,75.0,62.1,3.5,6.9
2025-06-27 07:00:00,26.7,81.0,56.7,2.9,5.7
2025-06-27 08:00:00,28.4,100.0,48.7,2.2,5.2
2025-06-27 09:00:00,29.2,88.0,44.7,1.3,3.9
2025-06-27 10:00:00,30.9,112.0,39.6,0.7,2.8
2025-06-27 11:00:00,32.2,118.0,37.0,0.5,3.8
2025-06-27 12:00:00,33.5,181.0,33.5,0.7,4.1
2025-06-27 13:00:00,32.9,199.0,33.0,1.0,4.5
2025-06-27 14:00:00,33.5,214.0,30.2,1.1,4.5
2025-06-27 15:00:00,33.7,203.0,27.3,1.3,5.9
2025-06-27 16:00:00,33.4,173.0,27.4,1.1,5.6
2025-06-27 17:00:00,33.1,171.0,29.4,1.2,4.7
2025-06-27 18:00:00,32.7,194.0,30.5,1.4,4.5
2025-06-27 19:00:00,32.1,217.0,31.6,1.3,4.1
2025-06-27 20:00:00,31.2,255.0,37.5,1.1,3.4
2025-06-27 21:00:00,30.1,277.0,40.2,0.9,2.1
2025-06-27 22:00:00,29.5,305.0,42.1,0.9,1.7
2025-06-27 23:00:00,28.7,360.0,45.4,0.5,1.5
2025-06-28 00:00:00,27.9,3.0,48.1,0.5,1.4
2025-06-28 01:00:00,27.2,359.0,51.1,,2.0
2025-06-28 02:00:00,26.4,327.0,54.7,0.5,1.5
2025-06-28 03:00:00,26.0,344.0,56.8,,1.0
2025-06-28 04:00:00,25.5,327.0,59.8,0.4,1.4
2025-06-28 05:00:00,25.5,65.0,59.2,0.9,2.0
2025-06-28 06:00:00,26.5,96.0,51.2,1.0,2.8
2025-06-28 07:00:00,28.5,87.0,45.1,1.6,3.9
2025-06-28 08:00:00,30.2,77.0,40.6,1.2,3.9
2025-06-28 09:00:00,31.0,76.0,38.5,1.1,3.9
2025-06-28 10:00:00,33.5,64.0,33.7,0.9,3.6
2025-06-28 11:00:00,34.9,83.0,30.6,1.2,4.6
2025-06-28 12:00:00,35.6,83.0,29.2,1.8,6.2
2025-06-28 13:00:00,36.0,96.0,28.1,1.4,6.0
2025-06-28 14:00:00,35.5,134.0,29.2,1.3,4.8
2025-06-28 15:00:00,34.9,151.0,31.8,1.2,6.9
2025-06-28 16:00:00,35.0,123.0,31.7,1.6,5.3
2025-06-28 17:00:00,34.3,158.0,34.6,1.9,5.0
2025-06-28 18:00:00,33.9,157.0,35.8,1.5,4.3
2025-06-28 19:00:00,33.3,151.0,35.3,1.2,3.4
2025-06-28 20:00:00,32.5,131.0,35.8,0.8,2.2
2025-06-28 21:00:00,31.6,104.0,39.9,1.1,2.3
2025-06-28 22:00:00,31.0,70.0,42.8,0.7,1.9
2025-06-28 23:00:00,30.4,78.0,44.8,1.3,2.7
2025-06-29 00:00:00,29.8,78.0,47.8,1.6,4.5
2025-06-29 01:00:00,28.8,62.0,51.1,1.4,3.7
2025-06-29 02:00:00,28.2,47.0,53.0,1.1,2.7
2025-06-29 03:00:00,27.7,56.0,54.6,1.4,2.9
2025-06-29 04:00:00,27.2,56.0,56.0,1.6,2.9
2025-06-29 05:00:00,27.1,55.0,56.7,1.1,2.7
2025-06-29 06:00:00,28.4,74.0,52.1,1.7,5.1
2025-06-29 07:00:00,30.0,94.0,46.0,2.6,6.2
2025-06-29 08:00:00,31.1,104.0,43.9,3.5,7.0
2025-06-29 09:00:00,31.9,105.0,41.3,3.3,6.4
2025-06-29 10:00:00,34.5,99.0,35.0,3.1,6.4
2025-06-29 11:00:00,35.5,105.0,33.3,2.3,5.9
2025-06-29 12:00:00,35.7,111.0,32.0,1.6,6.1
2025-06-29 13:00:00,35.6,113.0,30.2,1.0,4.2
2025-06-29 14:00:00,35.5,127.0,30.8,1.4,6.5
2025-06-29 15:00:00,35.9,105.0,30.8,2.0,5.0
2025-06-29 16:00:00,35.0,128.0,33.8,1.8,5.7
2025-06-29 17:00:00,34.6,123.0,35.2,2.0,5.9
2025-06-29 18:00:00,34.1,125.0,36.0,2.0,4.8
2025-06-29 19:00:00,33.4,113.0,37.9,2.1,5.0
2025-06-29 20:00:00,32.5,108.0,41.6,2.1,3.8
2025-06-29 21:00:00,31.8,112.0,43.6,1.6,3.1
2025-06-29 22:00:00,31.1,75.0,46.0,1.2,2.3
2025-06-29 23:00:00,30.7,70.0,47.3,1.5,2.6
2025-06-30 00:00:00,30.0,77.0,49.6,1.4,3.5
2025-06-30 01:00:00,29.2,61.0,52.2,1.7,3.6
2025-06-30 02:00:00,28.5,65.0,54.0,1.6,3.2
2025-06-30 03:00:00,28.1,67.0,54.8,1.9,3.4
2025-06-30 04:00:00,27.8,68.0,55.1,1.8,3.4
2025-06-30 05:00:00,27.8,61.0,55.1,1.4,3.3
2025-06-30 06:00:00,28.8,52.0,52.0,1.6,4.0
2025-06-30 07:00:00,30.8,59.0,43.9,2.0,5.3
2025-06-30 08:00:00,32.8,87.0,36.6,2.2,5.7
2025-06-30 09:00:00,33.3,108.0,36.2,1.7,4.1
2025-06-30 10:00:00,35.1,100.0,34.5,1.8,5.9
2025-06-30 11:00:00,35.0,124.0,32.6,1.7,5.0
2025-06-30 12:00:00,36.2,109.0,27.5,1.3,5.1
2025-06-30 13:00:00,36.8,100.0,27.2,1.8,6.9
2025-06-30 14:00:00,35.8,138.0,28.0,1.6,5.8
2025-06-30 15:00:00,35.5,110.0,28.1,2.2,6.0
2025-06-30 16:00:00,34.9,147.0,31.2,1.1,4.6
2025-06-30 17:00:00,34.2,240.0,34.1,1.3,5.4
2025-06-30 18:00:00,33.6,266.0,38.3,2.3,6.8
2025-06-30 19:00:00,31.6,290.0,42.5,3.1,9.2
2025-06-30 20:00:00,29.9,301.0,39.2,1.1,5.0
2025-06-30 21:00:00,29.7,272.0,38.0,0.9,4.1
2025-06-30 22:00:00,28.4,330.0,43.0,1.3,5.0
2025-06-30 23:00:00,28.0,302.0,44.3,1.3,4.5
2025-07-01 00:00:00,27.0,317.0,48.7,0.8,2.1
2025-07-01 01:00:00,26.9,61.0,50.8,0.7,3.1
2025-07-01 02:00:00,26.6,98.0,54.7,1.1,3.0
2025-07-01 03:00:00,26.5,43.0,55.9,1.0,2.8
2025-07-01 04:00:00,26.3,59.0,57.3,1.1,2.4
2025-07-01 05:00:00,26.7,49.0,57.1,1.5,3.3
2025-07-01 06:00:00,27.6,57.0,54.8,1.5,3.4
2025-07-01 07:00:00,28.9,95.0,50.7,0.7,2.6
2025-07-01 08:00:00,30.5,96.0,45.0,1.0,3.0
2025-07-01 09:00:00,31.4,113.0,42.5,1.1,3.4
2025-07-01 10:00:00,32.5,136.0,39.2,1.5,5.2
2025-07-01 11:00:00,33.7,127.0,36.7,1.4,4.7
2025-07-01 12:00:00,35.1,103.0,35.6,1.9,5.7
2025-07-01 13:00:00,35.1,116.0,35.9,2.5,6.4
2025-07-01 14:00:00,34.9,115.0,35.9,2.3,7.0
2025-07-01 15:00:00,34.8,111.0,37.1,2.7,6.3
2025-07-01 16:00:00,34.3,100.0,39.8,2.5,5.4
2025-07-01 17:00:00,33.6,86.0,41.6,2.2,5.3
2025-07-01 18:00:00,33.0,84.0,41.3,2.7,5.9
2025-07-01 19:00:00,31.6,54.0,41.1,2.3,5.8
2025-07-01 20:00:00,29.7,339.0,46.3,2.3,7.4
2025-07-01 21:00:00,28.0,359.0,45.3,4.2,13.0
2025-07-01 22:00:00,27.1,2.0,47.7,2.4,6.8
2025-07-01 23:00:00,26.7,320.0,54.8,1.3,5.0
2025-07-02 00:00:00,25.6,328.0,58.5,0.9,3.6
2025-07-02 01:00:00,25.3,272.0,60.6,0.6,2.3
2025-07-02 02:00:00,25.3,256.0,61.5,1.4,5.1
2025-07-02 03:00:00,24.8,284.0,60.9,2.0,5.2
2025-07-02 04:00:00,25.0,284.0,57.7,1.5,4.4
2025-07-02 05:00:00,24.8,283.0,58.9,1.1,2.6
2025-07-02 06:00:00,25.4,251.0,58.1,0.6,1.7
2025-07-02 07:00:00,26.6,226.0,54.9,0.7,2.3
2025-07-02 08:00:00,28.6,19.0,49.0,0.2,3.1
2025-07-02 09:00:00,29.4,112.0,48.2,0.8,3.4
2025-07-02 10:00:00,29.7,198.0,48.5,0.8,3.2
2025-07-02 11:00:00,30.9,,48.8,,3.7
2025-07-02 12:00:00,32.1,200.0,46.5,1.3,5.6
2025-07-02 13:00:00,32.8,221.0,43.5,1.2,5.2
2025-07-02 14:00:00,33.0,230.0,43.1,2.2,6.5
2025-07-02 15:00:00,33.0,214.0,43.0,1.8,5.9
2025-07-02 16:00:00,32.5,188.0,41.7,1.4,5.1
2025-07-02 17:00:00,32.5,177.0,39.9,0.8,5.2
2025-07-02 18:00:00,31.0,206.0,47.1,1.8,5.2
2025-07-02 19:00:00,30.0,70.0,43.9,1.2,6.9
2025-07-02 20:00:00,28.8,76.0,43.1,2.1,4.8
2025-07-02 21:00:00,28.3,89.0,43.4,1.2,3.3
2025-07-02 22:00:00,28.3,212.0,43.4,,1.5
2025-07-02 23:00:00,28.2,229.0,48.9,1.4,4.7
2025-07-03 00:00:00,27.3,234.0,53.4,0.8,2.6
2025-07-03 01:00:00,27.2,262.0,51.9,1.0,3.0
2025-07-03 02:00:00,26.7,291.0,55.7,1.0,3.1
2025-07-03 03:00:00,26.2,286.0,59.6,0.7,2.2
2025-07-03 04:00:00,25.7,293.0,60.8,1.2,3.1
2025-07-03 05:00:00,25.4,305.0,62.1,0.5,1.7
2025-07-03 06:00:00,26.3,71.0,61.3,0.8,2.3
2025-07-03 07:00:00,27.8,71.0,59.5,1.3,3.2
2025-07-03 08:00:00,28.7,107.0,57.1,0.9,3.1
2025-07-03 09:00:00,29.7,214.0,54.6,0.8,3.7
2025-07-03 10:00:00,32.0,226.0,44.9,0.6,3.2
2025-07-03 11:00:00,33.3,255.0,41.0,0.7,4.4
2025-07-03 12:00:00,34.4,245.0,37.5,0.6,4.3
2025-07-03 13:00:00,34.6,236.0,37.5,1.4,5.4
2025-07-03 14:00:00,35.3,243.0,36.4,1.2,4.7
2025-07-03 15:00:00,33.7,249.0,48.7,0.9,5.7
2025-07-03 16:00:00,29.6,350.0,68.6,2.3,8.5
2025-07-03 17:00:00,30.5,41.0,48.8,1.0,4.3
2025-07-03 18:00:00,31.4,80.0,41.7,1.2,3.8
2025-07-03 19:00:00,30.7,76.0,43.3,1.0,1.9
2025-07-03 20:00:00,29.9,63.0,44.8,1.0,2.0
2025-07-03 21:00:00,29.5,68.0,47.1,1.4,2.9
2025-07-03 22:00:00,29.0,64.0,50.5,1.6,2.8
2025-07-03 23:00:00,28.5,63.0,53.0,1.5,2.7
2025-07-04 00:00:00,27.7,70.0,55.6,0.9,1.8
2025-07-04 01:00:00,27.0,350.0,59.6,0.5,1.6
2025-07-04 02:00:00,26.4,335.0,65.6,0.5,1.5
2025-07-04 03:00:00,25.8,306.0,62.9,0.7,1.5
2025-07-04 04:00:00,25.5,333.0,62.9,0.4,1.4
2025-07-04 05:00:00,25.6,313.0,63.3,0.7,1.5
2025-07-04 06:00:00,26.4,310.0,60.7,0.4,1.7
2025-07-04 07:00:00,28.3,285.0,54.3,0.6,1.8
2025-07-04 08:00:00,30.3,290.0,45.5,0.7,2.0
2025-07-04 09:00:00,31.6,257.0,41.3,0.5,2.4
2025-07-04 10:00:00,33.5,175.0,39.7,0.7,3.9
2025-07-04 11:00:00,34.2,229.0,38.0,0.5,4.3
2025-07-04 12:00:00,34.4,195.0,38.4,1.6,5.6
2025-07-04 13:00:00,35.2,205.0,36.9,1.5,6.0
2025-07-04 14:00:00,34.8,249.0,37.7,0.7,5.3
2025-07-04 15:00:00,34.6,274.0,37.9,1.2,4.5
2025-07-04 16:00:00,35.5,304.0,32.3,0.8,4.0
2025-07-04 17:00:00,34.8,255.0,37.3,1.8,4.9
2025-07-04 18:00:00,34.3,225.0,37.6,1.7,4.8
2025-07-04 19:00:00,33.5,201.0,39.0,1.5,4.8
2025-07-04 20:00:00,32.7,232.0,39.8,0.9,2.7
2025-07-04 21:00:00,31.5,81.0,42.7,0.2,5.4
2025-07-04 22:00:00,30.6,93.0,45.7,1.8,4.3
2025-07-04 23:00:00,29.9,90.0,44.3,1.4,3.4
2025-07-05 00:00:00,29.6,88.0,45.4,2.1,5.4
2025-07-05 01:00:00,29.1,84.0,48.8,2.9,7.7
2025-07-05 02:00:00,27.9,94.0,54.6,3.6,8.5
2025-07-05 03:00:00,26.8,103.0,58.0,3.9,9.2
2025-07-05 04:00:00,26.2,110.0,58.5,3.7,8.6
2025-07-05 05:00:00,25.8,107.0,57.4,3.8,7.9
2025-07-05 06:00:00,25.4,102.0,58.4,4.0,10.6
2025-07-05 07:00:00,23.3,89.0,74.4,2.7,8.5
2025-07-05 08:00:00,23.9,357.0,71.5,1.9,13.8
2025-07-05 09:00:00,19.9,44.0,87.1,5.5,15.5
2025-07-05 10:00:00,21.9,67.0,76.6,3.8,8.5
2025-07-05 11:00:00,25.6,72.0,61.1,2.5,7.3
2025-07-05 12:00:00,26.5,118.0,57.2,1.5,4.7
2025-07-05 13:00:00,27.9,121.0,50.4,0.9,3.9
2025-07-05 14:00:00,29.5,114.0,42.1,1.3,4.3
2025-07-05 15:00:00,29.6,96.0,40.1,1.8,5.4
2025-07-05 16:00:00,29.4,113.0,40.0,2.6,5.6
2025-07-05 17:00:00,29.0,119.0,40.3,2.8,6.1
2025-07-05 18:00:00,28.7,116.0,42.2,1.9,4.2
2025-07-05 19:00:00,28.1,131.0,46.9,0.9,3.3
2025-07-05 20:00:00,27.5,216.0,53.2,0.5,2.1
2025-07-05 21:00:00,26.9,290.0,55.9,0.8,2.0
2025-07-05 22:00:00,26.3,46.0,59.2,,1.1
2025-07-05 23:00:00,26.1,261.0,60.3,,1.9
2025-07-06 00:00:00,26.1,271.0,60.6,0.6,1.5
2025-07-06 01:00:00,25.9,63.0,62.2,0.8,2.6
2025-07-06 02:00:00,25.1,76.0,66.2,1.6,3.0
2025-07-06 03:00:00,24.8,80.0,67.7,1.8,3.3
2025-07-06 04:00:00,24.5,87.0,68.8,1.7,4.5
2025-07-06 05:00:00,24.4,96.0,68.2,1.9,4.3
2025-07-06 06:00:00,24.8,75.0,66.6,1.8,3.5
2025-07-06 07:00:00,25.3,71.0,66.3,1.7,3.2
2025-07-06 08:00:00,26.6,92.0,61.9,1.7,4.2
2025-07-06 09:00:00,28.0,101.0,55.9,1.8,4.8
2025-07-06 10:00:00,28.8,102.0,53.4,2.1,5.5
2025-07-06 11:00:00,28.4,127.0,54.8,2.1,5.3
2025-07-06 12:00:00,29.7,111.0,52.5,2.3,6.0
2025-07-06 13:00:00,30.0,110.0,51.7,2.6,8.3
2025-07-06 14:00:00,29.9,114.0,53.6,3.4,7.5
2025-07-06 15:00:00,29.8,121.0,52.9,3.0,8.0
2025-07-06 16:00:00,25.7,350.0,64.5,1.0,13.6
2025-07-06 17:00:00,19.4,12.0,96.8,0.2,6.1
2025-07-06 18:00:00,19.6,40.0,98.5,2.0,5.9
2025-07-06 19:00:00,19.8,13.0,98.9,1.5,5.0
2025-07-06 20:00:00,19.9,11.0,95.2,1.1,5.3
2025-07-06 21:00:00,20.0,30.0,92.2,0.4,2.8
2025-07-06 22:00:00,20.4,99.0,91.0,1.2,3.4
2025-07-06 23:00:00,20.4,29.0,89.3,0.8,2.5
2025-07-07 00:00:00,20.0,47.0,86.0,0.8,3.3
2025-07-07 01:00:00,19.8,280.0,86.1,0.5,1.9
2025-07-07 02:00:00,20.5,239.0,83.8,1.1,4.6
2025-07-07 03:00:00,20.1,221.0,90.6,1.5,3.6
2025-07-07 04:00:00,19.8,240.0,89.8,1.1,4.0
2025-07-07 05:00:00,19.7,329.0,92.4,,1.8
2025-07-07 06:00:00,20.5,306.0,87.8,0.6,2.0
2025-07-07 07:00:00,22.0,277.0,77.3,0.4,2.7
2025-07-07 08:00:00,23.4,228.0,65.8,0.9,3.8
2025-07-07 09:00:00,24.6,228.0,60.4,0.9,3.8
2025-07-07 10:00:00,26.0,242.0,57.2,1.3,4.1
2025-07-07 11:00:00,27.4,257.0,51.4,0.3,3.2
2025-07-07 12:00:00,28.2,220.0,48.6,1.0,4.7
2025-07-07 13:00:00,28.7,192.0,46.9,1.4,5.3
2025-07-07 14:00:00,29.4,211.0,41.6,0.8,3.9
2025-07-07 15:00:00,30.0,174.0,36.3,1.0,4.9
2025-07-07 16:00:00,29.9,195.0,34.5,1.7,6.2
2025-07-07 17:00:00,28.8,143.0,45.0,2.8,7.6
2025-07-07 18:00:00,22.3,155.0,85.2,0.8,8.3
2025-07-07 19:00:00,22.0,309.0,95.3,0.8,9.1
2025-07-07 20:00:00,17.9,303.0,88.1,3.7,13.9
2025-07-07 21:00:00,17.0,357.0,89.6,3.7,14.0
2025-07-07 22:00:00,17.2,27.0,75.9,3.1,10.4
2025-07-07 23:00:00,17.3,45.0,71.6,1.0,6.0
2025-07-08 00:00:00,17.2,204.0,69.9,0.7,3.3
2025-07-08 01:00:00,17.6,228.0,70.0,1.0,3.5
2025-07-08 02:00:00,17.5,231.0,70.6,1.3,5.0
2025-07-08 03:00:00,17.2,251.0,74.3,1.3,4.5
2025-07-08 04:00:00,16.8,250.0,81.7,1.3,4.0
2025-07-08 05:00:00,16.9,257.0,83.4,2.2,5.9
2025-07-08 06:00:00,18.2,257.0,75.3,2.2,7.1
2025-07-08 07:00:00,19.7,254.0,64.1,3.0,9.2
2025-07-08 08:00:00,21.8,259.0,53.6,2.5,7.9
2025-07-08 09:00:00,23.3,260.0,48.0,2.4,6.4
2025-07-08 10:00:00,25.6,257.0,40.1,2.0,6.5
2025-07-08 11:00:00,27.4,254.0,34.8,1.9,7.1
2025-07-08 12:00:00,27.3,234.0,37.2,1.9,6.1
2025-07-08 13:00:00,27.9,325.0,23.7,2.2,11.6
2025-07-08 14:00:00,24.0,316.0,30.9,2.7,9.1
2025-07-08 15:00:00,24.2,287.0,30.8,0.8,6.4
2025-07-08 16:00:00,26.1,303.0,24.7,1.8,7.2
2025-07-08 17:00:00,26.2,352.0,18.2,3.2,10.3
2025-07-08 18:00:00,25.4,350.0,18.6,3.2,8.8
2025-07-08 19:00:00,24.3,357.0,20.7,3.1,9.7
2025-07-08 20:00:00,22.9,338.0,24.9,1.7,7.5
2025-07-08 21:00:00,21.9,31.0,29.7,1.5,5.6
2025-07-08 22:00:00,20.0,58.0,48.3,1.7,4.2
2025-07-08 23:00:00,19.2,59.0,52.3,1.4,3.7
2025-07-09 00:00:00,18.3,76.0,58.5,1.5,4.3
2025-07-09 01:00:00,17.6,70.0,60.6,1.7,3.3
2025-07-09 02:00:00,17.0,68.0,63.4,1.8,3.3
2025-07-09 03:00:00,16.6,56.0,65.8,1.4,3.4
2025-07-09 04:00:00,16.1,84.0,68.9,0.9,2.3
2025-07-09 05:00:00,16.5,97.0,69.2,1.5,3.4
2025-07-09 06:00:00,17.2,77.0,68.1,1.1,2.7
2025-07-09 07:00:00,18.6,64.0,63.7,0.8,2.6
2025-07-09 08:00:00,20.5,337.0,55.3,0.3,3.2
2025-07-09 09:00:00,21.4,290.0,46.5,0.3,2.8
2025-07-09 10:00:00,24.5,327.0,34.2,0.8,3.6
2025-07-09 11:00:00,26.2,335.0,28.0,0.8,4.0
2025-07-09 12:00:00,27.0,180.0,30.0,0.3,4.4
2025-07-09 13:00:00,27.0,198.0,32.5,1.4,5.1
2025-07-09 14:00:00,27.5,224.0,27.5,2.2,7.8
2025-07-09 15:00:00,27.1,206.0,27.6,3.0,8.3
2025-07-09 16:00:00,26.7,221.0,27.7,2.2,6.8
2025-07-09 17:00:00,26.5,229.0,27.0,1.7,6.6
2025-07-09 18:00:00,26.0,228.0,25.9,2.0,6.3
2025-07-09 19:00:00,25.6,225.0,26.2,1.0,3.8
2025-07-09 20:00:00,24.4,220.0,27.7,0.6,1.7
2025-07-09 21:00:00,23.4,46.0,32.2,,1.3
2025-07-09 22:00:00,22.6,53.0,38.4,0.7,2.6
2025-07-09 23:00:00,21.9,44.0,43.8,0.8,2.2
2025-07-10 00:00:00,20.8,6.0,49.7,0.4,1.5
2025-07-10 01:00:00,20.1,47.0,55.0,0.7,2.0
2025-07-10 02:00:00,19.4,45.0,58.0,,1.9
2025-07-10 03:00:00,18.9,37.0,59.9,0.5,1.2
2025-07-10 04:00:00,18.6,27.0,60.2,0.6,1.6
2025-07-10 05:00:00,18.5,339.0,59.4,0.5,1.8
2025-07-10 06:00:00,19.7,12.0,52.8,0.8,2.5
2025-07-10 07:00:00,22.0,339.0,45.0,0.4,1.8
2025-07-10 08:00:00,24.4,105.0,35.0,1.0,3.8
2025-07-10 09:00:00,25.7,102.0,31.5,1.3,3.8
2025-07-10 10:00:00,26.5,159.0,34.1,0.9,4.0
2025-07-10 11:00:00,27.0,169.0,33.9,0.7,4.3
2025-07-10 12:00:00,27.6,174.0,32.8,1.3,4.3
2025-07-10 13:00:00,28.0,180.0,31.5,1.3,5.3
2025-07-10 14:00:00,28.2,240.0,28.3,1.1,5.8
2025-07-10 15:00:00,28.4,200.0,26.4,1.1,6.2
2025-07-10 16:00:00,28.2,171.0,27.5,1.2,6.1
2025-07-10 17:00:00,27.9,188.0,29.1,0.6,3.8
2025-07-10 18:00:00,27.6,200.0,29.4,0.9,3.2
2025-07-10 19:00:00,26.9,127.0,31.3,1.5,5.5
2025-07-10 20:00:00,25.9,106.0,37.4,2.0,4.7
2025-07-10 21:00:00,24.8,79.0,40.8,1.4,3.4
2025-07-10 22:00:00,23.9,77.0,41.2,1.2,2.4
2025-07-10 23:00:00,23.4,70.0,43.7,1.2,2.6
2025-07-11 00:00:00,22.5,51.0,49.3,0.9,1.8
2025-07-11 01:00:00,21.8,42.0,52.7,0.8,2.1
2025-07-11 02:00:00,21.0,356.0,57.4,0.6,1.8
2025-07-11 03:00:00,20.5,343.0,60.7,0.5,1.4
2025-07-11 04:00:00,20.2,49.0,61.1,0.9,2.3
2025-07-11 05:00:00,20.1,61.0,60.4,0.9,1.9
2025-07-11 06:00:00,21.0,299.0,58.6,,1.2
2025-07-11 07:00:00,23.1,79.0,49.9,0.7,2.7
2025-07-11 08:00:00,24.4,115.0,42.0,1.2,3.8
2025-07-11 09:00:00,26.0,95.0,38.5,1.2,3.7
2025-07-11 10:00:00,27.3,110.0,35.7,0.7,3.5
2025-07-11 11:00:00,28.5,153.0,33.4,0.2,3.1
2025-07-11 12:00:00,29.1,192.0,32.0,0.9,4.0
2025-07-11 13:00:00,29.5,204.0,31.0,1.2,5.9
2025-07-11 14:00:00,29.9,235.0,28.8,1.5,5.9
2025-07-11 15:00:00,30.0,245.0,28.3,2.1,6.8
2025-07-11 16:00:00,29.7,235.0,29.3,2.0,6.6
2025-07-11 17:00:00,29.5,240.0,31.0,2.0,5.7
2025-07-11 18:00:00,29.0,250.0,33.3,1.3,4.1
2025-07-11 19:00:00,28.4,236.0,32.9,1.5,5.0
2025-07-11 20:00:00,27.3,209.0,30.9,1.9,5.5
2025-07-11 21:00:00,26.3,212.0,30.3,1.5,4.4
2025-07-11 22:00:00,25.7,224.0,31.1,1.1,5.7
2025-07-11 23:00:00,24.9,95.0,44.3,3.1,7.5
2025-07-12 00:00:00,23.0,88.0,60.0,3.5,8.4
2025-07-12 01:00:00,21.4,85.0,64.3,3.6,8.7
2025-07-12 02:00:00,21.0,80.0,63.4,2.3,5.8
2025-07-12 03:00:00,21.0,79.0,62.4,1.9,4.6
2025-07-12 04:00:00,21.1,84.0,62.5,1.6,3.8
2025-07-12 05:00:00,21.1,98.0,62.3,2.5,5.4
2025-07-12 06:00:00,21.3,111.0,61.3,2.5,5.4
2025-07-12 07:00:00,22.4,108.0,57.4,2.4,6.7
2025-07-12 08:00:00,23.4,108.0,53.5,2.1,5.9
2025-07-12 09:00:00,24.6,90.0,52.1,1.9,6.8
2025-07-12 10:00:00,25.8,104.0,49.7,1.6,5.4
2025-07-12 11:00:00,26.7,130.0,47.2,1.5,5.2
2025-07-12 12:00:00,27.8,117.0,44.5,1.5,6.6
2025-07-12 13:00:00,27.7,151.0,44.4,1.4,5.1
2025-07-12 14:00:00,28.2,189.0,38.2,1.1,5.2
2025-07-12 15:00:00,28.1,205.0,38.9,1.6,5.3
2025-07-12 16:00:00,28.2,225.0,42.8,1.6,6.1
2025-07-12 17:00:00,27.9,223.0,45.9,1.6,7.1
2025-07-12 18:00:00,27.7,225.0,46.6,1.6,5.7
2025-07-12 19:00:00,27.0,221.0,45.0,2.0,6.2
2025-07-12 20:00:00,26.1,222.0,47.5,1.6,5.2
2025-07-12 21:00:00,25.3,231.0,51.4,1.6,6.5
2025-07-12 22:00:00,24.4,234.0,53.0,1.6,5.2
2025-07-12 23:00:00,23.9,255.0,55.6,1.6,4.5
2025-07-13 00:00:00,23.8,266.0,58.0,1.3,3.9
2025-07-13 01:00:00,23.7,253.0,58.2,1.2,4.1
2025-07-13 02:00:00,23.6,259.0,59.8,1.4,3.9
2025-07-13 03:00:00,23.4,238.0,61.8,0.5,1.7
2025-07-13 04:00:00,23.3,88.0,62.7,0.7,2.9
2025-07-13 05:00:00,23.2,82.0,63.3,1.5,3.7
2025-07-13 06:00:00,23.2,83.0,67.5,1.5,3.7
2025-07-13 07:00:00,24.0,71.0,64.5,2.7,6.8
2025-07-13 08:00:00,25.2,80.0,58.8,3.0,6.8
2025-07-13 09:00:00,25.8,81.0,58.4,2.8,6.8
2025-07-13 10:00:00,26.7,95.0,54.9,2.4,7.0
2025-07-13 11:00:00,27.4,97.0,50.8,2.6,6.6
2025-07-13 12:00:00,26.9,111.0,53.1,2.7,7.0
2025-07-13 13:00:00,27.7,126.0,50.9,3.4,13.4
2025-07-13 14:00:00,25.4,142.0,59.5,3.3,9.6
2025-07-13 15:00:00,27.1,142.0,49.5,2.1,6.3
2025-07-13 16:00:00,27.1,92.0,50.0,1.7,6.5
2025-07-13 17:00:00,26.2,62.0,55.9,2.9,6.8
2025-07-13 18:00:00,25.9,62.0,55.8,2.1,5.0
2025-07-13 19:00:00,25.5,51.0,55.4,0.7,2.5
2025-07-13 20:00:00,24.8,19.0,59.1,0.6,2.5
2025-07-13 21:00:00,24.4,1.0,61.4,0.7,2.6
2025-07-13 22:00:00,24.0,310.0,63.5,,1.3
2025-07-13 23:00:00,23.7,218.0,65.9,,2.2
2025-07-14 00:00:00,23.4,86.0,68.0,0.6,1.8
2025-07-14 01:00:00,22.6,97.0,72.6,0.3,1.7
2025-07-14 02:00:00,22.1,251.0,74.2,0.5,1.9
2025-07-14 03:00:00,21.8,20.0,77.1,0.2,1.8
2025-07-14 04:00:00,21.6,60.0,75.0,1.2,2.1
2025-07-14 05:00:00,21.4,53.0,74.9,0.8,2.1
2025-07-14 06:00:00,22.0,13.0,73.2,0.5,1.7
2025-07-14 07:00:00,23.2,318.0,69.6,,2.4
2025-07-14 08:00:00,24.6,247.0,64.3,0.6,3.2
2025-07-14 09:00:00,25.6,270.0,60.6,1.0,4.2
2025-07-14 10:00:00,27.3,268.0,54.3,1.6,4.9
2025-07-14 11:00:00,28.3,251.0,50.0,1.7,5.3
2025-07-14 12:00:00,29.3,234.0,47.8,2.2,6.5
2025-07-14 13:00:00,29.8,231.0,47.3,2.4,7.9
2025-07-14 14:00:00,30.0,243.0,46.4,1.7,5.9
2025-07-14 15:00:00,30.4,241.0,47.0,1.5,5.0
2025-07-14 16:00:00,30.3,247.0,46.9,1.6,5.3
2025-07-14 17:00:00,30.1,231.0,47.9,2.2,5.7
2025-07-14 18:00:00,29.4,244.0,47.4,2.3,5.9
2025-07-14 19:00:00,29.0,251.0,46.3,1.5,4.8
2025-07-14 20:00:00,28.3,257.0,46.2,1.0,2.7
2025-07-14 21:00:00,27.2,227.0,58.1,1.2,3.7
2025-07-14 22:00:00,26.3,234.0,62.4,1.5,3.7
2025-07-14 23:00:00,25.6,236.0,62.1,1.0,2.6
2025-07-15 00:00:00,24.8,225.0,65.8,0.9,2.5
2025-07-15 01:00:00,24.5,219.0,66.5,0.9,2.4
2025-07-15 02:00:00,23.8,198.0,68.4,,1.8
2025-07-15 03:00:00,23.4,235.0,69.8,,1.6
2025-07-15 04:00:00,23.0,10.0,72.6,0.5,2.0
2025-07-15 05:00:00,23.2,65.0,70.6,1.5,2.8
2025-07-15 06:00:00,23.9,64.0,66.8,1.3,3.5
2025-07-15 07:00:00,25.7,83.0,58.9,1.8,4.3
2025-07-15 08:00:00,27.2,102.0,53.7,1.7,4.4
2025-07-15 09:00:00,27.9,110.0,52.8,1.4,3.8
2025-07-15 10:00:00,30.0,117.0,47.8,0.8,3.8
2025-07-15 11:00:00,30.7,95.0,45.7,0.2,3.8
2025-07-15 12:00:00,32.0,151.0,42.6,0.4,4.3
2025-07-15 13:00:00,32.4,167.0,39.9,0.6,3.7
2025-07-15 14:00:00,32.8,149.0,37.3,1.1,4.9
2025-07-15 15:00:00,32.7,134.0,37.8,0.8,4.4
2025-07-15 16:00:00,32.3,193.0,40.1,0.6,4.0
2025-07-15 17:00:00,32.1,164.0,39.5,0.8,3.6
2025-07-15 18:00:00,31.7,207.0,41.9,0.9,3.4
2025-07-15 19:00:00,31.1,254.0,45.0,1.0,2.7
2025-07-15 20:00:00,30.0,279.0,47.2,1.2,2.8
2025-07-15 21:00:00,29.2,287.0,50.7,1.1,2.8
2025-07-15 22:00:00,28.6,290.0,54.7,1.1,2.1
2025-07-15 23:00:00,27.8,269.0,55.1,1.1,2.7
2025-07-16 00:00:00,26.9,288.0,60.0,0.9,2.1
2025-07-16 01:00:00,26.0,326.0,59.6,0.6,1.4
2025-07-16 02:00:00,25.1,8.0,63.3,0.5,1.6
2025-07-16 03:00:00,24.9,48.0,59.2,1.5,3.6
2025-07-16 04:00:00,24.3,34.0,61.2,0.7,2.6
2025-07-16 05:00:00,24.3,44.0,61.8,1.2,3.3
2025-07-16 06:00:00,25.3,47.0,58.7,1.6,5.2
2025-07-16 07:00:00,26.3,87.0,56.6,3.1,6.0
2025-07-16 08:00:00,26.6,98.0,58.5,2.0,5.2
2025-07-16 09:00:00,27.8,99.0,54.2,2.6,6.8
2025-07-16 10:00:00,29.8,108.0,49.3,2.6,6.5
2025-07-16 11:00:00,31.1,92.0,45.0,2.0,5.6
2025-07-16 12:00:00,31.9,94.0,43.0,1.5,4.6
2025-07-16 13:00:00,32.3,88.0,41.2,1.1,5.4
2025-07-16 14:00:00,32.1,82.0,39.9,1.0,4.4
2025-07-16 15:00:00,32.0,102.0,40.2,1.4,4.9
2025-07-16 16:00:00,32.1,128.0,38.5,1.2,4.6
2025-07-16 17:00:00,32.1,184.0,34.5,1.0,4.4
2025-07-16 18:00:00,31.6,238.0,35.1,0.8,3.0
2025-07-16 19:00:00,31.1,232.0,37.6,1.0,3.5
2025-07-16 20:00:00,30.3,252.0,39.8,0.9,3.3
2025-07-16 21:00:00,29.6,331.0,40.9,,1.6
2025-07-16 22:00:00,28.8,114.0,51.8,2.3,6.0
2025-07-16 23:00:00,27.0,86.0,60.3,3.2,6.9
2025-07-17 00:00:00,25.5,77.0,60.5,3.2,7.0
2025-07-17 01:00:00,24.9,78.0,62.3,3.0,7.0
2025-07-17 02:00:00,24.5,69.0,63.6,2.2,4.8
2025-07-17 03:00:00,24.2,93.0,63.8,1.5,3.7
2025-07-17 04:00:00,23.9,108.0,64.3,1.6,3.5
2025-07-17 05:00:00,23.6,108.0,65.7,1.3,3.3
2025-07-17 06:00:00,24.1,101.0,64.1,1.4,3.4
2025-07-17 07:00:00,25.0,98.0,62.4,1.7,4.2
2025-07-17 08:00:00,26.2,93.0,59.1,1.8,5.1
2025-07-17 09:00:00,27.3,87.0,55.0,1.8,4.7
2025-07-17 10:00:00,29.2,98.0,49.7,1.7,5.8
2025-07-17 11:00:00,30.5,113.0,45.2,1.9,5.4
2025-07-17 12:00:00,31.0,124.0,43.2,2.4,6.2
2025-07-17 13:00:00,32.1,102.0,38.9,1.8,5.3
2025-07-17 14:00:00,32.0,96.0,37.7,2.2,6.1
2025-07-17 15:00:00,31.9,110.0,38.3,2.8,6.5
2025-07-17 16:00:00,31.2,122.0,39.5,2.9,6.4
2025-07-17 17:00:00,30.8,122.0,39.6,2.3,6.0
2025-07-17 18:00:00,30.4,104.0,40.1,2.2,5.1
2025-07-17 19:00:00,29.7,104.0,41.8,2.5,4.9
2025-07-17 20:00:00,28.9,68.0,44.6,1.9,4.1
2025-07-17 21:00:00,28.2,77.0,47.4,1.8,4.3
2025-07-17 22:00:00,27.5,87.0,49.5,3.0,7.0
2025-07-17 23:00:00,26.1,78.0,52.9,3.5,9.1
2025-07-18 00:00:00,25.1,77.0,49.9,3.2,7.5
2025-07-18 01:00:00,24.6,76.0,48.7,3.4,7.3
2025-07-18 02:00:00,24.1,81.0,51.1,3.2,6.2
2025-07-18 03:00:00,23.8,74.0,49.3,3.1,5.9
2025-07-18 04:00:00,23.9,77.0,47.1,2.5,6.4
2025-07-18 05:00:00,24.1,63.0,48.6,1.9,4.5
2025-07-18 06:00:00,24.4,62.0,48.5,2.0,4.6
2025-07-18 07:00:00,25.8,80.0,43.2,3.1,7.5
2025-07-18 08:00:00,26.5,87.0,42.5,3.6,8.7
2025-07-18 09:00:00,27.1,105.0,42.2,2.7,6.9
2025-07-18 10:00:00,29.4,76.0,37.6,2.2,5.5
2025-07-18 11:00:00,30.6,89.0,34.6,1.5,5.3
2025-07-18 12:00:00,30.8,80.0,35.2,1.3,4.8
2025-07-18 13:00:00,31.1,83.0,34.1,1.0,4.2
2025-07-18 14:00:00,31.5,106.0,34.3,1.2,4.9
2025-07-18 15:00:00,31.5,104.0,35.7,1.3,5.1
2025-07-18 16:00:00,30.8,155.0,36.5,1.4,5.4
2025-07-18 17:00:00,30.8,143.0,38.1,1.4,4.0
2025-07-18 18:00:00,30.4,191.0,38.6,0.9,3.8
2025-07-18 19:00:00,30.0,208.0,39.8,0.9,3.7
2025-07-18 20:00:00,29.0,52.0,43.0,0.2,2.8
2025-07-18 21:00:00,28.3,109.0,46.2,1.2,2.7
2025-07-18 22:00:00,28.0,110.0,47.3,1.3,2.8
2025-07-18 23:00:00,28.1,97.0,47.6,1.5,3.9
2025-07-19 00:00:00,27.3,61.0,50.6,1.6,3.6
2025-07-19 01:00:00,26.1,74.0,54.3,2.1,4.8
2025-07-19 02:00:00,25.3,90.0,55.5,1.8,5.9
2025-07-19 03:00:00,25.0,101.0,55.2,2.6,5.5
2025-07-19 04:00:00,24.8,100.0,54.7,2.1,5.8
2025-07-19 05:00:00,24.4,105.0,56.2,2.4,5.4
2025-07-19 06:00:00,24.6,102.0,56.2,2.4,5.6
2025-07-19 07:00:00,25.2,103.0,56.0,2.3,5.3
2025-07-19 08:00:00,26.4,91.0,52.9,2.1,4.8
2025-07-19 09:00:00,27.1,100.0,52.7,1.7,4.5
2025-07-19 10:00:00,29.5,87.0,45.7,1.3,3.8
2025-07-19 11:00:00,29.9,125.0,43.3,1.1,4.7
2025-07-19 12:00:00,29.1,194.0,46.7,1.8,5.9
2025-07-19 13:00:00,28.8,228.0,51.7,2.3,6.6
2025-07-19 14:00:00,28.0,233.0,56.4,1.5,6.5
2025-07-19 15:00:00,28.0,253.0,57.0,0.1,2.8
2025-07-19 16:00:00,28.6,251.0,54.6,1.6,6.3
2025-07-19 17:00:00,28.4,215.0,56.9,0.9,4.0
2025-07-19 18:00:00,28.3,252.0,56.0,1.4,3.5
2025-07-19 19:00:00,27.9,260.0,59.2,1.1,3.3
2025-07-19 20:00:00,27.4,303.0,61.2,1.0,3.2
2025-07-19 21:00:00,26.9,344.0,60.9,0.6,2.0
2025-07-19 22:00:00,26.7,282.0,61.7,0.7,2.7
2025-07-19 23:00:00,25.9,285.0,66.0,0.8,2.2
2025-07-20 00:00:00,25.5,278.0,66.0,0.6,1.6
2025-07-20 01:00:00,25.0,302.0,68.7,0.9,2.4
2025-07-20 02:00:00,24.5,25.0,71.1,,1.1
2025-07-20 03:00:00,24.4,65.0,72.4,1.0,2.2
2025-07-20 04:00:00,24.1,76.0,72.2,1.1,3.7
2025-07-20 05:00:00,23.9,72.0,69.9,0.9,2.1
2025-07-20 06:00:00,24.5,56.0,67.8,0.6,2.0
2025-07-20 07:00:00,25.5,59.0,64.8,1.1,3.2
2025-07-20 08:00:00,27.1,70.0,59.3,1.0,3.4
2025-07-20 09:00:00,28.1,98.0,55.5,0.8,4.4
2025-07-20 10:00:00,29.9,90.0,50.4,1.0,4.4
2025-07-20 11:00:00,30.5,91.0,48.7,1.2,4.4
2025-07-20 12:00:00,30.1,142.0,48.2,0.8,5.8
2025-07-20 13:00:00,29.3,297.0,52.0,0.4,2.5
2025-07-20 14:00:00,29.8,7.0,50.3,0.9,4.1
2025-07-20 15:00:00,30.1,155.0,50.2,1.3,5.9
2025-07-20 16:00:00,31.2,119.0,40.4,2.5,6.3
2025-07-20 17:00:00,30.5,168.0,44.4,1.7,6.2
2025-07-20 18:00:00,29.8,179.0,48.5,1.2,4.3
2025-07-20 19:00:00,29.4,161.0,53.5,0.9,2.2
2025-07-20 20:00:00,29.3,199.0,52.6,1.5,5.3
2025-07-20 21:00:00,28.5,221.0,53.1,1.6,5.1
2025-07-20 22:00:00,27.6,256.0,57.7,1.5,5.5
2025-07-20 23:00:00,26.1,328.0,65.2,1.1,3.3
2025-07-21 00:00:00,24.9,355.0,70.5,1.0,3.8
2025-07-21 01:00:00,24.7,39.0,74.1,1.1,2.8
2025-07-21 02:00:00,24.6,55.0,72.7,1.4,3.3
2025-07-21 03:00:00,24.3,70.0,70.9,2.2,5.4
2025-07-21 04:00:00,24.2,84.0,70.0,2.6,6.0
2025-07-21 05:00:00,24.3,89.0,70.1,2.7,6.1
2025-07-21 06:00:00,22.5,52.0,78.4,0.9,8.3
2025-07-21 07:00:00,20.2,355.0,90.1,1.6,4.8
2025-07-21 08:00:00,20.0,3.0,90.8,1.4,3.9
2025-07-21 09:00:00,20.5,354.0,93.7,1.0,3.4
2025-07-21 10:00:00,21.6,304.0,86.3,1.6,6.5
2025-07-21 11:00:00,23.7,334.0,75.3,0.8,2.9
2025-07-21 12:00:00,26.6,3.0,59.8,0.6,2.9
2025-07-21 13:00:00,28.9,339.0,46.0,0.7,3.2
2025-07-21 14:00:00,29.8,247.0,40.3,1.1,5.3
2025-07-21 15:00:00,30.3,236.0,36.4,1.4,5.4
2025-07-21 16:00:00,30.1,238.0,34.1,1.6,5.0
2025-07-21 17:00:00,29.5,232.0,42.7,1.5,5.6
2025-07-21 18:00:00,28.9,251.0,46.3,1.0,3.5
2025-07-21 19:00:00,28.4,227.0,50.1,0.9,3.6
2025-07-21 20:00:00,27.6,203.0,54.1,1.5,3.4
2025-07-21 21:00:00,26.8,213.0,56.2,1.4,4.2
2025-07-21 22:00:00,26.1,226.0,57.8,1.3,4.0
2025-07-21 23:00:00,25.2,255.0,62.4,1.1,3.3
2025-07-22 00:00:00,24.5,267.0,65.8,1.2,2.9
2025-07-22 01:00:00,24.2,253.0,67.8,0.8,2.6
2025-07-22 02:00:00,23.4,316.0,66.0,0.6,2.0
2025-07-22 03:00:00,22.5,17.0,66.7,0.8,2.4
2025-07-22 04:00:00,22.5,57.0,69.0,1.0,2.4
2025-07-22 05:00:00,22.3,72.0,69.7,1.2,2.7
2025-07-22 06:00:00,22.9,78.0,64.1,1.4,2.9
2025-07-22 07:00:00,24.2,91.0,61.9,1.5,3.9
2025-07-22 08:00:00,25.5,105.0,58.7,1.4,3.8
2025-07-22 09:00:00,26.4,77.0,59.3,0.9,3.6
2025-07-22 10:00:00,28.8,101.0,53.0,0.8,3.1
2025-07-22 11:00:00,29.3,43.0,51.5,0.9,3.9
2025-07-22 12:00:00,29.8,170.0,48.7,0.4,3.7
2025-07-22 13:00:00,30.3,186.0,45.2,0.1,5.5
2025-07-22 14:00:00,31.5,215.0,37.3,0.9,4.7
2025-07-22 15:00:00,31.8,229.0,33.7,1.2,4.8
2025-07-22 16:00:00,31.8,219.0,26.7,1.5,5.3
2025-07-22 17:00:00,31.6,241.0,23.5,1.8,5.2
2025-07-22 18:00:00,31.0,244.0,23.2,1.4,4.3
2025-07-22 19:00:00,30.0,241.0,27.6,1.0,2.9
2025-07-22 20:00:00,28.9,222.0,35.0,1.5,7.1
2025-07-22 21:00:00,26.9,216.0,57.3,2.2,7.4
2025-07-22 22:00:00,26.0,247.0,55.8,1.6,5.5
2025-07-22 23:00:00,25.0,262.0,59.3,1.9,5.3
2025-07-23 00:00:00,24.3,291.0,63.4,1.4,4.5
2025-07-23 01:00:00,23.7,304.0,67.0,0.9,2.6
2025-07-23 02:00:00,23.4,294.0,67.2,0.8,2.3
2025-07-23 03:00:00,23.3,174.0,67.1,,0.8
2025-07-23 04:00:00,23.5,279.0,66.1,0.8,2.6
2025-07-23 05:00:00,23.4,319.0,67.7,0.8,2.0
2025-07-23 06:00:00,23.6,301.0,67.6,1.2,3.4
2025-07-23 07:00:00,24.7,293.0,62.0,1.8,4.5
2025-07-23 08:00:00,25.5,253.0,58.1,1.5,4.4
2025-07-23 09:00:00,26.3,244.0,54.3,1.1,3.8
2025-07-23 10:00:00,28.1,266.0,48.6,0.8,4.1
2025-07-23 11:00:00,28.4,264.0,48.7,1.1,3.8
2025-07-23 12:00:00,29.5,340.0,44.7,0.4,4.7
2025-07-23 13:00:00,29.8,201.0,42.5,0.3,3.7
2025-07-23 14:00:00,30.7,211.0,40.7,1.2,5.3
2025-07-23 15:00:00,30.2,214.0,40.5,2.0,5.3
2025-07-23 16:00:00,30.0,230.0,38.2,0.9,3.9
2025-07-23 17:00:00,29.3,258.0,43.6,1.7,4.8
2025-07-23 18:00:00,28.7,242.0,46.4,1.5,4.4
2025-07-23 19:00:00,28.2,202.0,47.9,0.8,2.9
2025-07-23 20:00:00,27.2,239.0,54.1,1.4,6.5
2025-07-23 21:00:00,25.2,232.0,67.2,2.5,7.1
2025-07-23 22:00:00,23.4,220.0,78.2,2.0,5.9
2025-07-23 23:00:00,22.6,233.0,78.4,2.3,7.1
2025-07-24 00:00:00,22.3,249.0,78.1,1.3,4.1
2025-07-24 01:00:00,22.6,245.0,75.1,1.1,3.9
2025-07-24 02:00:00,22.0,246.0,78.3,0.9,2.8
2025-07-24 03:00:00,21.8,228.0,80.2,0.1,1.5
2025-07-24 04:00:00,22.2,54.0,78.7,0.5,1.5
2025-07-24 05:00:00,22.3,69.0,78.0,1.9,3.5
2025-07-24 06:00:00,22.3,91.0,80.2,2.0,4.4
2025-07-24 07:00:00,23.0,87.0,76.4,1.7,4.2
2025-07-24 08:00:00,24.0,89.0,70.6,1.1,2.8
2025-07-24 09:00:00,24.8,107.0,66.4,0.9,3.0
2025-07-24 10:00:00,25.8,94.0,62.1,0.9,3.2
2025-07-24 11:00:00,26.3,167.0,58.0,1.3,4.9
2025-07-24 12:00:00,26.6,48.0,54.1,0.6,6.3
2025-07-24 13:00:00,25.4,15.0,50.4,2.3,6.0
2025-07-24 14:00:00,27.5,58.0,49.4,1.3,4.5
2025-07-24 15:00:00,28.5,104.0,48.3,1.4,5.2
2025-07-24 16:00:00,28.7,140.0,47.6,1.5,7.4
2025-07-24 17:00:00,28.4,186.0,48.1,1.6,6.7
2025-07-24 18:00:00,24.9,340.0,54.9,2.6,10.4
2025-07-24 19:00:00,22.7,38.0,58.1,2.7,7.0
2025-07-24 20:00:00,21.7,73.0,62.4,2.5,6.2
2025-07-24 21:00:00,21.3,36.0,66.4,1.6,4.5
2025-07-24 22:00:00,21.1,5.0,68.6,0.6,1.8
2025-07-24 23:00:00,21.3,295.0,66.3,,1.4
2025-07-25 00:00:00,21.4,272.0,65.8,0.6,2.3
2025-07-25 01:00:00,21.1,299.0,65.9,0.9,2.3
2025-07-25 02:00:00,20.6,321.0,68.8,0.7,1.9
2025-07-25 03:00:00,20.6,316.0,68.7,1.0,4.0
2025-07-25 04:00:00,20.8,333.0,67.5,0.7,2.1
2025-07-25 05:00:00,20.7,330.0,65.6,1.9,6.5
2025-07-25 06:00:00,20.8,356.0,65.0,2.3,6.2
2025-07-25 07:00:00,22.3,14.0,58.2,1.4,5.7
2025-07-25 08:00:00,24.3,58.0,55.9,2.0,4.9
2025-07-25 09:00:00,25.2,66.0,52.9,1.8,4.8
2025-07-25 10:00:00,26.3,112.0,50.4,2.1,6.0
2025-07-25 11:00:00,23.4,267.0,60.4,2.0,6.3
2025-07-25 12:00:00,22.5,317.0,63.9,1.5,6.0
2025-07-25 13:00:00,24.2,9.0,59.8,1.6,4.6
2025-07-25 14:00:00,23.3,55.0,67.0,1.0,5.9
2025-07-25 15:00:00,23.6,128.0,65.8,0.5,4.1
2025-07-25 16:00:00,22.7,342.0,71.0,1.0,4.1
2025-07-25 17:00:00,21.8,333.0,79.2,1.1,4.0
2025-07-25 18:00:00,22.3,344.0,73.0,0.8,2.4
2025-07-25 19:00:00,22.2,351.0,74.0,0.5,1.9
2025-07-25 20:00:00,21.8,336.0,75.3,0.5,1.3
2025-07-25 21:00:00,21.7,310.0,72.4,,1.4
2025-07-25 22:00:00,21.4,89.0,74.8,,0.9
2025-07-25 23:00:00,21.1,29.0,79.2,0.9,2.4
2025-07-26 00:00:00,20.8,64.0,78.1,1.3,2.6
2025-07-26 01:00:00,20.5,74.0,77.0,1.5,3.8
2025-07-26 02:00:00,20.1,67.0,78.4,1.4,3.2
2025-07-26 03:00:00,19.9,62.0,79.5,1.4,3.4
2025-07-26 04:00:00,19.1,76.0,85.7,1.4,4.3
2025-07-26 05:00:00,18.3,91.0,96.5,1.3,3.0
2025-07-26 06:00:00,18.3,86.0,98.7,1.0,3.8
2025-07-26 07:00:00,18.3,89.0,99.3,1.7,4.2
2025-07-26 08:00:00,18.2,83.0,99.3,1.2,3.2
2025-07-26 09:00:00,18.2,110.0,99.3,1.1,2.4
2025-07-26 10:00:00,17.8,37.0,99.3,0.7,4.0
2025-07-26 11:00:00,18.1,264.0,99.3,,2.7
2025-07-26 12:00:00,19.6,297.0,92.6,,2.2
2025-07-26 13:00:00,20.9,301.0,82.1,1.3,4.8
2025-07-26 14:00:00,20.2,302.0,84.5,1.2,4.1
2025-07-26 15:00:00,20.8,207.0,84.7,0.3,1.8
2025-07-26 16:00:00,22.4,254.0,74.7,1.1,5.1
2025-07-26 17:00:00,22.9,245.0,73.6,1.9,5.7
2025-07-26 18:00:00,22.7,252.0,70.8,1.5,4.7
2025-07-26 19:00:00,22.4,235.0,70.2,1.5,4.0
2025-07-26 20:00:00,21.7,229.0,75.7,1.2,3.4
2025-07-26 21:00:00,21.3,247.0,78.5,1.4,4.4
2025-07-26 22:00:00,20.8,234.0,82.2,1.2,3.6
2025-07-26 23:00:00,20.0,220.0,87.3,0.6,2.0
2025-07-27 00:00:00,19.9,216.0,87.5,1.0,2.8
2025-07-27 01:00:00,19.5,243.0,88.8,0.9,2.8
2025-07-27 02:00:00,19.0,264.0,89.6,1.0,2.9
2025-07-27 03:00:00,18.7,237.0,87.0,0.8,2.8
2025-07-27 04:00:00,18.6,249.0,82.8,0.8,3.4
2025-07-27 05:00:00,18.6,219.0,78.2,0.8,2.7
2025-07-27 06:00:00,19.4,235.0,74.8,1.1,3.9
2025-07-27 07:00:00,21.0,243.0,65.1,1.1,3.7
2025-07-27 08:00:00,22.9,235.0,58.9,1.1,3.6
2025-07-27 09:00:00,23.7,224.0,61.7,1.0,3.2
2025-07-27 10:00:00,26.5,226.0,53.7,0.9,3.7
2025-07-27 11:00:00,29.1,277.0,38.3,1.4,4.5
2025-07-27 12:00:00,31.1,294.0,29.4,2.2,7.6
2025-07-27 13:00:00,31.1,309.0,28.5,2.0,6.4
2025-07-27 14:00:00,31.9,294.0,26.1,2.1,6.8
2025-07-27 15:00:00,31.7,294.0,24.5,1.9,5.5
2025-07-27 16:00:00,31.0,284.0,25.0,1.7,4.5
2025-07-27 17:00:00,30.3,284.0,27.1,1.8,5.6
2025-07-27 18:00:00,29.0,265.0,34.9,2.5,8.0
2025-07-27 19:00:00,27.9,277.0,35.8,1.6,4.4
2025-07-27 20:00:00,26.4,260.0,38.8,0.9,3.2
2025-07-27 21:00:00,26.0,215.0,41.6,1.2,3.0
2025-07-27 22:00:00,25.2,231.0,47.8,1.3,4.2
2025-07-27 23:00:00,24.5,242.0,50.3,1.3,3.9
2025-07-28 00:00:00,23.7,230.0,53.4,1.1,3.3
2025-07-28 01:00:00,22.9,328.0,57.4,0.7,2.2
2025-07-28 02:00:00,22.8,98.0,62.2,1.8,5.7
2025-07-28 03:00:00,21.6,78.0,69.7,1.9,4.7
2025-07-28 04:00:00,20.8,78.0,75.0,1.4,4.5
2025-07-28 05:00:00,20.7,119.0,74.3,,2.5
2025-07-28 06:00:00,20.5,87.0,77.6,1.3,4.2
2025-07-28 07:00:00,20.7,107.0,74.3,2.5,6.3
2025-07-28 08:00:00,20.7,105.0,74.5,2.9,6.6
2025-07-28 09:00:00,20.9,102.0,73.2,2.5,5.5
2025-07-28 10:00:00,21.6,105.0,69.5,1.9,4.4
2025-07-28 11:00:00,22.7,94.0,64.7,1.4,4.3
2025-07-28 12:00:00,24.0,151.0,60.2,1.0,4.0
2025-07-28 13:00:00,25.8,120.0,52.9,0.6,3.7
2025-07-28 14:00:00,26.6,279.0,49.1,0.8,4.0
2025-07-28 15:00:00,27.4,100.0,46.3,0.2,3.6
2025-07-28 16:00:00,26.3,139.0,53.0,1.6,4.6
2025-07-28 17:00:00,25.7,180.0,55.1,0.8,2.6
2025-07-28 18:00:00,25.9,114.0,54.9,1.4,3.6
2025-07-28 19:00:00,24.8,105.0,60.3,1.9,3.6
2025-07-28 20:00:00,23.5,73.0,66.2,1.7,4.1
2025-07-28 21:00:00,22.4,100.0,69.0,2.0,4.3
2025-07-28 22:00:00,21.4,100.0,73.8,1.4,3.2
2025-07-28 23:00:00,20.8,82.0,76.8,1.5,3.2
2025-07-29 00:00:00,20.2,80.0,78.7,1.2,3.5
2025-07-29 01:00:00,19.8,55.0,78.8,1.1,2.1
2025-07-29 02:00:00,19.1,47.0,80.6,,1.6
2025-07-29 03:00:00,18.8,328.0,82.6,0.4,1.1
2025-07-29 04:00:00,18.6,41.0,85.0,,0.7
2025-07-29 05:00:00,18.7,206.0,81.3,,1.6
2025-07-29 06:00:00,19.5,147.0,74.1,0.4,1.9
2025-07-29 07:00:00,21.0,105.0,66.8,0.8,1.9
2025-07-29 08:00:00,22.9,99.0,58.6,0.8,2.4
2025-07-29 09:00:00,24.5,93.0,46.5,0.6,3.3
2025-07-29 10:00:00,27.8,81.0,35.7,1.3,4.1
2025-07-29 11:00:00,28.8,87.0,29.7,1.8,6.0
2025-07-29 12:00:00,29.5,108.0,29.5,2.1,5.9
2025-07-29 13:00:00,29.5,134.0,29.1,1.5,5.3
2025-07-29 14:00:00,29.7,73.0,26.9,1.6,5.4
2025-07-29 15:00:00,29.1,105.0,27.1,2.1,5.8
2025-07-29 16:00:00,28.7,97.0,29.5,1.8,5.2
2025-07-29 17:00:00,28.1,107.0,30.0,2.2,6.1
2025-07-29 18:00:00,27.7,103.0,32.4,2.1,4.6
2025-07-29 19:00:00,26.9,108.0,38.4,2.6,5.3
2025-07-29 20:00:00,25.8,106.0,43.3,1.6,3.3
2025-07-29 21:00:00,24.8,66.0,49.0,1.9,4.2
2025-07-29 22:00:00,24.1,59.0,50.6,1.9,4.1
2025-07-29 23:00:00,23.6,69.0,51.5,2.7,6.1
2025-07-30 00:00:00,22.8,72.0,53.4,3.4,8.0
2025-07-30 01:00:00,22.0,81.0,54.9,4.1,9.7
2025-07-30 02:00:00,21.4,77.0,58.4,3.6,7.9
2025-07-30 03:00:00,21.0,67.0,61.4,2.6,6.2
2025-07-30 04:00:00,20.9,73.0,59.7,2.7,7.4
2025-07-30 05:00:00,20.5,62.0,58.7,2.6,7.2
2025-07-30 06:00:00,20.4,35.0,60.9,1.3,5.5
2025-07-30 07:00:00,19.1,48.0,76.0,1.1,3.1
2025-07-30 08:00:00,18.4,143.0,85.9,,2.1
2025-07-30 09:00:00,19.2,100.0,82.9,1.5,3.8
2025-07-30 10:00:00,20.6,100.0,71.6,1.2,3.0
2025-07-30 11:00:00,24.0,104.0,53.4,1.7,4.4
2025-07-30 12:00:00,24.7,135.0,48.3,1.9,4.9
2025-07-30 13:00:00,26.3,105.0,42.2,1.6,5.4
2025-07-30 14:00:00,26.5,114.0,41.4,0.8,3.7
2025-07-30 15:00:00,26.4,164.0,41.0,0.9,4.1
2025-07-30 16:00:00,26.5,135.0,40.3,0.5,3.5
2025-07-30 17:00:00,26.4,144.0,41.0,1.3,3.6
2025-07-30 18:00:00,25.8,125.0,43.3,1.4,4.8
2025-07-30 19:00:00,25.0,128.0,45.8,1.2,3.1
2025-07-30 20:00:00,24.4,115.0,48.2,1.1,2.8
2025-07-30 21:00:00,23.6,57.0,51.2,0.3,1.2
2025-07-30 22:00:00,23.1,27.0,54.9,,1.0
2025-07-30 23:00:00,22.7,73.0,57.5,0.3,1.0
2025-07-31 00:00:00,22.1,60.0,61.3,,1.2
2025-07-31 01:00:00,21.5,69.0,65.5,0.9,1.8
2025-07-31 02:00:00,20.9,27.0,68.6,,1.0
2025-07-31 03:00:00,20.4,47.0,72.6,0.7,1.4
2025-07-31 04:00:00,20.0,65.0,72.6,1.1,2.3
2025-07-31 05:00:00,19.8,61.0,73.0,0.7,1.7
2025-07-31 06:00:00,20.6,71.0,68.6,1.0,2.5
2025-07-31 07:00:00,21.9,117.0,60.5,1.2,2.8
2025-07-31 08:00:00,23.6,86.0,55.6,1.5,3.3
2025-07-31 09:00:00,24.4,71.0,53.2,0.7,2.7
2025-07-31 10:00:00,26.1,147.0,48.2,0.2,3.0
2025-07-31 11:00:00,27.7,139.0,44.8,,4.2
2025-07-31 12:00:00,28.7,241.0,41.5,0.5,3.2
2025-07-31 13:00:00,29.2,199.0,40.7,1.0,4.4
2025-07-31 14:00:00,29.4,213.0,37.9,1.1,4.9
2025-07-31 15:00:00,29.9,196.0,30.8,1.5,6.0
2025-07-31 16:00:00,29.4,200.0,30.5,1.8,5.0
2025-07-31 17:00:00,29.0,206.0,37.2,1.2,4.1
2025-07-31 18:00:00,28.4,192.0,39.8,1.3,3.6
2025-07-31 19:00:00,27.7,228.0,44.6,1.0,2.7
2025-07-31 20:00:00,26.4,237.0,49.5,0.7,2.6
2025-07-31 21:00:00,25.5,202.0,51.7,0.7,1.6
2025-07-31 22:00:00,25.4,212.0,50.7,1.2,3.6
2025-07-31 23:00:00,24.3,294.0,52.2,0.4,2.9
2025-08-01 00:00:00,23.3,314.0,53.3,0.9,2.0
2025-08-01 01:00:00,22.8,12.0,57.0,0.5,1.2
2025-08-01 02:00:00,22.6,359.0,62.5,0.4,1.5
2025-08-01 03:00:00,22.6,328.0,62.9,,0.7
2025-08-01 04:00:00,22.9,122.0,61.1,,1.5
2025-08-01 05:00:00,22.9,138.0,61.0,0.8,2.8
2025-08-01 06:00:00,22.9,109.0,61.7,1.7,4.4
2025-08-01 07:00:00,22.5,12.0,65.1,1.1,4.9
2025-08-01 08:00:00,23.1,8.0,61.3,1.3,3.7
2025-08-01 09:00:00,23.3,4.0,62.0,2.6,7.1
2025-08-01 10:00:00,24.1,40.0,56.7,2.5,6.9
2025-08-01 11:00:00,25.2,42.0,49.3,2.6,7.3
2025-08-01 12:00:00,27.1,99.0,46.0,2.6,6.5
2025-08-01 13:00:00,28.0,99.0,44.7,1.9,6.8
2025-08-01 14:00:00,28.4,120.0,45.3,1.4,5.0
2025-08-01 15:00:00,28.1,185.0,46.9,0.9,4.7
2025-08-01 16:00:00,28.1,207.0,45.9,0.7,3.6
2025-08-01 17:00:00,27.9,216.0,46.0,0.9,3.6
2025-08-01 18:00:00,27.7,271.0,45.7,0.8,3.4
2025-08-01 19:00:00,27.1,58.0,51.5,1.2,6.8
2025-08-01 20:00:00,23.8,148.0,60.4,1.3,10.4
2025-08-01 21:00:00,22.1,40.0,67.6,1.4,5.5
2025-08-01 22:00:00,22.4,78.0,70.0,1.4,3.5
2025-08-01 23:00:00,22.3,57.0,76.4,2.1,6.3
2025-08-02 00:00:00,20.4,60.0,75.3,3.0,7.4
2025-08-02 01:00:00,20.2,78.0,77.4,3.0,7.0
2025-08-02 02:00:00,19.9,77.0,77.2,2.8,6.6
2025-08-02 03:00:00,19.4,81.0,79.6,2.2,5.3
2025-08-02 04:00:00,19.6,77.0,79.4,2.2,5.8
2025-08-02 05:00:00,19.3,53.0,82.0,1.6,6.2
2025-08-02 06:00:00,18.9,29.0,79.5,2.2,6.6
2025-08-02 07:00:00,18.1,25.0,86.3,1.5,5.0
2025-08-02 08:00:00,17.2,47.0,94.5,2.2,5.7
2025-08-02 09:00:00,18.2,71.0,89.2,2.2,5.2
2025-08-02 10:00:00,21.0,84.0,73.0,2.3,5.3
2025-08-02 11:00:00,23.9,83.0,58.8,1.9,5.0
2025-08-02 12:00:00,24.8,108.0,54.3,1.6,4.6
2025-08-02 13:00:00,25.7,136.0,51.0,1.0,3.7
2025-08-02 14:00:00,24.5,134.0,56.4,1.6,5.0
2025-08-02 15:00:00,24.8,139.0,56.6,1.6,4.5
2025-08-02 16:00:00,24.9,123.0,57.8,2.4,6.1
2025-08-02 17:00:00,24.5,122.0,58.6,1.9,5.1
2025-08-02 18:00:00,24.1,120.0,59.8,1.5,3.7
2025-08-02 19:00:00,23.4,108.0,62.2,1.6,3.9
2025-08-02 20:00:00,22.9,100.0,63.3,1.4,3.3
2025-08-02 21:00:00,22.3,111.0,64.7,0.9,1.8
2025-08-02 22:00:00,22.0,104.0,66.0,0.5,1.3
2025-08-02 23:00:00,21.8,109.0,67.6,1.8,5.6
2025-08-03 00:00:00,20.8,112.0,72.9,1.5,3.4
2025-08-03 01:00:00,20.3,70.0,73.6,1.6,3.2
2025-08-03 02:00:00,19.8,62.0,72.4,1.3,2.7
2025-08-03 03:00:00,19.3,18.0,75.4,0.7,2.4
2025-08-03 04:00:00,18.8,331.0,78.6,0.6,1.7
2025-08-03 05:00:00,18.7,290.0,81.0,0.6,1.9
2025-08-03 06:00:00,19.2,263.0,78.8,0.7,2.3
2025-08-03 07:00:00,20.4,248.0,71.3,0.8,2.1
2025-08-03 08:00:00,21.7,219.0,65.0,0.7,2.9
2025-08-03 09:00:00,23.0,265.0,59.5,0.7,2.8
2025-08-03 10:00:00,25.4,125.0,49.0,1.1,4.2
2025-08-03 11:00:00,27.0,93.0,38.5,1.3,5.4
2025-08-03 12:00:00,27.6,104.0,37.1,1.5,5.2
2025-08-03 13:00:00,28.3,81.0,36.4,1.4,5.1
2025-08-03 14:00:00,28.2,118.0,36.9,1.3,4.6
2025-08-03 15:00:00,27.6,149.0,38.5,1.7,5.6
2025-08-03 16:00:00,27.5,155.0,37.5,1.3,5.2
2025-08-03 17:00:00,27.2,153.0,37.6,1.2,3.6
2025-08-03 18:00:00,26.7,165.0,37.9,1.1,4.3
2025-08-03 19:00:00,26.1,169.0,39.7,1.1,3.7
2025-08-03 20:00:00,25.1,150.0,42.4,0.5,1.9
2025-08-03 21:00:00,24.4,119.0,44.4,1.0,2.4
2025-08-03 22:00:00,23.8,100.0,49.2,1.1,2.2
2025-08-03 23:00:00,23.0,59.0,53.9,1.2,2.3
2025-08-04 00:00:00,22.2,57.0,59.8,1.1,2.3
2025-08-04 01:00:00,21.6,61.0,62.7,1.6,3.4
2025-08-04 02:00:00,20.8,51.0,65.6,1.0,3.1
2025-08-04 03:00:00,20.2,51.0,68.2,1.1,3.1
2025-08-04 04:00:00,20.2,54.0,66.4,1.3,2.4
2025-08-04 05:00:00,20.2,50.0,65.8,1.1,2.5
2025-08-04 06:00:00,20.6,46.0,63.2,1.4,3.1
2025-08-04 07:00:00,21.5,54.0,59.3,1.1,2.9
2025-08-04 08:00:00,22.7,83.0,54.3,1.5,4.0
2025-08-04 09:00:00,23.7,100.0,50.4,1.4,4.0
2025-08-04 10:00:00,25.7,114.0,46.2,1.1,4.0
2025-08-04 11:00:00,26.8,80.0,43.2,0.6,3.5
2025-08-04 12:00:00,27.2,195.0,41.6,0.5,3.5
2025-08-04 13:00:00,28.7,230.0,36.9,0.7,3.8
2025-08-04 14:00:00,29.0,210.0,37.3,0.9,4.5
2025-08-04 15:00:00,29.2,238.0,36.8,1.2,4.3
2025-08-04 16:00:00,29.2,245.0,36.5,1.3,5.0
2025-08-04 17:00:00,28.8,242.0,35.5,1.5,4.8
2025-08-04 18:00:00,28.4,238.0,36.6,1.3,4.1
2025-08-04 19:00:00,27.5,261.0,38.4,1.2,3.3
2025-08-04 20:00:00,26.1,289.0,42.4,,1.3
2025-08-04 21:00:00,25.0,55.0,46.6,0.8,2.9
2025-08-04 22:00:00,24.5,81.0,56.5,1.6,3.1
2025-08-04 23:00:00,23.7,84.0,60.7,1.5,3.3
2025-08-05 00:00:00,23.1,69.0,62.3,1.5,3.6
2025-08-05 01:00:00,22.5,63.0,64.4,1.4,2.8
2025-08-05 02:00:00,22.1,76.0,66.3,1.6,4.0
2025-08-05 03:00:00,21.7,67.0,67.4,1.5,2.7
2025-08-05 04:00:00,21.3,63.0,68.2,1.3,2.8
2025-08-05 05:00:00,21.1,62.0,68.8,1.3,2.7
2025-08-05 06:00:00,21.8,62.0,65.8,1.4,2.8
2025-08-05 07:00:00,23.5,83.0,58.4,1.7,4.3
2025-08-05 08:00:00,25.1,103.0,51.2,2.7,5.8
2025-08-05 09:00:00,26.0,92.0,48.8,2.7,6.4
2025-08-05 10:00:00,27.4,97.0,46.3,1.6,4.7
2025-08-05 11:00:00,28.6,100.0,42.9,1.6,6.2
2025-08-05 12:00:00,29.5,58.0,40.2,1.5,5.2
2025-08-05 13:00:00,30.2,56.0,39.6,1.0,4.4
2025-08-05 14:00:00,30.0,78.0,40.0,1.4,5.3
2025-08-05 15:00:00,30.2,97.0,40.4,1.3,4.3
2025-08-05 16:00:00,29.9,102.0,41.5,1.3,4.4
2025-08-05 17:00:00,29.5,129.0,43.4,1.4,4.4
2025-08-05 18:00:00,28.8,113.0,45.9,1.8,3.9
2025-08-05 19:00:00,28.0,123.0,48.4,2.1,3.9
2025-08-05 20:00:00,27.1,118.0,52.8,1.4,3.2
2025-08-05 21:00:00,26.4,109.0,55.7,1.2,2.7
2025-08-05 22:00:00,25.9,72.0,58.3,1.2,2.4
2025-08-05 23:00:00,25.5,67.0,60.4,1.5,2.8
2025-08-06 00:00:00,24.8,61.0,63.2,1.4,3.1
2025-08-06 01:00:00,24.3,55.0,65.7,1.2,2.9
2025-08-06 02:00:00,23.8,68.0,65.8,1.8,3.7
2025-08-06 03:00:00,23.2,69.0,66.5,1.8,4.4
2025-08-06 04:00:00,22.7,57.0,68.5,1.1,2.3
2025-08-06 05:00:00,22.4,51.0,69.8,0.9,2.1
2025-08-06 06:00:00,23.1,61.0,67.0,1.4,3.9
2025-08-06 07:00:00,24.6,88.0,58.5,2.0,4.8
2025-08-06 08:00:00,25.6,76.0,51.9,1.5,3.5
2025-08-06 09:00:00,26.3,93.0,52.3,1.8,4.4
2025-08-06 10:00:00,27.0,102.0,52.2,2.2,5.2
2025-08-06 11:00:00,26.9,84.0,53.6,2.5,5.3
2025-08-06 12:00:00,28.2,94.0,50.6,2.4,6.3
2025-08-06 13:00:00,28.7,87.0,50.7,2.6,6.2
2025-08-06 14:00:00,28.6,83.0,52.2,2.9,7.2
2025-08-06 15:00:00,28.7,96.0,52.9,3.0,7.5
2025-08-06 16:00:00,28.4,93.0,53.6,3.2,7.4
2025-08-06 17:00:00,28.1,74.0,51.2,2.7,6.2
2025-08-06 18:00:00,27.4,71.0,54.2,3.0,6.7
2025-08-06 19:00:00,26.5,83.0,58.4,3.0,6.4
2025-08-06 20:00:00,25.9,88.0,60.2,3.2,7.2
2025-08-06 21:00:00,25.4,95.0,61.6,3.1,7.7
2025-08-06 22:00:00,24.9,84.0,63.1,3.2,7.8
2025-08-06 23:00:00,24.3,82.0,65.2,3.1,6.4
2025-08-07 00:00:00,23.6,81.0,67.1,2.7,6.3
2025-08-07 01:00:00,23.2,79.0,68.2,2.8,7.1
2025-08-07 02:00:00,23.2,72.0,66.7,2.5,6.2
2025-08-07 03:00:00,23.1,73.0,65.8,1.8,4.7
2025-08-07 04:00:00,23.1,52.0,64.3,1.5,3.6
2025-08-07 05:00:00,23.0,59.0,64.1,1.4,3.5
2025-08-07 06:00:00,23.5,68.0,63.9,1.8,3.7
2025-08-07 07:00:00,24.4,100.0,61.8,2.2,5.0
2025-08-07 08:00:00,24.9,105.0,55.6,2.8,5.4
2025-08-07 09:00:00,25.7,95.0,51.6,2.4,5.6
2025-08-07 10:00:00,26.5,83.0,50.6,1.2,4.1
2025-08-07 11:00:00,28.3,88.0,43.0,1.3,4.2
2025-08-07 12:00:00,29.3,67.0,38.8,1.2,4.4
2025-08-07 13:00:00,30.3,77.0,37.4,1.5,4.5
2025-08-07 14:00:00,30.4,94.0,39.1,1.1,3.8
2025-08-07 15:00:00,29.9,199.0,40.7,0.7,3.6
2025-08-07 16:00:00,29.7,185.0,43.1,1.0,3.6
2025-08-07 17:00:00,29.4,168.0,46.5,0.7,3.6
2025-08-07 18:00:00,28.8,199.0,50.9,1.1,3.6
2025-08-07 19:00:00,28.0,204.0,55.2,1.1,3.2
2025-08-07 20:00:00,27.4,203.0,57.6,1.2,2.4
2025-08-07 21:00:00,26.7,228.0,61.7,0.8,2.4
2025-08-07 22:00:00,25.8,281.0,67.4,0.8,2.1
2025-08-07 23:00:00,25.4,310.0,67.7,0.8,1.6
2025-08-08 00:00:00,24.9,10.0,69.6,0.4,1.6
2025-08-08 01:00:00,24.2,49.0,71.9,0.6,1.3
2025-08-08 02:00:00,23.5,27.0,75.0,0.5,1.3
2025-08-08 03:00:00,23.2,73.0,73.0,1.3,2.6
2025-08-08 04:00:00,22.8,63.0,72.8,0.9,1.9
2025-08-08 05:00:00,22.6,59.0,73.4,1.2,2.2
2025-08-08 06:00:00,23.1,71.0,71.4,1.3,3.3
2025-08-08 07:00:00,24.1,94.0,66.2,1.6,3.7
2025-08-08 08:00:00,25.5,87.0,60.7,1.2,3.4
2025-08-08 09:00:00,26.7,81.0,57.4,0.5,2.5
2025-08-08 10:00:00,30.0,54.0,48.3,0.8,3.7
2025-08-08 11:00:00,30.9,77.0,45.6,0.8,3.8
2025-08-08 12:00:00,31.3,240.0,43.8,0.8,3.3
2025-08-08 13:00:00,32.3,172.0,41.7,0.8,4.5
2025-08-08 14:00:00,32.5,220.0,39.4,0.8,3.5
2025-08-08 15:00:00,32.5,224.0,38.1,1.4,5.2
2025-08-08 16:00:00,32.2,237.0,38.1,1.1,5.0
2025-08-08 17:00:00,31.9,248.0,41.7,0.9,3.5
2025-08-08 18:00:00,31.2,211.0,44.4,0.9,3.2
2025-08-08 19:00:00,30.4,205.0,48.1,1.1,2.9
2025-08-08 20:00:00,29.5,208.0,51.4,0.8,2.4
2025-08-08 21:00:00,28.6,244.0,55.2,0.5,1.5
2025-08-08 22:00:00,27.9,300.0,58.8,0.7,1.5
2025-08-08 23:00:00,27.2,44.0,62.2,0.7,1.7
2025-08-09 00:00:00,26.5,60.0,63.4,0.9,1.8
2025-08-09 01:00:00,26.0,54.0,64.9,1.1,1.8
2025-08-09 02:00:00,25.4,56.0,66.6,1.0,1.9
2025-08-09 03:00:00,24.8,62.0,68.4,1.1,1.9
2025-08-09 04:00:00,24.5,56.0,70.6,1.0,2.0
2025-08-09 05:00:00,24.2,39.0,72.1,0.8,1.7
2025-08-09 06:00:00,24.6,13.0,71.7,0.7,2.0
2025-08-09 07:00:00,25.7,78.0,67.1,0.2,1.8
2025-08-09 08:00:00,27.6,86.0,58.7,,2.0
2025-08-09 09:00:00,29.3,170.0,53.9,,2.5
2025-08-09 10:00:00,31.1,261.0,47.9,0.9,3.0
2025-08-09 11:00:00,32.0,212.0,45.3,0.7,3.8
2025-08-09 12:00:00,33.1,263.0,43.8,1.3,4.1
2025-08-09 13:00:00,33.8,235.0,40.6,1.0,3.6
2025-08-09 14:00:00,34.5,203.0,38.0,0.8,4.3
2025-08-09 15:00:00,34.1,227.0,38.3,1.1,4.7
2025-08-09 16:00:00,33.9,192.0,38.9,0.8,3.3
2025-08-09 17:00:00,33.5,193.0,40.2,1.0,3.5
2025-08-09 18:00:00,32.8,201.0,42.0,1.0,3.2
2025-08-09 19:00:00,31.9,156.0,45.7,0.8,2.3
2025-08-09 20:00:00,30.7,138.0,48.6,0.5,1.4
2025-08-09 21:00:00,29.8,103.0,51.4,,1.1
2025-08-09 22:00:00,29.1,333.0,55.1,0.5,1.2
2025-08-09 23:00:00,28.2,25.0,59.2,0.4,1.4
2025-08-10 00:00:00,27.4,359.0,63.9,,0.7
2025-08-10 01:00:00,26.8,342.0,68.4,0.4,1.0
2025-08-10 02:00:00,26.2,336.0,70.3,0.6,1.3
2025-08-10 03:00:00,25.8,338.0,71.7,0.4,1.0
2025-08-10 04:00:00,25.5,309.0,73.3,,1.3
2025-08-10 05:00:00,25.3,334.0,74.2,,0.9
2025-08-10 06:00:00,25.6,309.0,73.2,,1.1
2025-08-10 07:00:00,27.1,283.0,68.4,,1.0
2025-08-10 08:00:00,28.9,233.0,61.2,0.3,1.4
2025-08-10 09:00:00,30.5,252.0,55.4,0.5,2.8
2025-08-10 10:00:00,32.3,251.0,50.2,1.0,3.1
2025-08-10 11:00:00,33.1,256.0,49.5,0.9,3.7
2025-08-10 12:00:00,34.1,220.0,47.3,0.8,3.4
2025-08-10 13:00:00,35.4,144.0,43.5,0.8,4.6
2025-08-10 14:00:00,35.7,169.0,40.4,0.9,4.8
2025-08-10 15:00:00,35.9,133.0,38.9,1.2,4.1
2025-08-10 16:00:00,35.4,124.0,39.2,1.5,4.9
2025-08-10 17:00:00,34.9,107.0,40.9,1.5,3.9
2025-08-10 18:00:00,34.0,109.0,42.9,2.1,3.8
2025-08-10 19:00:00,32.8,97.0,45.5,1.9,4.3
2025-08-10 20:00:00,31.3,94.0,53.2,1.3,3.3
2025-08-10 21:00:00,30.2,47.0,57.6,1.0,1.8
2025-08-10 22:00:00,29.6,53.0,57.4,1.2,2.6
2025-08-10 23:00:00,28.9,21.0,61.1,0.6,2.3
2025-08-11 00:00:00,27.8,350.0,66.9,0.6,1.8
2025-08-11 01:00:00,27.2,359.0,67.7,0.6,2.1
2025-08-11 02:00:00,26.6,3.0,67.9,0.7,1.9
2025-08-11 03:00:00,26.2,351.0,69.2,0.4,1.3
2025-08-11 04:00:00,26.0,324.0,70.2,,0.9
2025-08-11 05:00:00,25.8,339.0,71.0,,1.1
2025-08-11 06:00:00,26.3,24.0,70.5,,1.1
2025-08-11 07:00:00,28.2,18.0,63.0,0.5,1.6
2025-08-11 08:00:00,30.6,103.0,44.6,1.7,4.9
2025-08-11 09:00:00,31.6,84.0,40.5,1.5,4.6
2025-08-11 10:00:00,34.3,89.0,33.5,3.1,7.5
2025-08-11 11:00:00,34.7,66.0,33.7,3.3,9.3
2025-08-11 12:00:00,35.7,101.0,33.4,3.1,6.9
2025-08-11 13:00:00,35.7,108.0,34.3,2.6,6.8
2025-08-11 14:00:00,35.6,100.0,34.2,2.4,6.1
2025-08-11 15:00:00,35.2,88.0,34.3,1.6,6.5
2025-08-11 16:00:00,34.7,98.0,34.4,2.1,5.2
2025-08-11 17:00:00,33.9,114.0,36.3,1.9,4.2
2025-08-11 18:00:00,33.1,113.0,41.1,2.0,4.4
2025-08-11 19:00:00,32.2,108.0,43.0,2.3,4.8
2025-08-11 20:00:00,31.1,104.0,46.7,1.6,3.0
2025-08-11 21:00:00,30.3,93.0,49.4,1.2,3.0
2025-08-11 22:00:00,29.8,69.0,50.5,1.5,2.9
2025-08-11 23:00:00,29.2,56.0,53.9,1.4,3.1
2025-08-12 00:00:00,28.7,64.0,54.8,1.7,3.1
2025-08-12 01:00:00,28.2,71.0,55.9,1.8,3.8
2025-08-12 02:00:00,27.7,66.0,57.1,1.4,3.0
2025-08-12 03:00:00,27.2,51.0,59.0,1.2,2.4
2025-08-12 04:00:00,27.0,50.0,59.1,1.3,2.5
2025-08-12 05:00:00,26.8,64.0,59.6,1.5,3.2
2025-08-12 06:00:00,27.1,62.0,58.8,1.2,2.6
2025-08-12 07:00:00,28.3,90.0,53.8,2.2,4.8
2025-08-12 08:00:00,29.4,88.0,49.9,1.9,4.0
2025-08-12 09:00:00,30.3,83.0,46.9,1.2,3.3
2025-08-12 10:00:00,32.1,103.0,42.8,0.9,3.3
2025-08-12 11:00:00,32.4,111.0,42.0,0.7,4.4
2025-08-12 12:00:00,33.4,112.0,40.0,0.2,4.8
2025-08-12 13:00:00,34.3,157.0,39.3,1.2,5.0
2025-08-12 14:00:00,34.3,145.0,40.0,1.3,4.5
2025-08-12 15:00:00,34.5,123.0,40.1,1.5,5.2
2025-08-12 16:00:00,33.7,130.0,42.4,2.0,5.6
2025-08-12 17:00:00,33.3,115.0,44.0,2.4,5.9
2025-08-12 18:00:00,32.5,109.0,46.4,2.3,4.7
2025-08-12 19:00:00,31.7,90.0,48.4,2.0,4.2
2025-08-12 20:00:00,31.1,74.0,48.9,1.8,3.5
2025-08-12 21:00:00,30.4,70.0,51.7,1.5,2.8
2025-08-12 22:00:00,30.0,68.0,53.5,1.0,2.9
2025-08-12 23:00:00,29.6,57.0,55.4,1.5,3.5
2025-08-13 00:00:00,28.9,87.0,57.3,1.5,3.8
2025-08-13 01:00:00,28.5,66.0,58.5,1.5,3.2
2025-08-13 02:00:00,28.0,61.0,60.6,1.5,4.1
2025-08-13 03:00:00,27.4,64.0,62.6,1.4,2.8
2025-08-13 04:00:00,26.9,48.0,62.8,0.9,2.3
2025-08-13 05:00:00,26.5,353.0,63.4,0.5,1.6
2025-08-13 06:00:00,26.6,351.0,67.2,0.6,2.0
2025-08-13 07:00:00,28.0,3.0,61.3,0.7,2.2
2025-08-13 08:00:00,29.5,310.0,48.6,,1.9
2025-08-13 09:00:00,30.5,138.0,46.6,0.5,2.8
2025-08-13 10:00:00,32.2,164.0,42.3,0.4,3.5
2025-08-13 11:00:00,32.9,198.0,41.2,0.8,4.6
2025-08-13 12:00:00,33.6,189.0,41.8,0.9,4.4
2025-08-13 13:00:00,34.4,192.0,40.3,1.0,5.0
2025-08-13 14:00:00,35.0,145.0,39.3,1.0,4.1
2025-08-13 15:00:00,34.7,147.0,40.2,1.3,5.2
2025-08-13 16:00:00,34.6,107.0,39.8,1.5,4.6
2025-08-13 17:00:00,34.2,106.0,40.8,1.9,4.7
2025-08-13 18:00:00,33.3,104.0,42.6,2.0,4.0
2025-08-13 19:00:00,32.5,110.0,45.4,2.2,5.1
2025-08-13 20:00:00,31.6,103.0,50.7,1.5,3.5
2025-08-13 21:00:00,30.8,89.0,55.2,1.2,2.9
2025-08-13 22:00:00,30.5,63.0,55.8,1.4,2.6
2025-08-13 23:00:00,29.9,50.0,59.7,1.3,2.9
2025-08-14 00:00:00,29.2,49.0,64.2,1.0,2.4
2025-08-14 01:00:00,28.6,335.0,66.4,0.6,2.0
2025-08-14 02:00:00,28.1,329.0,68.7,0.6,1.9
2025-08-14 03:00:00,27.6,302.0,71.2,,1.9
2025-08-14 04:00:00,27.5,12.0,71.6,0.4,2.0
2025-08-14 05:00:00,27.5,52.0,72.0,0.6,2.3
2025-08-14 06:00:00,27.7,61.0,69.5,1.1,3.0
2025-08-14 07:00:00,27.0,354.0,74.7,0.4,2.4
2025-08-14 08:00:00,28.3,98.0,64.8,0.7,2.1
2025-08-14 09:00:00,29.9,186.0,55.3,0.1,1.9
2025-08-14 10:00:00,31.8,105.0,50.4,0.6,4.3
2025-08-14 11:00:00,32.7,168.0,47.4,,3.3
2025-08-14 12:00:00,33.4,192.0,45.9,0.6,4.0
2025-08-14 13:00:00,34.7,120.0,40.8,0.9,5.0
2025-08-14 14:00:00,34.4,118.0,39.9,2.2,5.3
2025-08-14 15:00:00,34.4,144.0,38.2,1.3,4.1
2025-08-14 16:00:00,34.5,154.0,35.2,0.7,2.8
2025-08-14 17:00:00,34.3,192.0,32.8,0.7,2.9
2025-08-14 18:00:00,33.6,139.0,28.9,1.4,4.2
2025-08-14 19:00:00,32.9,150.0,30.3,1.2,3.3
2025-08-14 20:00:00,31.9,148.0,34.6,0.4,2.0
2025-08-14 21:00:00,31.0,315.0,37.3,0.8,1.7
2025-08-14 22:00:00,30.2,291.0,48.3,1.0,2.9
2025-08-14 23:00:00,29.4,348.0,55.9,0.4,1.8
2025-08-15 00:00:00,28.8,94.0,56.7,0.3,2.3
2025-08-15 01:00:00,28.1,73.0,58.9,1.0,2.2
2025-08-15 02:00:00,27.6,34.0,61.8,0.6,1.9
2025-08-15 03:00:00,26.8,21.0,62.6,0.4,1.3
2025-08-15 04:00:00,26.4,56.0,63.5,,1.1
2025-08-15 05:00:00,26.2,76.0,60.0,0.8,1.5
2025-08-15 06:00:00,26.5,56.0,57.9,0.6,1.9
2025-08-15 07:00:00,27.8,354.0,55.1,,1.3
2025-08-15 08:00:00,29.5,321.0,48.7,0.3,1.5
2025-08-15 09:00:00,31.3,66.0,40.2,1.0,3.0
2025-08-15 10:00:00,33.5,101.0,35.2,1.1,3.9
2025-08-15 11:00:00,34.0,114.0,33.7,1.4,4.6
2025-08-15 12:00:00,34.3,140.0,33.3,1.3,5.7
2025-08-15 13:00:00,35.4,150.0,29.8,1.0,5.6
2025-08-15 14:00:00,35.7,150.0,28.9,0.9,4.5
2025-08-15 15:00:00,35.2,111.0,30.0,1.8,5.9
2025-08-15 16:00:00,34.6,101.0,31.2,2.0,6.3
2025-08-15 17:00:00,34.4,107.0,31.5,1.8,4.7
2025-08-15 18:00:00,33.8,104.0,32.7,2.7,6.3
2025-08-15 19:00:00,32.9,80.0,33.6,1.4,4.3
2025-08-15 20:00:00,30.6,355.0,42.6,1.7,8.7
2025-08-15 21:00:00,26.8,337.0,57.2,0.8,3.0
2025-08-15 22:00:00,27.1,338.0,53.7,0.8,4.1
2025-08-15 23:00:00,26.3,336.0,54.6,1.0,3.6
2025-08-16 00:00:00,25.7,347.0,54.0,0.9,3.6
2025-08-16 01:00:00,25.2,328.0,54.9,0.7,2.3
2025-08-16 02:00:00,25.1,312.0,54.3,0.8,2.2
2025-08-16 03:00:00,24.9,307.0,54.4,0.9,2.0
2025-08-16 04:00:00,24.6,287.0,54.6,0.8,1.7
2025-08-16 05:00:00,24.4,307.0,55.8,0.5,1.1
2025-08-16 06:00:00,24.7,73.0,56.1,,1.1
2025-08-16 07:00:00,26.2,266.0,51.3,,1.2
2025-08-16 08:00:00,27.9,276.0,46.5,0.6,2.1
2025-08-16 09:00:00,29.6,247.0,39.8,0.4,2.4
2025-08-16 10:00:00,32.3,179.0,33.2,0.5,3.2
2025-08-16 11:00:00,33.0,162.0,33.0,0.6,3.1
2025-08-16 12:00:00,34.1,203.0,34.4,1.0,3.6
2025-08-16 13:00:00,35.3,168.0,31.2,0.9,4.2
2025-08-16 14:00:00,35.8,116.0,27.7,1.4,5.9
2025-08-16 15:00:00,35.2,65.0,28.5,1.1,5.3
2025-08-16 16:00:00,34.7,102.0,29.5,1.5,4.0
2025-08-16 17:00:00,34.2,121.0,29.3,1.5,4.9
2025-08-16 18:00:00,33.0,115.0,32.2,1.6,3.7
2025-08-16 19:00:00,31.9,113.0,37.5,1.4,3.0
2025-08-16 20:00:00,31.2,73.0,40.3,1.5,3.5
2025-08-16 21:00:00,30.5,69.0,41.1,1.3,4.3
2025-08-16 22:00:00,29.4,260.0,47.4,0.7,5.0
2025-08-16 23:00:00,28.9,218.0,49.7,0.8,3.3
2025-08-17 00:00:00,27.7,244.0,53.3,1.4,3.5
2025-08-17 01:00:00,26.7,293.0,54.5,1.2,4.0
2025-08-17 02:00:00,25.8,301.0,55.5,0.9,2.2
2025-08-17 03:00:00,25.0,321.0,59.4,,1.5
2025-08-17 04:00:00,24.8,62.0,61.1,0.6,1.4
2025-08-17 05:00:00,25.2,84.0,59.9,1.4,3.0
2025-08-17 06:00:00,25.4,67.0,59.3,1.3,3.3
2025-08-17 07:00:00,26.6,73.0,54.5,1.9,4.2
2025-08-17 08:00:00,28.1,77.0,49.3,1.0,2.8
2025-08-17 09:00:00,29.4,103.0,44.8,1.1,3.1
2025-08-17 10:00:00,31.8,96.0,37.8,1.4,4.2
2025-08-17 11:00:00,31.9,120.0,36.6,1.5,5.7
2025-08-17 12:00:00,33.1,122.0,33.9,1.3,5.0
2025-08-17 13:00:00,33.5,154.0,32.2,1.2,5.2
2025-08-17 14:00:00,34.0,140.0,30.0,1.2,5.4
2025-08-17 15:00:00,33.8,151.0,28.9,1.1,5.5
2025-08-17 16:00:00,33.4,162.0,30.2,1.3,4.4
2025-08-17 17:00:00,32.9,163.0,30.8,1.6,4.6
2025-08-17 18:00:00,32.3,130.0,33.2,2.0,6.1
2025-08-17 19:00:00,31.4,107.0,34.7,2.4,5.4
2025-08-17 20:00:00,30.7,106.0,36.9,2.2,5.5
2025-08-17 21:00:00,30.2,106.0,38.7,2.3,4.9
2025-08-17 22:00:00,29.6,92.0,40.1,3.3,8.0
2025-08-17 23:00:00,27.9,86.0,47.0,3.8,9.0
2025-08-18 00:00:00,26.9,76.0,46.4,2.7,7.3
2025-08-18 01:00:00,26.2,70.0,49.6,2.3,6.6
2025-08-18 02:00:00,25.6,79.0,53.6,2.2,7.1
2025-08-18 03:00:00,25.2,65.0,56.2,1.8,5.0
2025-08-18 04:00:00,24.9,62.0,57.4,1.7,3.2
2025-08-18 05:00:00,24.9,73.0,57.1,2.1,5.1
2025-08-18 06:00:00,25.0,77.0,57.6,2.0,4.4
2025-08-18 07:00:00,25.8,100.0,55.1,2.1,5.5
2025-08-18 08:00:00,26.7,101.0,51.7,2.6,6.3
2025-08-18 09:00:00,27.6,103.0,48.9,2.5,5.7
2025-08-18 10:00:00,29.5,104.0,44.9,2.1,5.3
2025-08-18 11:00:00,29.8,106.0,44.6,2.2,6.5
2025-08-18 12:00:00,31.0,107.0,41.2,2.0,6.2
2025-08-18 13:00:00,32.1,80.0,37.9,1.9,6.5
2025-08-18 14:00:00,31.3,84.0,39.7,1.4,5.7
2025-08-18 15:00:00,31.5,86.0,38.8,1.4,5.1
2025-08-18 16:00:00,31.4,118.0,40.0,1.9,5.9
2025-08-18 17:00:00,30.8,108.0,42.3,2.5,6.3
2025-08-18 18:00:00,30.1,94.0,43.5,2.8,5.7
2025-08-18 19:00:00,29.5,85.0,44.9,2.3,5.1
2025-08-18 20:00:00,28.8,72.0,47.6,1.7,3.9
2025-08-18 21:00:00,28.2,84.0,48.8,1.5,4.3
2025-08-18 22:00:00,27.9,90.0,50.7,2.4,5.4
2025-08-18 23:00:00,26.9,87.0,53.1,2.3,5.6
2025-08-19 00:00:00,25.9,70.0,55.8,2.8,6.8
2025-08-19 01:00:00,25.3,71.0,54.9,3.0,6.9
2025-08-19 02:00:00,25.1,77.0,54.3,3.3,6.9
2025-08-19 03:00:00,25.1,82.0,52.7,3.1,6.9
2025-08-19 04:00:00,24.9,78.0,53.6,2.7,6.2
2025-08-19 05:00:00,24.7,80.0,56.6,2.6,5.4
2025-08-19 06:00:00,24.7,76.0,55.3,2.3,5.2
2025-08-19 07:00:00,25.1,77.0,53.8,2.2,5.1
2025-08-19 08:00:00,26.6,82.0,47.4,3.0,7.1
2025-08-19 09:00:00,27.6,100.0,49.1,3.1,6.3
2025-08-19 10:00:00,29.1,95.0,44.2,2.2,5.7
2025-08-19 11:00:00,29.2,116.0,44.6,1.8,4.7
2025-08-19 12:00:00,30.6,108.0,43.0,1.2,5.2
2025-08-19 13:00:00,31.6,94.0,40.3,1.3,5.0
2025-08-19 14:00:00,31.7,128.0,39.8,1.5,4.6
2025-08-19 15:00:00,31.2,117.0,41.1,1.4,4.3
2025-08-19 16:00:00,30.4,166.0,45.2,1.8,5.5
2025-08-19 17:00:00,28.7,208.0,53.5,2.5,8.0
2025-08-19 18:00:00,27.6,232.0,59.5,1.9,6.1
2025-08-19 19:00:00,26.9,251.0,61.7,1.6,5.0
2025-08-19 20:00:00,26.2,246.0,61.7,1.5,4.9
2025-08-19 21:00:00,24.2,229.0,74.4,1.2,4.7
2025-08-19 22:00:00,24.3,263.0,71.4,1.2,3.2
2025-08-19 23:00:00,24.0,258.0,70.5,1.2,5.6
2025-08-20 00:00:00,22.9,296.0,75.4,0.9,4.8
2025-08-20 01:00:00,21.9,250.0,86.5,0.9,4.2
2025-08-20 02:00:00,20.5,109.0,97.3,0.2,4.2
2025-08-20 03:00:00,19.4,54.0,99.3,2.4,6.6
2025-08-20 04:00:00,18.8,53.0,99.3,1.9,5.7
2025-08-20 05:00:00,19.1,85.0,99.3,1.5,3.7
2025-08-20 06:00:00,19.4,73.0,99.3,0.6,3.8
2025-08-20 07:00:00,19.7,287.0,99.0,0.5,1.2
2025-08-20 08:00:00,21.0,354.0,90.8,,1.8
2025-08-20 09:00:00,22.5,88.0,81.7,,2.0
2025-08-20 10:00:00,24.3,231.0,70.1,0.5,3.2
2025-08-20 11:00:00,24.3,268.0,69.3,0.5,3.2
2025-08-20 12:00:00,24.3,142.0,71.8,1.1,4.1
2025-08-20 13:00:00,24.4,118.0,70.9,1.5,6.1
2025-08-20 14:00:00,24.6,144.0,68.8,1.0,3.7
2025-08-20 15:00:00,24.1,118.0,74.4,1.2,4.2
2025-08-20 16:00:00,24.6,83.0,69.5,0.9,3.2
2025-08-20 17:00:00,24.1,101.0,69.6,2.4,6.9
2025-08-20 18:00:00,23.3,99.0,72.2,1.3,4.0
2025-08-20 19:00:00,19.4,224.0,85.0,1.0,9.9
2025-08-20 20:00:00,19.2,331.0,96.9,0.7,4.3
2025-08-20 21:00:00,18.5,6.0,96.7,1.7,4.8
2025-08-20 22:00:00,19.0,9.0,95.0,1.7,4.7
2025-08-20 23:00:00,19.5,35.0,93.5,1.3,4.3
2025-08-21 00:00:00,19.5,62.0,91.1,2.3,6.1
2025-08-21 01:00:00,19.0,69.0,90.7,1.1,4.7
2025-08-21 02:00:00,19.4,333.0,90.4,0.7,2.9
2025-08-21 03:00:00,19.5,306.0,90.0,0.8,2.7
2025-08-21 04:00:00,18.8,319.0,92.8,0.9,2.4
2025-08-21 05:00:00,19.0,309.0,92.9,0.5,2.4
2025-08-21 06:00:00,19.4,286.0,90.0,0.8,2.0
2025-08-21 07:00:00,20.1,290.0,84.8,0.6,2.0
2025-08-21 08:00:00,21.4,188.0,76.3,0.5,2.9
2025-08-21 09:00:00,22.4,214.0,70.8,0.8,2.6
2025-08-21 10:00:00,23.6,181.0,67.3,1.2,4.2
2025-08-21 11:00:00,23.8,219.0,65.8,1.0,3.5
2025-08-21 12:00:00,25.5,258.0,60.5,1.0,3.6
2025-08-21 13:00:00,25.2,298.0,60.4,0.5,2.7
2025-08-21 14:00:00,24.7,83.0,63.8,1.7,8.0
2025-08-21 15:00:00,21.4,49.0,72.4,2.9,10.7
2025-08-21 16:00:00,19.1,297.0,87.3,0.4,2.5
2025-08-21 17:00:00,18.5,19.0,95.9,1.1,3.6
2025-08-21 18:00:00,18.3,23.0,96.5,0.6,4.0
2025-08-21 19:00:00,18.6,279.0,96.7,0.7,2.6
2025-08-21 20:00:00,18.5,298.0,96.8,1.1,2.4
2025-08-21 21:00:00,18.7,287.0,95.7,1.1,2.8
2025-08-21 22:00:00,18.8,273.0,93.1,1.0,2.9
2025-08-21 23:00:00,18.9,269.0,89.2,1.0,2.7
2025-08-22 00:00:00,19.1,234.0,88.4,1.0,2.9
2025-08-22 01:00:00,18.8,234.0,86.4,1.1,3.5
2025-08-22 02:00:00,18.1,227.0,88.6,1.8,6.2
2025-08-22 03:00:00,17.6,248.0,89.5,1.0,3.5
2025-08-22 04:00:00,17.3,332.0,91.1,,1.5
2025-08-22 05:00:00,17.3,295.0,93.0,,1.5
2025-08-22 06:00:00,17.9,236.0,90.4,0.4,1.7
2025-08-22 07:00:00,19.0,267.0,84.6,0.5,1.7
2025-08-22 08:00:00,20.8,78.0,76.3,,1.4
2025-08-22 09:00:00,23.2,92.0,67.6,1.1,3.6
2025-08-22 10:00:00,25.9,105.0,57.4,1.9,4.4
2025-08-22 11:00:00,26.0,96.0,56.6,1.9,5.2
2025-08-22 12:00:00,28.0,101.0,49.8,2.0,6.6
2025-08-22 13:00:00,29.2,104.0,42.6,2.5,6.3
2025-08-22 14:00:00,29.5,113.0,39.5,2.5,6.1
2025-08-22 15:00:00,29.3,103.0,37.7,2.2,6.2
2025-08-22 16:00:00,29.0,112.0,37.3,2.4,5.9
2025-08-22 17:00:00,28.3,111.0,40.3,2.6,5.5
2025-08-22 18:00:00,27.3,96.0,45.5,2.2,4.7
2025-08-22 19:00:00,26.4,67.0,50.5,2.0,3.9
2025-08-22 20:00:00,25.9,71.0,54.2,2.0,4.1
2025-08-22 21:00:00,25.3,85.0,58.4,2.4,6.5
2025-08-22 22:00:00,24.6,89.0,58.6,2.6,6.2
2025-08-22 23:00:00,24.3,85.0,57.9,2.3,6.2
2025-08-23 00:00:00,23.4,80.0,63.1,2.7,6.2
2025-08-23 01:00:00,22.6,71.0,67.7,2.7,5.5
2025-08-23 02:00:00,22.3,69.0,70.6,2.6,5.8
2025-08-23 03:00:00,22.1,57.0,71.5,1.9,4.3
2025-08-23 04:00:00,21.9,60.0,72.4,1.8,3.5
2025-08-23 05:00:00,21.7,68.0,74.2,1.8,3.7
2025-08-23 06:00:00,21.5,62.0,75.3,1.4,3.5
2025-08-23 07:00:00,22.0,59.0,74.6,1.3,2.7
2025-08-23 08:00:00,23.2,72.0,68.6,2.0,4.9
2025-08-23 09:00:00,24.0,99.0,65.6,2.3,6.7
2025-08-23 10:00:00,25.1,107.0,60.9,2.6,5.7
2025-08-23 11:00:00,25.5,91.0,58.3,1.8,5.3
2025-08-23 12:00:00,26.5,80.0,54.3,1.6,4.4
2025-08-23 13:00:00,27.9,100.0,49.5,1.2,5.3
2025-08-23 14:00:00,28.2,87.0,48.0,0.8,5.4
2025-08-23 15:00:00,27.6,172.0,49.0,0.7,3.3
2025-08-23 16:00:00,27.5,161.0,49.3,0.5,3.0
2025-08-23 17:00:00,27.1,117.0,51.6,1.5,4.7
2025-08-23 18:00:00,26.6,105.0,54.2,2.1,4.4
2025-08-23 19:00:00,25.6,108.0,57.4,1.9,3.8
2025-08-23 20:00:00,25.1,78.0,59.8,1.5,3.4
2025-08-23 21:00:00,24.3,78.0,62.8,1.2,2.7
2025-08-23 22:00:00,23.9,77.0,65.2,1.3,3.2
2025-08-23 23:00:00,23.5,84.0,66.9,2.1,5.3
2025-08-24 00:00:00,22.8,79.0,71.6,2.3,4.7
2025-08-24 01:00:00,22.1,78.0,75.6,2.4,5.1
2025-08-24 02:00:00,21.8,80.0,77.6,2.5,5.9
2025-08-24 03:00:00,21.7,81.0,78.1,2.2,4.3
2025-08-24 04:00:00,21.5,97.0,78.8,3.4,8.7
2025-08-24 05:00:00,20.5,104.0,77.3,3.9,10.7
2025-08-24 06:00:00,18.8,100.0,84.0,4.0,9.7
2025-08-24 07:00:00,18.2,60.0,86.3,2.6,8.1
2025-08-24 08:00:00,16.9,65.0,94.4,3.7,11.9
2025-08-24 09:00:00,16.8,73.0,98.8,3.2,6.8
2025-08-24 10:00:00,18.2,70.0,94.9,3.5,7.7
2025-08-24 11:00:00,20.2,68.0,74.7,4.2,9.2
2025-08-24 12:00:00,21.8,68.0,66.8,3.4,7.1
2025-08-24 13:00:00,23.0,80.0,63.3,3.0,7.3
2025-08-24 14:00:00,23.2,93.0,61.5,3.4,8.7
2025-08-24 15:00:00,23.8,104.0,59.7,3.1,7.7
2025-08-24 16:00:00,23.3,105.0,61.9,2.8,6.5
2025-08-24 17:00:00,22.8,112.0,65.6,2.1,6.1
2025-08-24 18:00:00,22.2,103.0,68.0,2.2,5.4
2025-08-24 19:00:00,21.4,108.0,69.4,2.1,4.6
2025-08-24 20:00:00,20.8,70.0,71.5,1.2,3.8
2025-08-24 21:00:00,20.2,54.0,73.8,1.0,2.0
2025-08-24 22:00:00,19.8,49.0,76.1,0.7,1.6
2025-08-24 23:00:00,19.5,40.0,78.0,0.9,2.0
2025-08-25 00:00:00,19.1,26.0,80.7,0.4,1.3
2025-08-25 01:00:00,19.2,61.0,81.2,,1.3
2025-08-25 02:00:00,19.7,21.0,78.3,0.6,2.3
2025-08-25 03:00:00,19.7,15.0,79.1,0.7,2.2
2025-08-25 04:00:00,19.9,53.0,77.0,0.8,1.6
2025-08-25 05:00:00,19.6,342.0,78.8,0.5,1.8
2025-08-25 06:00:00,19.4,107.0,81.1,,0.8
2025-08-25 07:00:00,20.5,46.0,74.9,0.4,1.9
2025-08-25 08:00:00,21.9,59.0,65.2,0.7,3.1
2025-08-25 09:00:00,22.8,128.0,61.2,0.6,2.5
2025-08-25 10:00:00,23.5,108.0,57.3,,2.1
2025-08-25 11:00:00,23.6,184.0,58.2,0.6,2.9
2025-08-25 12:00:00,25.6,181.0,51.1,0.8,3.6
2025-08-25 13:00:00,26.6,138.0,48.9,1.4,4.4
2025-08-25 14:00:00,26.2,136.0,50.3,1.5,4.5
2025-08-25 15:00:00,26.2,123.0,50.0,1.7,4.6
2025-08-25 16:00:00,26.2,202.0,48.0,0.9,3.4
2025-08-25 17:00:00,25.9,225.0,46.9,0.7,3.2
2025-08-25 18:00:00,25.4,221.0,48.3,0.7,2.3
2025-08-25 19:00:00,24.6,225.0,53.3,0.6,1.8
2025-08-25 20:00:00,23.8,207.0,58.0,0.7,1.6
2025-08-25 21:00:00,23.2,265.0,61.2,0.4,1.1
2025-08-25 22:00:00,22.4,37.0,66.7,0.4,0.7
2025-08-25 23:00:00,21.7,360.0,70.6,0.5,1.6
2025-08-26 00:00:00,21.1,63.0,73.6,0.9,1.9
2025-08-26 01:00:00,20.8,54.0,74.8,0.7,1.6
2025-08-26 02:00:00,20.2,33.0,78.5,0.5,1.6
2025-08-26 03:00:00,19.7,332.0,79.2,0.4,1.1
2025-08-26 04:00:00,19.5,347.0,79.6,,0.8
2025-08-26 05:00:00,19.5,,79.8,,0.8
2025-08-26 06:00:00,19.9,55.0,78.5,0.4,1.1
2025-08-26 07:00:00,21.0,20.0,73.4,0.6,1.7
2025-08-26 08:00:00,22.5,63.0,67.4,0.6,2.4
2025-08-26 09:00:00,24.2,75.0,60.6,0.4,2.3
2025-08-26 10:00:00,25.9,213.0,54.6,0.3,2.6
2025-08-26 11:00:00,26.4,98.0,50.2,0.6,3.2
2025-08-26 12:00:00,27.5,189.0,49.2,0.8,4.7
2025-08-26 13:00:00,28.2,209.0,48.2,0.7,4.2
2025-08-26 14:00:00,28.6,174.0,46.0,0.7,4.2
2025-08-26 15:00:00,28.5,179.0,44.9,0.5,3.7
2025-08-26 16:00:00,28.4,220.0,44.7,0.9,3.6
2025-08-26 17:00:00,28.0,207.0,45.3,0.6,2.5
2025-08-26 18:00:00,27.3,259.0,47.1,0.6,1.5
2025-08-26 19:00:00,26.4,106.0,52.8,1.4,3.4
2025-08-26 20:00:00,26.0,111.0,55.3,1.2,3.1
2025-08-26 21:00:00,25.3,110.0,58.1,1.1,2.1
2025-08-26 22:00:00,24.8,96.0,59.8,1.2,3.1
2025-08-26 23:00:00,24.4,66.0,61.8,1.1,2.4
2025-08-27 00:00:00,23.6,60.0,67.1,1.1,2.1
2025-08-27 01:00:00,23.2,49.0,69.2,0.9,1.8
2025-08-27 02:00:00,23.2,62.0,68.2,1.8,3.6
2025-08-27 03:00:00,22.8,69.0,72.2,1.8,3.2
2025-08-27 04:00:00,22.7,82.0,73.0,1.6,2.8
2025-08-27 05:00:00,22.6,100.0,72.9,2.0,4.6
2025-08-27 06:00:00,22.7,94.0,74.5,1.8,5.1
2025-08-27 07:00:00,23.0,92.0,75.3,1.8,4.8
2025-08-27 08:00:00,23.9,101.0,73.7,2.1,4.7
2025-08-27 09:00:00,24.0,100.0,74.6,1.6,4.7
2025-08-27 10:00:00,24.2,79.0,74.8,1.7,3.7
2025-08-27 11:00:00,25.4,61.0,70.0,1.3,3.5
2025-08-27 12:00:00,26.0,82.0,66.7,1.1,3.0
2025-08-27 13:00:00,26.2,119.0,64.9,1.4,3.5
2025-08-27 14:00:00,25.1,152.0,72.3,1.3,4.2
2025-08-27 15:00:00,24.2,189.0,74.6,,2.8
2025-08-27 16:00:00,24.3,322.0,73.1,0.8,2.9
2025-08-27 17:00:00,23.6,342.0,76.9,0.9,2.8
2025-08-27 18:00:00,22.5,347.0,80.3,1.3,3.5
2025-08-27 19:00:00,22.0,358.0,84.6,1.1,3.5
2025-08-27 20:00:00,21.5,321.0,86.1,0.9,2.8
2025-08-27 21:00:00,21.3,21.0,86.5,1.2,3.5
2025-08-27 22:00:00,21.6,47.0,85.0,1.6,3.6
2025-08-27 23:00:00,21.4,57.0,86.0,1.4,2.7
2025-08-28 00:00:00,21.4,64.0,85.1,1.6,3.9
2025-08-28 01:00:00,21.4,70.0,83.0,1.8,3.6
2025-08-28 02:00:00,21.4,80.0,81.5,1.8,3.8
2025-08-28 03:00:00,21.6,91.0,80.7,1.8,4.1
2025-08-28 04:00:00,21.7,94.0,82.9,1.7,4.8
2025-08-28 05:00:00,21.7,103.0,83.8,2.1,4.9
2025-08-28 06:00:00,21.5,98.0,88.0,2.1,5.7
2025-08-28 07:00:00,20.7,110.0,93.3,3.3,9.1
2025-08-28 08:00:00,20.4,95.0,97.7,3.2,7.4
2025-08-28 09:00:00,20.5,129.0,97.8,0.7,3.1
2025-08-28 10:00:00,21.3,92.0,98.4,3.0,7.3
2025-08-28 11:00:00,23.1,97.0,86.6,3.7,11.2
2025-08-28 12:00:00,22.6,94.0,90.5,3.0,8.4
2025-08-28 13:00:00,21.6,72.0,98.5,1.3,9.5
2025-08-28 14:00:00,19.4,39.0,99.3,1.3,9.4
2025-08-28 15:00:00,19.6,64.0,99.3,2.3,5.7
2025-08-28 16:00:00,19.7,79.0,99.3,0.8,5.1
2025-08-28 17:00:00,20.2,199.0,95.3,1.1,3.2
2025-08-28 18:00:00,20.3,46.0,93.4,0.2,2.1
2025-08-28 19:00:00,20.3,4.0,94.3,0.8,2.6
2025-08-28 20:00:00,20.1,23.0,92.5,0.9,2.7
2025-08-28 21:00:00,20.1,82.0,93.4,1.3,4.5
2025-08-28 22:00:00,19.6,78.0,97.6,0.6,3.8
2025-08-28 23:00:00,19.3,247.0,99.3,,2.3
2025-08-29 00:00:00,19.0,56.0,99.3,,1.8
2025-08-29 01:00:00,18.6,94.0,99.3,,2.7
2025-08-29 02:00:00,18.4,84.0,99.4,1.2,2.7
2025-08-29 03:00:00,18.4,61.0,99.4,0.9,2.3
2025-08-29 04:00:00,18.6,52.0,99.4,1.0,2.7
2025-08-29 05:00:00,18.7,67.0,99.4,1.9,3.6
2025-08-29 06:00:00,18.9,64.0,99.4,1.1,2.2
2025-08-29 07:00:00,19.2,98.0,99.3,1.3,4.3
2025-08-29 08:00:00,19.6,104.0,99.3,2.1,4.4
2025-08-29 09:00:00,20.2,90.0,95.9,2.4,4.8
2025-08-29 10:00:00,20.8,88.0,88.9,2.3,5.9
2025-08-29 11:00:00,20.3,4.0,97.9,0.5,4.0
2025-08-29 12:00:00,22.8,56.0,83.9,1.5,5.3
2025-08-29 13:00:00,,,,,5.6
2025-08-29 14:00:00,,,,,2.3
2025-08-29 15:00:00,23.3,17.0,72.3,1.8,5.5
2025-08-29 16:00:00,23.3,49.0,66.7,1.5,5.6
2025-08-29 17:00:00,21.6,45.0,66.9,2.1,5.8
2025-08-29 18:00:00,21.0,67.0,70.0,2.1,4.3
2025-08-29 19:00:00,20.1,59.0,75.3,1.4,2.7
2025-08-29 20:00:00,19.8,338.0,76.5,1.1,4.1
2025-08-29 21:00:00,19.3,341.0,74.1,1.8,6.0
2025-08-29 22:00:00,18.7,329.0,71.9,2.1,7.7
2025-08-29 23:00:00,18.7,291.0,70.0,1.9,7.9
2025-08-30 00:00:00,18.5,340.0,70.2,2.3,7.8
2025-08-30 01:00:00,16.8,328.0,83.9,1.5,6.3
2025-08-30 02:00:00,15.4,347.0,97.4,1.3,5.9
2025-08-30 03:00:00,15.2,7.0,98.6,1.4,5.9
2025-08-30 04:00:00,15.4,232.0,98.1,0.9,3.8
2025-08-30 05:00:00,15.3,298.0,98.5,1.6,4.9
2025-08-30 06:00:00,15.2,299.0,97.1,1.5,3.2
2025-08-30 07:00:00,15.9,301.0,94.4,1.3,3.2
2025-08-30 08:00:00,16.9,348.0,86.0,0.9,3.0
2025-08-30 09:00:00,17.4,272.0,83.1,0.8,2.2
2025-08-30 10:00:00,18.7,281.0,76.3,0.9,3.1
2025-08-30 11:00:00,20.1,350.0,63.2,0.3,1.8
2025-08-30 12:00:00,22.7,318.0,54.6,0.6,3.1
2025-08-30 13:00:00,24.5,39.0,44.8,0.2,2.9
2025-08-30 14:00:00,25.4,198.0,43.0,0.5,3.7
2025-08-30 15:00:00,25.2,228.0,42.4,0.6,3.2
2025-08-30 16:00:00,24.9,242.0,43.2,0.8,3.9
2025-08-30 17:00:00,24.6,229.0,46.3,1.3,4.4
2025-08-30 18:00:00,23.9,229.0,51.2,1.3,3.9
2025-08-30 19:00:00,22.7,235.0,56.2,0.9,3.1
2025-08-30 20:00:00,22.0,236.0,58.6,0.6,2.1
2025-08-30 21:00:00,21.2,238.0,63.6,0.7,1.8
2025-08-30 22:00:00,20.4,265.0,67.9,0.9,2.2
2025-08-30 23:00:00,19.6,329.0,72.1,0.7,1.8
2025-08-31 00:00:00,18.6,323.0,78.5,0.5,1.7
2025-08-31 01:00:00,17.9,350.0,83.7,0.7,2.1
2025-08-31 02:00:00,17.1,348.0,86.7,,1.5
2025-08-31 03:00:00,16.8,39.0,86.8,,0.9
2025-08-31 04:00:00,16.6,10.0,86.4,0.5,1.2
2025-08-31 05:00:00,16.4,16.0,85.7,,1.6
2025-08-31 06:00:00,16.5,337.0,82.6,0.4,1.3
2025-08-31 07:00:00,18.1,345.0,72.2,,1.7
2025-08-31 08:00:00,20.2,24.0,61.8,0.7,2.4
2025-08-31 09:00:00,22.2,89.0,55.4,0.6,2.3
2025-08-31 10:00:00,23.9,78.0,51.6,,2.7
2025-08-31 11:00:00,24.2,188.0,50.5,0.6,4.8
2025-08-31 12:00:00,26.1,249.0,46.2,1.1,3.9
2025-08-31 13:00:00,27.1,250.0,43.8,1.1,4.1
2025-08-31 14:00:00,27.9,268.0,40.1,0.7,3.2
2025-08-31 15:00:00,27.4,270.0,37.9,0.9,4.0
2025-08-31 16:00:00,27.1,263.0,38.4,1.1,3.4
2025-08-31 17:00:00,26.6,237.0,44.4,0.9,4.6
2025-08-31 18:00:00,25.9,234.0,48.5,1.0,2.7
2025-08-31 19:00:00,25.3,217.0,49.6,1.4,6.7
2025-08-31 20:00:00,24.1,230.0,51.2,1.6,5.4
2025-08-31 21:00:00,23.0,233.0,57.9,1.2,4.9
2025-08-31 22:00:00,22.6,252.0,58.0,1.4,4.5
2025-08-31 23:00:00,21.8,286.0,63.5,1.3,4.3
2025-09-01 00:00:00,21.1,302.0,68.6,0.7,2.7
2025-09-01 01:00:00,20.8,325.0,70.6,0.4,1.1
2025-09-01 02:00:00,20.6,48.0,72.1,0.4,1.1
2025-09-01 03:00:00,20.0,78.0,74.4,,2.1
2025-09-01 04:00:00,19.7,62.0,75.3,0.7,1.4
2025-09-01 05:00:00,19.4,63.0,76.7,,1.4
2025-09-01 06:00:00,20.0,344.0,74.5,,1.5
2025-09-01 07:00:00,20.7,64.0,70.6,0.7,2.0
2025-09-01 08:00:00,21.0,70.0,67.5,1.3,3.4
2025-09-01 09:00:00,20.7,62.0,71.7,1.5,3.2
2025-09-01 10:00:00,19.8,93.0,83.7,,2.1
2025-09-01 11:00:00,21.0,342.0,77.0,,1.7
2025-09-01 12:00:00,21.5,352.0,74.7,0.9,2.9
2025-09-01 13:00:00,22.5,357.0,69.6,1.4,4.0
2025-09-01 14:00:00,22.6,348.0,68.8,1.1,3.7
2025-09-01 15:00:00,21.8,0.0,76.9,0.6,2.1
2025-09-01 16:00:00,20.2,80.0,87.9,1.4,3.1
2025-09-01 17:00:00,19.7,90.0,89.8,2.0,5.2
2025-09-01 18:00:00,19.6,110.0,93.7,1.3,2.9
2025-09-01 19:00:00,19.1,103.0,96.1,0.8,3.3
2025-09-01 20:00:00,18.6,67.0,98.4,1.3,3.2
2025-09-01 21:00:00,18.2,54.0,99.1,,2.3
2025-09-01 22:00:00,18.1,114.0,99.0,1.1,3.6
2025-09-01 23:00:00,18.2,66.0,98.2,0.9,3.0
2025-09-02 00:00:00,18.0,108.0,97.7,0.8,2.5
2025-09-02 01:00:00,17.9,130.0,96.4,1.1,3.0
2025-09-02 02:00:00,17.8,90.0,95.5,0.7,1.5
2025-09-02 03:00:00,17.8,55.0,96.0,0.9,2.1
2025-09-02 04:00:00,17.8,93.0,95.5,1.5,3.7
2025-09-02 05:00:00,17.6,69.0,98.5,1.1,3.9
2025-09-02 06:00:00,17.6,75.0,99.3,0.7,1.5
2025-09-02 07:00:00,17.8,53.0,99.3,0.9,2.5
2025-09-02 08:00:00,17.9,14.0,97.9,1.2,3.4
2025-09-02 09:00:00,17.4,0.0,95.3,1.6,4.0
2025-09-02 10:00:00,16.4,335.0,95.5,0.9,3.3
2025-09-02 11:00:00,17.5,18.0,94.2,1.3,3.7
2025-09-02 12:00:00,20.3,354.0,75.0,1.1,3.5
2025-09-02 13:00:00,22.2,41.0,64.3,1.0,3.7
2025-09-02 14:00:00,22.8,103.0,62.2,0.5,3.0
2025-09-02 15:00:00,22.9,58.0,60.5,1.1,4.1
2025-09-02 16:00:00,23.0,91.0,58.9,1.2,4.3
2025-09-02 17:00:00,22.5,62.0,61.5,1.0,2.3
2025-09-02 18:00:00,22.1,98.0,63.7,0.5,2.1
2025-09-02 19:00:00,21.2,102.0,68.8,,1.6
2025-09-02 20:00:00,20.3,,74.4,,0.6
2025-09-02 21:00:00,19.8,212.0,76.7,0.5,1.2
2025-09-02 22:00:00,19.6,275.0,77.1,0.4,1.4
2025-09-02 23:00:00,18.8,326.0,83.6,0.9,1.7
2025-09-03 00:00:00,18.1,326.0,86.1,0.5,1.6
2025-09-03 01:00:00,17.6,356.0,87.0,,1.3
2025-09-03 02:00:00,17.2,4.0,88.4,0.4,1.1
2025-09-03 03:00:00,17.0,9.0,89.4,0.5,0.9
2025-09-03 04:00:00,16.8,359.0,90.5,0.3,0.8
2025-09-03 05:00:00,16.7,342.0,90.6,0.5,1.4
2025-09-03 06:00:00,16.9,317.0,87.9,0.6,1.5
2025-09-03 07:00:00,18.1,41.0,80.3,,1.3
2025-09-03 08:00:00,19.9,109.0,72.8,0.1,1.8
2025-09-03 09:00:00,21.5,150.0,65.0,0.3,2.0
2025-09-03 10:00:00,23.3,76.0,59.4,0.7,3.5
2025-09-03 11:00:00,23.6,249.0,59.4,0.3,3.9
2025-09-03 12:00:00,25.2,228.0,55.4,0.9,3.6
2025-09-03 13:00:00,26.3,202.0,51.2,0.8,3.2
2025-09-03 14:00:00,26.8,242.0,48.6,0.8,3.6
2025-09-03 15:00:00,26.5,194.0,48.6,0.8,4.5
2025-09-03 16:00:00,26.5,192.0,47.4,0.9,3.3
2025-09-03 17:00:00,26.0,219.0,48.7,1.0,3.4
2025-09-03 18:00:00,25.2,229.0,53.5,1.0,2.7
2025-09-03 19:00:00,23.9,234.0,59.4,0.8,2.1
2025-09-03 20:00:00,23.1,241.0,63.2,0.6,1.5
2025-09-03 21:00:00,22.2,307.0,68.1,0.4,0.9
2025-09-03 22:00:00,21.6,263.0,71.2,0.4,1.2
2025-09-03 23:00:00,21.1,245.0,73.2,0.6,1.9
2025-09-04 00:00:00,20.4,310.0,76.5,0.8,1.8
2025-09-04 01:00:00,19.5,287.0,79.5,,1.3
2025-09-04 02:00:00,19.0,317.0,82.2,0.6,1.1
2025-09-04 03:00:00,18.5,355.0,84.9,0.4,1.0
2025-09-04 04:00:00,18.2,37.0,86.0,,0.9
2025-09-04 05:00:00,18.2,54.0,86.0,0.9,1.9
2025-09-04 06:00:00,18.6,56.0,83.6,0.8,1.9
2025-09-04 07:00:00,20.0,84.0,75.7,1.1,2.6
2025-09-04 08:00:00,21.5,74.0,69.6,0.9,2.6
2025-09-04 09:00:00,23.4,76.0,63.6,1.2,3.0
2025-09-04 10:00:00,24.2,112.0,60.5,0.6,2.2
2025-09-04 11:00:00,24.7,31.0,58.3,0.6,3.0
2025-09-04 12:00:00,26.5,37.0,51.5,,2.5
2025-09-04 13:00:00,27.7,250.0,47.9,0.6,3.2
2025-09-04 14:00:00,28.5,289.0,45.1,,2.8
2025-09-04 15:00:00,28.5,189.0,45.7,0.6,3.1
2025-09-04 16:00:00,27.9,207.0,46.4,0.7,3.6
2025-09-04 17:00:00,27.2,201.0,47.3,1.1,3.7
2025-09-04 18:00:00,26.6,199.0,46.8,1.2,2.8
2025-09-04 19:00:00,25.8,210.0,47.5,0.8,2.2
2025-09-04 20:00:00,25.2,216.0,52.3,0.6,1.7
2025-09-04 21:00:00,24.8,243.0,56.8,0.8,2.8
2025-09-04 22:00:00,21.3,246.0,78.4,1.8,11.8
2025-09-04 23:00:00,19.1,21.0,95.1,1.1,4.0
2025-09-05 00:00:00,19.0,11.0,96.5,0.8,2.2
2025-09-05 01:00:00,19.0,354.0,97.4,,1.6
2025-09-05 02:00:00,19.2,221.0,97.6,0.6,2.0
2025-09-05 03:00:00,18.9,233.0,96.8,0.5,1.4
2025-09-05 04:00:00,18.6,272.0,97.7,0.6,1.6
2025-09-05 05:00:00,18.4,223.0,97.7,0.5,1.8
2025-09-05 06:00:00,18.6,276.0,95.3,0.4,1.2
2025-09-05 07:00:00,19.5,17.0,91.3,0.3,1.6
2025-09-05 08:00:00,20.9,96.0,80.6,,1.5
2025-09-05 09:00:00,22.6,115.0,71.5,0.6,2.5
2025-09-05 10:00:00,,,66.2,,4.3
2025-09-05 11:00:00,24.4,216.0,62.2,1.1,4.3
2025-09-05 12:00:00,26.1,241.0,53.4,1.3,4.9
2025-09-05 13:00:00,27.6,233.0,50.8,1.5,5.1
2025-09-05 14:00:00,28.3,255.0,44.4,1.2,4.2
2025-09-05 15:00:00,27.5,331.0,45.4,1.2,4.5
2025-09-05 16:00:00,27.0,10.0,35.5,2.1,6.4
2025-09-05 17:00:00,26.4,323.0,36.2,1.0,4.3
2025-09-05 18:00:00,25.1,332.0,37.1,0.9,3.0
2025-09-05 19:00:00,23.4,346.0,38.4,1.1,3.8
2025-09-05 20:00:00,22.4,342.0,35.5,1.2,3.7
2025-09-05 21:00:00,21.2,350.0,37.0,0.8,2.6
2025-09-05 22:00:00,20.2,107.0,42.0,0.8,2.9
2025-09-05 23:00:00,19.8,87.0,49.1,0.2,1.3
2025-09-06 00:00:00,19.1,274.0,52.9,0.2,1.2
2025-09-06 01:00:00,18.5,116.0,57.0,,0.9
2025-09-06 02:00:00,18.0,360.0,61.3,0.6,1.2
2025-09-06 03:00:00,17.7,115.0,60.4,,2.4
2025-09-06 04:00:00,17.3,50.0,62.1,0.4,1.1
2025-09-06 05:00:00,16.6,343.0,66.5,0.6,2.1
2025-09-06 06:00:00,16.4,311.0,65.3,,1.3
2025-09-06 07:00:00,17.9,307.0,59.5,0.4,1.4
2025-09-06 08:00:00,20.0,280.0,51.9,0.8,3.2
2025-09-06 09:00:00,21.7,251.0,48.4,1.2,3.1
2025-09-06 10:00:00,22.7,265.0,45.9,1.0,3.2
2025-09-06 11:00:00,23.5,241.0,43.3,0.7,3.4
2025-09-06 12:00:00,25.5,209.0,36.5,0.5,3.5
2025-09-06 13:00:00,27.1,198.0,33.0,0.5,3.0
2025-09-06 14:00:00,27.5,62.0,32.0,0.4,3.3
2025-09-06 15:00:00,27.0,149.0,33.6,0.6,3.0
2025-09-06 16:00:00,26.5,117.0,37.8,0.8,3.7
2025-09-06 17:00:00,25.8,165.0,39.5,0.5,2.9
2025-09-06 18:00:00,24.7,152.0,43.0,0.5,1.9
2025-09-06 19:00:00,23.6,204.0,47.4,,1.7
2025-09-06 20:00:00,22.7,24.0,53.2,,0.7
2025-09-06 21:00:00,21.8,351.0,59.1,0.6,1.7
2025-09-06 22:00:00,21.1,39.0,61.9,0.7,1.5
2025-09-06 23:00:00,20.4,48.0,63.9,,1.7
2025-09-07 00:00:00,19.6,344.0,69.1,0.4,1.1
2025-09-07 01:00:00,18.8,337.0,72.1,0.6,1.6
2025-09-07 02:00:00,18.4,312.0,73.4,0.5,1.1
2025-09-07 03:00:00,18.0,272.0,73.6,0.4,1.2
2025-09-07 04:00:00,17.7,307.0,74.2,0.5,1.2
2025-09-07 05:00:00,17.4,316.0,74.6,0.6,1.2
2025-09-07 06:00:00,17.3,310.0,74.6,0.5,0.9
2025-09-07 07:00:00,18.5,252.0,70.7,0.5,1.5
2025-09-07 08:00:00,20.5,354.0,63.4,,1.5
2025-09-07 09:00:00,22.0,16.0,58.2,0.4,2.0
2025-09-07 10:00:00,23.4,87.0,51.4,0.8,2.8
2025-09-07 11:00:00,24.2,197.0,49.4,0.5,3.2
2025-09-07 12:00:00,26.3,231.0,44.2,0.8,3.3
2025-09-07 13:00:00,27.2,215.0,41.5,0.5,3.4
2025-09-07 14:00:00,27.9,252.0,39.7,1.2,4.4
2025-09-07 15:00:00,27.4,240.0,40.3,0.9,4.0
2025-09-07 16:00:00,26.8,258.0,40.5,0.7,3.0
2025-09-07 17:00:00,26.6,218.0,40.0,0.5,2.5
2025-09-07 18:00:00,26.0,221.0,44.6,1.0,3.0
2025-09-07 19:00:00,24.6,222.0,51.2,0.8,2.0
2025-09-07 20:00:00,24.0,218.0,53.0,0.7,2.1
2025-09-07 21:00:00,22.8,310.0,58.4,0.5,1.2
2025-09-07 22:00:00,21.9,345.0,63.2,,1.0
2025-09-07 23:00:00,21.2,357.0,67.1,0.7,1.7
2025-09-08 00:00:00,20.2,355.0,72.3,0.5,1.2
2025-09-08 01:00:00,19.7,351.0,74.9,,1.1
2025-09-08 02:00:00,19.2,66.0,76.7,0.9,1.7
2025-09-08 03:00:00,18.9,55.0,77.1,0.6,1.4
2025-09-08 04:00:00,18.6,45.0,78.5,,1.3
2025-09-08 05:00:00,18.5,355.0,79.2,,1.4
2025-09-08 06:00:00,18.8,351.0,78.2,,1.3
2025-09-08 07:00:00,20.1,34.0,72.6,0.5,1.6
2025-09-08 08:00:00,21.3,113.0,65.2,1.5,3.4
2025-09-08 09:00:00,22.1,98.0,62.8,1.6,4.3
2025-09-08 10:00:00,23.0,94.0,61.0,1.8,4.2
2025-09-08 11:00:00,22.9,132.0,61.8,0.8,3.0
2025-09-08 12:00:00,23.4,122.0,60.1,0.8,2.6
2025-09-08 13:00:00,23.6,186.0,60.4,0.5,2.2
2025-09-08 14:00:00,23.7,85.0,59.9,,1.6
2025-09-08 15:00:00,24.1,70.0,58.7,,1.9
2025-09-08 16:00:00,24.2,207.0,58.5,0.6,2.3
2025-09-08 17:00:00,24.1,197.0,58.7,0.8,2.5
2025-09-08 18:00:00,23.6,171.0,60.5,0.7,2.9
2025-09-08 19:00:00,22.9,215.0,64.2,,1.2
2025-09-08 20:00:00,22.4,322.0,66.5,,0.8
2025-09-08 21:00:00,21.7,360.0,70.6,,0.8
2025-09-08 22:00:00,21.2,44.0,74.2,,0.7
2025-09-08 23:00:00,20.9,57.0,75.9,0.8,2.2
2025-09-09 00:00:00,20.5,26.0,78.8,0.6,1.5
2025-09-09 01:00:00,20.3,353.0,81.0,0.3,1.3
2025-09-09 02:00:00,20.4,15.0,80.4,,1.3
2025-09-09 03:00:00,20.6,79.0,79.0,,1.8
2025-09-09 04:00:00,20.4,6.0,79.4,0.5,1.7
2025-09-09 05:00:00,20.2,351.0,80.9,,0.8
2025-09-09 06:00:00,20.5,38.0,79.3,0.6,1.6
2025-09-09 07:00:00,21.3,77.0,75.2,1.1,2.9
2025-09-09 08:00:00,21.9,68.0,72.8,1.6,3.6
2025-09-09 09:00:00,22.3,69.0,73.2,1.5,3.4
2025-09-09 10:00:00,23.0,85.0,72.5,1.7,4.1
2025-09-09 11:00:00,23.8,96.0,68.5,1.6,4.1
2025-09-09 12:00:00,25.0,95.0,64.0,1.3,3.8
2025-09-09 13:00:00,25.8,148.0,59.1,0.7,3.0
2025-09-09 14:00:00,26.9,105.0,53.7,1.2,3.7
2025-09-09 15:00:00,25.7,113.0,57.1,1.3,4.2
2025-09-09 16:00:00,25.5,106.0,59.5,1.7,3.9
2025-09-09 17:00:00,25.2,112.0,60.7,2.4,5.2
2025-09-09 18:00:00,24.5,112.0,65.4,2.0,4.5
2025-09-09 19:00:00,23.7,108.0,68.7,2.1,4.4
2025-09-09 20:00:00,23.1,98.0,71.9,1.9,4.7
2025-09-09 21:00:00,22.4,95.0,76.2,2.9,7.0
2025-09-09 22:00:00,21.8,80.0,81.1,2.4,5.6
2025-09-09 23:00:00,21.5,74.0,83.5,2.4,6.0
2025-09-10 00:00:00,21.2,99.0,84.5,3.1,7.5
2025-09-10 01:00:00,21.0,103.0,84.7,3.2,6.9
2025-09-10 02:00:00,20.8,117.0,85.4,2.5,5.9
2025-09-10 03:00:00,19.7,284.0,81.4,0.6,8.9
2025-09-10 04:00:00,18.7,347.0,78.3,1.5,7.6
2025-09-10 05:00:00,19.1,50.0,80.7,1.5,4.0
2025-09-10 06:00:00,18.4,358.0,87.4,1.0,4.2
2025-09-10 07:00:00,17.7,335.0,93.2,1.0,2.8
2025-09-10 08:00:00,17.8,288.0,91.5,0.5,2.5
2025-09-10 09:00:00,18.2,239.0,92.3,0.6,2.1
2025-09-10 10:00:00,18.7,330.0,89.9,0.8,3.5
2025-09-10 11:00:00,20.1,267.0,79.4,,1.7
2025-09-10 12:00:00,22.4,227.0,68.8,,3.1
2025-09-10 13:00:00,23.8,235.0,62.4,0.8,3.3
2025-09-10 14:00:00,24.4,239.0,58.5,1.2,3.9
2025-09-10 15:00:00,24.6,232.0,58.2,1.0,4.0
2025-09-10 16:00:00,24.1,227.0,59.4,0.8,3.2
2025-09-10 17:00:00,23.9,211.0,61.2,1.1,3.9
2025-09-10 18:00:00,23.2,244.0,64.9,1.0,3.6
2025-09-10 19:00:00,22.3,251.0,69.8,0.6,1.5
2025-09-10 20:00:00,22.1,188.0,69.8,0.8,3.0
2025-09-10 21:00:00,21.2,224.0,73.5,0.8,2.1
2025-09-10 22:00:00,20.6,294.0,78.9,0.6,1.5
2025-09-10 23:00:00,20.3,309.0,80.6,0.6,1.5
2025-09-11 00:00:00,19.7,322.0,84.4,,0.8
2025-09-11 01:00:00,19.4,46.0,86.1,,1.3
2025-09-11 02:00:00,19.0,67.0,88.0,0.7,1.7
2025-09-11 03:00:00,18.6,20.0,88.9,,1.3
2025-09-11 04:00:00,18.2,325.0,90.0,,1.0
2025-09-11 05:00:00,18.1,325.0,87.9,0.5,1.2
2025-09-11 06:00:00,18.2,323.0,84.7,,1.6
2025-09-11 07:00:00,19.1,6.0,79.1,0.6,1.6
2025-09-11 08:00:00,20.5,84.0,76.1,,1.8
2025-09-11 09:00:00,21.9,109.0,72.0,1.2,3.9
2025-09-11 10:00:00,22.6,143.0,69.8,1.0,3.3
2025-09-11 11:00:00,23.7,155.0,65.1,0.4,2.8
2025-09-11 12:00:00,24.7,182.0,59.7,1.0,5.7
2025-09-11 13:00:00,25.6,200.0,55.7,1.3,4.7
2025-09-11 14:00:00,26.7,195.0,48.1,1.2,3.9
2025-09-11 15:00:00,26.7,230.0,47.2,1.2,4.3
2025-09-11 16:00:00,26.0,204.0,50.3,0.9,3.2
2025-09-11 17:00:00,25.7,162.0,52.3,0.7,3.7
2025-09-11 18:00:00,24.9,153.0,56.3,0.6,2.4
2025-09-11 19:00:00,23.9,115.0,60.7,0.5,1.9
2025-09-11 20:00:00,23.7,217.0,59.7,1.3,5.5
2025-09-11 21:00:00,22.6,236.0,61.1,1.6,5.6
2025-09-11 22:00:00,21.9,254.0,62.1,1.3,4.1
2025-09-11 23:00:00,21.3,270.0,65.8,1.3,3.9
2025-09-12 00:00:00,21.1,284.0,68.3,1.1,4.0
2025-09-12 01:00:00,20.8,314.0,71.0,0.8,2.3
2025-09-12 02:00:00,20.5,308.0,72.8,0.7,1.5
2025-09-12 03:00:00,20.7,286.0,73.0,0.6,2.0
2025-09-12 04:00:00,20.6,282.0,74.1,0.7,1.9
2025-09-12 05:00:00,20.4,255.0,74.5,0.7,2.2
2025-09-12 06:00:00,20.2,272.0,75.5,0.4,2.0
2025-09-12 07:00:00,21.0,228.0,69.5,0.9,2.7
2025-09-12 08:00:00,22.1,209.0,63.4,0.8,2.8
2025-09-12 09:00:00,22.5,203.0,61.5,1.0,3.2
2025-09-12 10:00:00,23.3,181.0,58.7,0.7,3.5
2025-09-12 11:00:00,24.4,209.0,53.1,1.0,4.7
2025-09-12 12:00:00,25.6,211.0,48.8,1.0,5.2
2025-09-12 13:00:00,26.9,151.0,45.7,0.9,4.1
2025-09-12 14:00:00,27.1,203.0,43.4,0.8,4.5
2025-09-12 15:00:00,27.6,109.0,43.0,1.4,5.0
2025-09-12 16:00:00,26.9,99.0,45.9,2.1,4.6
2025-09-12 17:00:00,26.0,85.0,49.6,2.0,4.6
2025-09-12 18:00:00,25.1,82.0,52.7,1.5,3.3
2025-09-12 19:00:00,24.5,69.0,55.5,1.5,2.9
2025-09-12 20:00:00,24.0,80.0,58.2,1.1,2.7
2025-09-12 21:00:00,23.5,240.0,60.4,1.1,4.4
2025-09-12 22:00:00,22.6,274.0,63.7,0.8,2.2
2025-09-12 23:00:00,22.0,254.0,66.0,0.8,2.5
2025-09-13 00:00:00,21.7,292.0,68.0,0.9,2.1
2025-09-13 01:00:00,21.5,357.0,71.4,1.1,3.9
2025-09-13 02:00:00,20.6,37.0,75.6,1.2,4.0
2025-09-13 03:00:00,20.4,53.0,75.9,0.9,2.7
2025-09-13 04:00:00,20.3,74.0,68.9,0.9,1.9
2025-09-13 05:00:00,20.5,64.0,64.4,1.2,2.5
2025-09-13 06:00:00,20.3,78.0,68.9,0.7,1.9
2025-09-13 07:00:00,20.5,83.0,70.6,1.2,2.7
2025-09-13 08:00:00,21.0,79.0,68.8,1.0,3.5
2025-09-13 09:00:00,21.6,33.0,67.5,0.9,2.8
2025-09-13 10:00:00,22.2,30.0,66.5,1.0,4.4
2025-09-13 11:00:00,22.9,47.0,62.8,0.6,2.7
2025-09-13 12:00:00,23.2,5.0,61.3,0.3,3.2
2025-09-13 13:00:00,23.2,294.0,61.2,0.5,2.7
2025-09-13 14:00:00,23.3,298.0,61.1,0.6,2.7
2025-09-13 15:00:00,23.2,254.0,60.9,0.5,2.4
2025-09-13 16:00:00,23.2,240.0,59.5,0.9,2.4
2025-09-13 17:00:00,22.9,249.0,62.3,0.9,2.5
2025-09-13 18:00:00,22.6,264.0,65.2,1.1,2.5
2025-09-13 19:00:00,22.2,260.0,67.7,0.7,2.1
2025-09-13 20:00:00,21.5,296.0,70.6,0.7,1.7
2025-09-13 21:00:00,21.1,305.0,74.6,0.7,1.3
2025-09-13 22:00:00,21.1,309.0,75.3,0.6,1.2
2025-09-13 23:00:00,19.8,215.0,89.7,0.5,2.2
2025-09-14 00:00:00,19.3,260.0,92.8,0.6,2.0
2025-09-14 01:00:00,18.9,245.0,85.7,0.9,2.9
2025-09-14 02:00:00,18.5,252.0,83.5,0.8,2.2
2025-09-14 03:00:00,18.6,307.0,83.6,0.5,1.3
2025-09-14 04:00:00,19.1,313.0,81.9,0.8,1.9
2025-09-14 05:00:00,19.0,1.0,85.5,0.4,1.6
2025-09-14 06:00:00,19.0,57.0,87.2,,0.9
2025-09-14 07:00:00,19.6,312.0,82.1,0.6,2.8
2025-09-14 08:00:00,20.3,337.0,78.0,0.1,2.4
2025-09-14 09:00:00,21.5,251.0,72.1,1.1,4.2
2025-09-14 10:00:00,22.4,236.0,67.2,1.4,4.9
2025-09-14 11:00:00,23.2,218.0,62.5,1.9,5.1
2025-09-14 12:00:00,24.4,219.0,57.0,1.5,6.1
2025-09-14 13:00:00,25.6,241.0,53.2,1.2,5.7
2025-09-14 14:00:00,26.2,230.0,50.3,1.1,4.8
2025-09-14 15:00:00,25.4,235.0,51.6,1.3,4.6
2025-09-14 16:00:00,24.6,230.0,51.8,1.3,4.3
2025-09-14 17:00:00,24.4,246.0,53.8,1.2,4.1
2025-09-14 18:00:00,23.7,250.0,58.0,1.2,3.1
2025-09-14 19:00:00,22.7,262.0,63.5,0.8,2.2
2025-09-14 20:00:00,22.5,230.0,64.9,0.9,2.8
2025-09-14 21:00:00,22.0,238.0,68.8,0.9,3.7
2025-09-14 22:00:00,21.3,261.0,71.5,0.8,3.1
2025-09-14 23:00:00,20.6,274.0,73.9,0.9,2.3
2025-09-15 00:00:00,20.0,299.0,76.3,0.8,2.0
2025-09-15 01:00:00,19.5,290.0,79.4,0.5,1.4
2025-09-15 02:00:00,19.1,299.0,81.1,,1.1
2025-09-15 03:00:00,18.8,30.0,83.1,0.5,1.3
2025-09-15 04:00:00,18.6,72.0,84.1,1.1,2.1
2025-09-15 05:00:00,18.3,98.0,85.1,1.2,2.3
2025-09-15 06:00:00,18.5,104.0,84.3,0.8,1.7
2025-09-15 07:00:00,19.6,87.0,77.8,1.1,2.2
2025-09-15 08:00:00,20.8,94.0,71.0,1.1,2.7
2025-09-15 09:00:00,22.0,70.0,67.4,0.6,3.1
2025-09-15 10:00:00,23.1,171.0,63.5,0.2,2.1
2025-09-15 11:00:00,24.1,229.0,60.6,0.5,2.6
2025-09-15 12:00:00,25.2,204.0,57.5,0.7,3.1
2025-09-15 13:00:00,26.3,242.0,54.4,0.7,3.1
2025-09-15 14:00:00,26.1,245.0,54.8,0.7,3.8
2025-09-15 15:00:00,25.9,256.0,56.8,0.9,3.2
2025-09-15 16:00:00,25.6,219.0,57.1,0.8,2.6
2025-09-15 17:00:00,25.3,206.0,56.7,0.7,2.6
2025-09-15 18:00:00,24.8,207.0,59.7,0.9,2.1
2025-09-15 19:00:00,24.6,202.0,61.2,0.9,2.3
2025-09-15 20:00:00,24.3,202.0,63.8,1.0,2.4
2025-09-15 21:00:00,23.9,241.0,65.9,1.0,3.6
2025-09-15 22:00:00,23.4,269.0,67.4,1.1,2.8
2025-09-15 23:00:00,22.5,267.0,69.5,1.0,2.9
2025-09-16 00:00:00,21.9,271.0,72.8,1.1,3.3
2025-09-16 01:00:00,21.2,276.0,75.7,0.9,2.6
2025-09-16 02:00:00,21.0,272.0,76.4,1.0,2.7
2025-09-16 03:00:00,20.8,271.0,77.3,1.0,2.8
2025-09-16 04:00:00,20.4,246.0,78.6,0.7,2.5
2025-09-16 05:00:00,20.0,290.0,80.6,0.6,1.6
2025-09-16 06:00:00,20.0,31.0,81.5,,0.9
2025-09-16 07:00:00,20.9,251.0,77.0,0.9,2.3
2025-09-16 08:00:00,21.5,236.0,75.3,1.1,3.0
2025-09-16 09:00:00,23.1,247.0,69.8,1.2,4.2
2025-09-16 10:00:00,23.8,247.0,67.2,2.3,6.2
2025-09-16 11:00:00,24.9,236.0,63.1,1.4,5.0
2025-09-16 12:00:00,26.5,242.0,57.8,1.5,5.8
2025-09-16 13:00:00,27.3,231.0,54.5,0.7,3.4
2025-09-16 14:00:00,27.0,246.0,55.1,1.1,4.4
2025-09-16 15:00:00,27.4,249.0,52.3,1.2,4.1
2025-09-16 16:00:00,26.6,247.0,54.7,1.1,4.0
2025-09-16 17:00:00,26.0,254.0,54.3,1.2,3.4
2025-09-16 18:00:00,25.1,260.0,58.4,0.9,2.6
2025-09-16 19:00:00,24.1,265.0,63.1,0.7,1.5
2025-09-16 20:00:00,23.4,246.0,66.6,0.6,1.8
2025-09-16 21:00:00,23.0,233.0,69.1,1.1,4.0
2025-09-16 22:00:00,22.5,238.0,71.6,1.3,4.8
2025-09-16 23:00:00,21.8,249.0,73.6,1.2,4.4
2025-09-17 00:00:00,20.9,263.0,76.9,0.6,1.8
2025-09-17 01:00:00,20.2,1.0,72.2,0.3,1.7
2025-09-17 02:00:00,19.5,31.0,74.0,0.8,3.5
2025-09-17 03:00:00,19.6,72.0,78.0,2.5,6.0
2025-09-17 04:00:00,18.9,85.0,84.3,2.7,7.1
2025-09-17 05:00:00,19.1,80.0,82.4,2.4,6.2
2025-09-17 06:00:00,19.4,66.0,77.6,1.9,4.9
2025-09-17 07:00:00,19.9,70.0,71.0,2.1,4.9
2025-09-17 08:00:00,20.8,75.0,64.4,2.4,6.9
2025-09-17 09:00:00,21.7,96.0,58.4,3.0,7.8
2025-09-17 10:00:00,22.7,102.0,54.2,2.8,7.1
2025-09-17 11:00:00,23.2,119.0,51.2,2.2,6.1
2025-09-17 12:00:00,24.7,94.0,47.6,2.0,5.7
2025-09-17 13:00:00,25.7,91.0,45.0,1.6,4.6
2025-09-17 14:00:00,26.3,82.0,44.0,0.8,3.6
2025-09-17 15:00:00,26.2,44.0,43.2,0.5,2.5
2025-09-17 16:00:00,25.5,20.0,44.6,,2.4
2025-09-17 17:00:00,25.1,285.0,46.9,0.8,1.9
2025-09-17 18:00:00,24.2,119.0,50.4,0.6,2.0
2025-09-17 19:00:00,23.5,199.0,53.2,0.7,1.8
2025-09-17 20:00:00,22.7,138.0,56.9,0.5,1.7
2025-09-17 21:00:00,22.1,138.0,59.6,0.4,1.5
2025-09-17 22:00:00,21.6,30.0,63.1,,1.7
2025-09-17 23:00:00,20.8,65.0,66.7,1.0,2.1
2025-09-18 00:00:00,20.3,49.0,70.1,0.9,1.7
2025-09-18 01:00:00,19.8,50.0,73.1,1.0,2.3
2025-09-18 02:00:00,19.4,54.0,74.3,1.1,1.9
2025-09-18 03:00:00,19.1,52.0,74.4,1.1,2.1
2025-09-18 04:00:00,18.9,57.0,74.1,1.0,1.7
2025-09-18 05:00:00,18.7,54.0,75.5,0.9,1.8
2025-09-18 06:00:00,18.6,354.0,77.1,,1.3
2025-09-18 07:00:00,19.6,7.0,73.1,,1.4
2025-09-18 08:00:00,21.4,91.0,64.3,1.1,2.9
2025-09-18 09:00:00,22.3,108.0,60.3,0.9,2.7
2025-09-18 10:00:00,23.0,96.0,57.8,0.9,3.1
2025-09-18 11:00:00,24.1,89.0,54.4,0.9,3.8
2025-09-18 12:00:00,25.7,81.0,49.3,0.8,3.9
2025-09-18 13:00:00,27.3,91.0,44.8,0.8,3.3
2025-09-18 14:00:00,27.6,87.0,44.5,0.5,3.1
2025-09-18 15:00:00,27.6,59.0,45.0,0.9,3.9
2025-09-18 16:00:00,26.6,100.0,47.4,0.6,2.9
2025-09-18 17:00:00,25.9,44.0,49.8,0.8,2.4
2025-09-18 18:00:00,25.1,100.0,53.0,1.1,2.4
2025-09-18 19:00:00,24.2,111.0,56.4,0.7,2.2
2025-09-18 20:00:00,23.4,217.0,60.4,,1.3
2025-09-18 21:00:00,22.8,270.0,64.8,,0.9
2025-09-18 22:00:00,22.2,335.0,68.2,,1.8
2025-09-18 23:00:00,21.5,61.0,71.4,0.7,1.4
2025-09-19 00:00:00,20.9,10.0,75.2,0.4,1.0
2025-09-19 01:00:00,20.2,50.0,78.7,,1.8
2025-09-19 02:00:00,19.9,57.0,79.4,1.0,1.7
2025-09-19 03:00:00,19.5,52.0,81.7,0.7,1.6
2025-09-19 04:00:00,19.1,321.0,83.7,,0.9
2025-09-19 05:00:00,18.9,18.0,84.3,,0.7
2025-09-19 06:00:00,19.0,352.0,84.3,0.5,1.1
2025-09-19 07:00:00,20.0,37.0,79.9,,1.7
2025-09-19 08:00:00,21.6,84.0,71.3,0.8,2.2
2025-09-19 09:00:00,22.7,86.0,67.2,0.4,1.9
2025-09-19 10:00:00,24.0,90.0,61.9,0.6,2.8
2025-09-19 11:00:00,25.4,220.0,56.7,0.4,3.1
2025-09-19 12:00:00,27.1,357.0,51.3,0.6,3.3
2025-09-19 13:00:00,28.5,270.0,47.8,0.5,3.1
2025-09-19 14:00:00,29.2,162.0,46.0,0.6,2.9
2025-09-19 15:00:00,28.9,130.0,47.1,0.7,3.6
2025-09-19 16:00:00,28.2,164.0,49.4,0.4,2.3
2025-09-19 17:00:00,27.5,117.0,51.4,0.8,2.5
2025-09-19 18:00:00,26.4,119.0,54.4,1.0,2.0
2025-09-19 19:00:00,25.4,106.0,59.8,0.8,1.6
2025-09-19 20:00:00,24.4,13.0,65.0,0.5,0.8
2025-09-19 21:00:00,23.6,17.0,69.2,0.5,0.8
2025-09-19 22:00:00,22.9,358.0,72.3,0.6,1.5
2025-09-19 23:00:00,22.2,349.0,75.1,,0.8
2025-09-20 00:00:00,21.7,343.0,77.9,0.4,1.1
2025-09-20 01:00:00,21.2,347.0,81.4,0.5,1.0
2025-09-20 02:00:00,20.7,344.0,84.0,0.5,1.0
2025-09-20 03:00:00,20.4,350.0,85.4,0.4,0.9
2025-09-20 04:00:00,20.1,5.0,86.8,,1.0
2025-09-20 05:00:00,19.8,331.0,87.1,0.5,1.5
2025-09-20 06:00:00,19.7,329.0,87.2,0.4,1.2
2025-09-20 07:00:00,21.0,338.0,81.1,,1.2
2025-09-20 08:00:00,22.8,99.0,72.2,,1.4
2025-09-20 09:00:00,24.3,143.0,66.6,0.1,2.2
2025-09-20 10:00:00,25.2,263.0,63.0,0.8,2.8
2025-09-20 11:00:00,26.2,220.0,59.5,0.5,2.9
2025-09-20 12:00:00,27.9,301.0,53.4,,2.7
2025-09-20 13:00:00,29.3,189.0,48.7,0.1,3.2
2025-09-20 14:00:00,30.1,167.0,47.3,0.6,2.7
2025-09-20 15:00:00,30.0,146.0,46.3,,2.6
2025-09-20 16:00:00,29.3,197.0,47.7,0.4,2.8
2025-09-20 17:00:00,28.3,151.0,51.4,0.6,2.3
2025-09-20 18:00:00,27.1,158.0,55.3,0.7,2.5
2025-09-20 19:00:00,26.3,120.0,59.1,,1.2
2025-09-20 20:00:00,25.4,93.0,63.1,0.8,1.6
2025-09-20 21:00:00,24.7,38.0,67.1,0.7,1.5
2025-09-20 22:00:00,24.3,51.0,68.9,1.3,2.9
2025-09-20 23:00:00,23.8,52.0,70.3,1.4,3.2
2025-09-21 00:00:00,23.2,59.0,71.4,1.4,2.9
2025-09-21 01:00:00,22.7,92.0,72.3,1.8,4.1
2025-09-21 02:00:00,22.3,85.0,72.9,1.7,3.7
2025-09-21 03:00:00,21.6,46.0,75.2,0.8,2.6
2025-09-21 04:00:00,21.6,67.0,74.8,0.9,1.7
2025-09-21 05:00:00,21.3,53.0,76.6,0.9,2.4
2025-09-21 06:00:00,20.9,89.0,77.7,1.0,2.5
2025-09-21 07:00:00,21.8,105.0,72.8,1.9,5.7
2025-09-21 08:00:00,22.7,108.0,69.7,3.0,6.5
2025-09-21 09:00:00,23.2,88.0,71.4,2.8,6.3
2025-09-21 10:00:00,24.5,107.0,67.9,3.1,7.5
2025-09-21 11:00:00,25.7,104.0,61.5,3.0,6.6
2025-09-21 12:00:00,27.3,100.0,55.6,2.1,5.8
2025-09-21 13:00:00,28.5,80.0,51.0,1.7,5.2
2025-09-21 14:00:00,28.7,102.0,49.8,1.9,6.0
2025-09-21 15:00:00,28.6,112.0,49.8,2.3,6.7
2025-09-21 16:00:00,27.7,101.0,51.3,2.8,5.9
2025-09-21 17:00:00,27.0,98.0,53.2,2.5,5.2
2025-09-21 18:00:00,26.4,88.0,55.9,2.6,6.4
2025-09-21 19:00:00,25.7,108.0,57.0,3.8,8.5
2025-09-21 20:00:00,25.0,120.0,49.3,1.9,4.6
2025-09-21 21:00:00,24.4,101.0,55.9,2.1,4.7
2025-09-21 22:00:00,23.9,113.0,69.9,2.1,5.3
2025-09-21 23:00:00,23.3,101.0,76.5,2.6,6.1
2025-09-22 00:00:00,22.5,105.0,78.8,2.6,6.6
2025-09-22 01:00:00,21.3,107.0,90.7,1.6,4.0
2025-09-22 02:00:00,20.7,108.0,98.1,1.5,3.4
2025-09-22 03:00:00,20.5,96.0,99.3,2.0,5.1
2025-09-22 04:00:00,20.3,88.0,99.3,1.7,4.3
2025-09-22 05:00:00,20.1,133.0,99.4,1.5,6.2
2025-09-22 06:00:00,19.9,135.0,99.4,1.8,5.8
2025-09-22 07:00:00,19.4,186.0,99.4,0.6,4.3
2025-09-22 08:00:00,18.3,55.0,99.4,,5.7
2025-09-22 09:00:00,18.1,38.0,99.4,2.0,6.9
2025-09-22 10:00:00,18.0,21.0,99.4,1.4,3.8
2025-09-22 11:00:00,18.3,74.0,99.4,1.6,6.0
2025-09-22 12:00:00,19.1,124.0,99.4,1.1,5.3
2025-09-22 13:00:00,19.6,339.0,99.3,,2.8
2025-09-22 14:00:00,19.7,338.0,99.3,0.9,3.4
2025-09-22 15:00:00,20.7,315.0,94.4,0.7,2.2
2025-09-22 16:00:00,21.2,45.0,86.7,1.1,3.3
2025-09-22 17:00:00,21.0,40.0,85.7,1.0,2.4
2025-09-22 18:00:00,20.9,49.0,86.5,0.8,2.1
2025-09-22 19:00:00,20.8,60.0,85.8,1.6,3.9
2025-09-22 20:00:00,20.2,61.0,86.4,2.0,3.5
2025-09-22 21:00:00,19.6,69.0,87.5,1.9,4.2
2025-09-22 22:00:00,19.2,62.0,90.5,1.5,3.2
2025-09-22 23:00:00,18.9,77.0,91.8,1.8,3.5
2025-09-23 00:00:00,18.7,76.0,90.7,2.4,4.8
2025-09-23 01:00:00,18.8,73.0,90.9,2.3,4.5
2025-09-23 02:00:00,18.9,77.0,90.9,2.2,4.5
2025-09-23 03:00:00,19.1,81.0,89.3,2.1,5.1
2025-09-23 04:00:00,19.1,87.0,88.7,2.3,5.1
2025-09-23 05:00:00,19.0,87.0,88.8,1.7,4.1
2025-09-23 06:00:00,19.0,78.0,89.2,1.6,3.9
2025-09-23 07:00:00,19.3,72.0,88.0,1.7,3.2
2025-09-23 08:00:00,20.3,81.0,82.5,2.3,5.9
2025-09-23 09:00:00,21.1,98.0,77.9,3.1,6.5
2025-09-23 10:00:00,21.3,108.0,78.1,3.3,6.9
2025-09-23 11:00:00,21.6,91.0,76.6,2.9,7.0
2025-09-23 12:00:00,22.7,91.0,69.6,3.4,7.4
2025-09-23 13:00:00,22.7,87.0,70.2,2.9,7.6
2025-09-23 14:00:00,23.1,105.0,66.2,3.4,7.5
2025-09-23 15:00:00,23.8,110.0,63.1,3.7,9.8
2025-09-23 16:00:00,22.5,120.0,68.9,3.2,7.5
2025-09-23 17:00:00,22.0,117.0,72.3,2.5,6.4
2025-09-23 18:00:00,21.4,112.0,75.8,2.1,5.7
2025-09-23 19:00:00,20.8,101.0,77.8,2.1,5.8
2025-09-23 20:00:00,20.0,81.0,77.9,1.9,4.8
2025-09-23 21:00:00,19.5,124.0,78.2,1.9,4.9
2025-09-23 22:00:00,18.8,113.0,82.6,3.0,6.9
2025-09-23 23:00:00,18.2,94.0,83.8,1.9,6.0
2025-09-24 00:00:00,18.2,40.0,84.7,1.1,2.8
2025-09-24 01:00:00,18.2,62.0,83.0,1.9,3.6
2025-09-24 02:00:00,18.2,69.0,82.6,1.4,3.5
2025-09-24 03:00:00,18.3,69.0,80.4,1.3,4.0
2025-09-24 04:00:00,18.1,74.0,79.6,1.5,3.3
2025-09-24 05:00:00,17.9,59.0,78.8,1.2,3.0
2025-09-24 06:00:00,17.9,82.0,78.7,1.1,3.0
2025-09-24 07:00:00,18.4,66.0,78.6,1.3,3.5
2025-09-24 08:00:00,18.6,353.0,74.0,0.8,3.4
2025-09-24 09:00:00,18.6,331.0,71.7,1.1,4.7
2025-09-24 10:00:00,18.8,328.0,68.4,0.8,3.0
2025-09-24 11:00:00,20.2,19.0,58.4,0.8,2.8
2025-09-24 12:00:00,21.8,34.0,51.2,0.8,4.0
2025-09-24 13:00:00,21.2,53.0,54.6,1.0,4.4
2025-09-24 14:00:00,20.2,324.0,62.6,1.1,4.1
2025-09-24 15:00:00,16.4,322.0,80.7,0.7,6.5
2025-09-24 16:00:00,13.8,303.0,91.1,1.2,4.1
2025-09-24 17:00:00,13.7,299.0,90.6,1.3,3.2
2025-09-24 18:00:00,13.6,250.0,91.1,0.7,3.7
2025-09-24 19:00:00,13.7,300.0,92.0,0.8,3.8
2025-09-24 20:00:00,13.5,321.0,88.7,1.1,2.6
2025-09-24 21:00:00,13.8,210.0,86.4,0.9,3.9
2025-09-24 22:00:00,14.0,203.0,84.3,0.8,2.3
2025-09-24 23:00:00,13.9,12.0,84.4,0.2,1.7
2025-09-25 00:00:00,13.4,313.0,87.8,0.6,1.5
2025-09-25 01:00:00,13.5,194.0,83.9,0.6,2.3
2025-09-25 02:00:00,13.1,286.0,86.5,0.8,2.3
2025-09-25 03:00:00,13.1,295.0,84.8,,2.4
2025-09-25 04:00:00,12.6,42.0,90.2,0.5,1.4
2025-09-25 05:00:00,12.4,205.0,91.7,1.0,3.3
2025-09-25 06:00:00,12.4,319.0,91.0,0.3,1.5
2025-09-25 07:00:00,13.2,50.0,87.6,0.8,2.5
2025-09-25 08:00:00,14.3,53.0,79.1,0.9,2.6
2025-09-25 09:00:00,15.1,77.0,75.4,0.7,3.4
2025-09-25 10:00:00,16.0,97.0,69.5,1.2,3.4
2025-09-25 11:00:00,17.1,114.0,62.1,1.2,3.9
2025-09-25 12:00:00,18.6,116.0,54.2,1.0,3.1
2025-09-25 13:00:00,19.4,102.0,50.5,1.3,3.9
2025-09-25 14:00:00,19.8,109.0,52.1,1.6,6.9
2025-09-25 15:00:00,19.7,106.0,50.4,2.1,5.0
2025-09-25 16:00:00,19.4,97.0,52.1,1.8,5.8
2025-09-25 17:00:00,18.7,103.0,55.4,2.3,5.6
2025-09-25 18:00:00,17.6,66.0,60.3,2.0,5.4
2025-09-25 19:00:00,16.2,26.0,65.2,1.7,4.7
2025-09-25 20:00:00,15.3,54.0,70.8,0.8,2.3
2025-09-25 21:00:00,15.1,63.0,71.4,1.7,3.9
2025-09-25 22:00:00,14.8,59.0,71.8,1.5,2.9
2025-09-25 23:00:00,14.3,49.0,74.9,0.9,2.8
2025-09-26 00:00:00,14.0,46.0,77.6,1.0,2.3
2025-09-26 01:00:00,13.9,55.0,79.0,,2.1
2025-09-26 02:00:00,14.1,45.0,78.1,1.1,2.8
2025-09-26 03:00:00,13.9,78.0,80.8,0.7,2.4
2025-09-26 04:00:00,14.0,85.0,79.3,1.2,2.6
2025-09-26 05:00:00,14.2,66.0,74.5,1.5,3.5
2025-09-26 06:00:00,14.4,39.0,75.4,1.2,3.1
2025-09-26 07:00:00,14.9,55.0,75.2,1.4,2.9
2025-09-26 08:00:00,15.5,73.0,72.9,1.8,3.9
2025-09-26 09:00:00,16.1,87.0,69.4,1.7,4.0
2025-09-26 10:00:00,16.1,91.0,69.8,1.9,5.3
2025-09-26 11:00:00,15.4,69.0,80.1,2.2,4.7
2025-09-26 12:00:00,15.7,64.0,77.5,1.9,4.7
2025-09-26 13:00:00,16.6,75.0,74.1,2.1,5.4
2025-09-26 14:00:00,15.8,57.0,82.7,1.6,4.0
2025-09-26 15:00:00,15.3,84.0,90.2,1.8,4.4
2025-09-26 16:00:00,14.6,54.0,96.7,1.3,3.5
2025-09-26 17:00:00,14.5,54.0,96.6,1.3,3.6
2025-09-26 18:00:00,14.6,43.0,95.6,0.6,1.6
2025-09-26 19:00:00,14.3,62.0,96.9,,1.8
2025-09-26 20:00:00,14.2,49.0,96.6,0.9,3.1
2025-09-26 21:00:00,14.1,51.0,94.8,1.5,3.0
2025-09-26 22:00:00,14.2,61.0,91.9,1.5,3.9
2025-09-26 23:00:00,14.3,67.0,90.7,1.9,3.6
2025-09-27 00:00:00,14.3,66.0,90.0,1.9,4.3
2025-09-27 01:00:00,14.2,66.0,87.9,2.2,4.5
2025-09-27 02:00:00,14.3,82.0,86.5,1.8,3.9
2025-09-27 03:00:00,14.2,70.0,88.4,1.6,3.9
2025-09-27 04:00:00,14.1,89.0,88.7,1.4,3.6
2025-09-27 05:00:00,13.9,79.0,92.9,2.1,4.6
2025-09-27 06:00:00,14.0,75.0,95.0,1.6,5.5
2025-09-27 07:00:00,14.1,110.0,96.6,1.9,4.2
2025-09-27 08:00:00,14.3,102.0,98.6,1.8,4.9
2025-09-27 09:00:00,15.0,108.0,96.4,2.8,6.4
2025-09-27 10:00:00,15.6,113.0,89.5,3.4,6.2
2025-09-27 11:00:00,16.4,122.0,83.0,2.8,6.8
2025-09-27 12:00:00,16.0,223.0,82.6,1.1,5.1
2025-09-27 13:00:00,15.0,339.0,82.1,1.3,4.8
2025-09-27 14:00:00,14.0,6.0,76.7,2.5,6.3
2025-09-27 15:00:00,14.2,26.0,81.3,1.6,4.6
2025-09-27 16:00:00,15.2,6.0,76.7,1.2,3.7
2025-09-27 17:00:00,15.1,319.0,76.6,0.7,1.6
2025-09-27 18:00:00,14.4,318.0,78.8,0.6,1.4
2025-09-27 19:00:00,14.0,310.0,80.2,0.6,1.5
2025-09-27 20:00:00,13.5,307.0,82.5,1.0,2.0
2025-09-27 21:00:00,13.0,347.0,85.0,0.5,1.7
2025-09-27 22:00:00,12.6,330.0,86.1,0.5,1.6
2025-09-27 23:00:00,12.3,334.0,85.0,0.6,2.0
2025-09-28 00:00:00,11.9,306.0,86.3,,1.4
2025-09-28 01:00:00,11.6,334.0,86.8,,1.4
2025-09-28 02:00:00,11.5,306.0,87.1,0.8,1.9
2025-09-28 03:00:00,11.2,284.0,89.1,0.5,1.9
2025-09-28 04:00:00,11.0,274.0,89.4,0.8,2.5
2025-09-28 05:00:00,10.8,263.0,90.7,0.6,1.7
2025-09-28 06:00:00,10.9,255.0,91.0,0.8,2.1
2025-09-28 07:00:00,11.4,251.0,87.0,1.0,2.7
2025-09-28 08:00:00,12.8,259.0,80.4,1.1,2.5
2025-09-28 09:00:00,14.5,271.0,72.5,0.5,2.2
2025-09-28 10:00:00,16.6,226.0,64.1,0.9,3.9
2025-09-28 11:00:00,18.3,223.0,56.0,1.2,5.0
2025-09-28 12:00:00,19.9,241.0,48.7,1.9,5.4
2025-09-28 13:00:00,21.5,235.0,45.3,1.1,5.5
2025-09-28 14:00:00,22.2,221.0,44.4,0.7,4.2
2025-09-28 15:00:00,22.6,236.0,41.9,0.9,3.2
2025-09-28 16:00:00,21.4,266.0,43.7,0.9,3.2
2025-09-28 17:00:00,19.9,260.0,48.5,0.8,2.0
2025-09-28 18:00:00,18.7,243.0,53.7,0.6,1.8
2025-09-28 19:00:00,17.6,278.0,61.3,0.4,1.0
2025-09-28 20:00:00,16.5,297.0,68.2,0.5,1.3
2025-09-28 21:00:00,15.8,288.0,72.0,,1.1
2025-09-28 22:00:00,15.3,324.0,75.1,,1.1
2025-09-28 23:00:00,14.5,1.0,80.1,0.5,1.1
2025-09-29 00:00:00,13.8,355.0,84.2,0.4,1.3
2025-09-29 01:00:00,13.3,339.0,86.9,0.4,1.0
2025-09-29 02:00:00,12.9,313.0,87.1,0.6,1.1
2025-09-29 03:00:00,12.6,302.0,88.2,,0.8
2025-09-29 04:00:00,12.2,340.0,88.7,0.5,1.4
2025-09-29 05:00:00,12.1,327.0,87.4,,0.8
2025-09-29 06:00:00,12.3,347.0,87.1,,0.8
2025-09-29 07:00:00,13.4,58.0,82.8,,0.9
2025-09-29 08:00:00,15.1,107.0,75.7,,1.4
2025-09-29 09:00:00,16.7,97.0,67.4,0.5,2.7
2025-09-29 10:00:00,17.9,91.0,60.9,0.9,2.6
2025-09-29 11:00:00,19.1,106.0,57.8,0.6,2.8
2025-09-29 12:00:00,21.1,120.0,52.2,,2.8
2025-09-29 13:00:00,22.9,168.0,43.1,0.4,3.5
2025-09-29 14:00:00,23.5,250.0,40.4,0.2,3.0
2025-09-29 15:00:00,23.6,215.0,40.6,0.6,3.4
2025-09-29 16:00:00,22.5,248.0,43.1,0.5,2.6
2025-09-29 17:00:00,21.3,224.0,46.8,0.6,1.7
2025-09-29 18:00:00,19.6,214.0,54.7,,1.5
2025-09-29 19:00:00,18.3,52.0,63.8,,0.7
2025-09-29 20:00:00,17.3,45.0,71.1,0.6,1.0
2025-09-29 21:00:00,16.6,21.0,74.9,0.9,1.8
2025-09-29 22:00:00,15.8,10.0,77.4,0.5,1.3
2025-09-29 23:00:00,15.2,344.0,79.5,0.5,1.2
2025-09-30 00:00:00,14.7,328.0,81.1,,1.1
2025-09-30 01:00:00,14.2,331.0,82.7,,1.3
2025-09-30 02:00:00,13.8,345.0,84.9,,1.2
2025-09-30 03:00:00,13.5,329.0,86.5,,1.0
2025-09-30 04:00:00,13.3,341.0,87.4,,0.7
2025-09-30 05:00:00,13.4,355.0,87.7,,1.0
2025-09-30 06:00:00,13.5,355.0,87.0,,1.0
2025-09-30 07:00:00,14.5,359.0,82.2,,1.4
2025-09-30 08:00:00,16.0,57.0,75.8,0.7,2.1
2025-09-30 09:00:00,17.6,103.0,68.8,1.7,4.5
2025-09-30 10:00:00,18.7,93.0,67.5,1.6,4.8
2025-09-30 11:00:00,19.5,102.0,65.1,1.6,4.2
2025-09-30 12:00:00,20.5,105.0,61.4,1.3,4.7
2025-09-30 13:00:00,21.6,101.0,57.3,1.0,3.9
2025-09-30 14:00:00,22.1,129.0,51.9,0.9,3.5
2025-09-30 15:00:00,21.6,118.0,52.5,1.0,3.0
2025-09-30 16:00:00,21.5,102.0,55.8,1.5,3.4
2025-09-30 17:00:00,20.5,103.0,59.8,1.8,4.1
2025-09-30 18:00:00,19.7,109.0,63.9,1.6,3.3
2025-09-30 19:00:00,19.0,114.0,67.7,1.3,2.4
2025-09-30 20:00:00,18.4,113.0,72.2,2.3,7.1
2025-09-30 21:00:00,17.0,88.0,78.1,2.8,6.6
2025-09-30 22:00:00,16.4,81.0,79.3,2.3,6.5
2025-09-30 23:00:00,16.2,74.0,79.8,2.5,5.8
2025-10-01 00:00:00,15.9,95.0,80.0,2.7,7.4
2025-10-01 01:00:00,15.7,90.0,79.2,2.0,4.6
2025-10-01 02:00:00,15.5,79.0,80.6,1.9,4.8
2025-10-01 03:00:00,15.2,89.0,82.9,2.1,5.6
2025-10-01 04:00:00,14.8,96.0,85.4,2.4,5.8
2025-10-01 05:00:00,14.2,89.0,80.4,2.4,6.3
2025-10-01 06:00:00,13.8,80.0,77.8,2.1,5.0
2025-10-01 07:00:00,13.7,78.0,78.5,2.1,4.7
2025-10-01 08:00:00,14.2,67.0,76.3,1.5,3.6
2025-10-01 09:00:00,14.9,73.0,72.8,2.1,4.6
2025-10-01 10:00:00,15.5,73.0,69.2,1.6,4.7
2025-10-01 11:00:00,16.5,102.0,63.6,1.7,5.0
2025-10-01 12:00:00,18.1,96.0,55.0,1.9,5.7
2025-10-01 13:00:00,19.5,96.0,48.0,1.9,6.7
2025-10-01 14:00:00,20.0,111.0,47.9,2.1,7.1
2025-10-01 15:00:00,20.1,106.0,47.8,1.4,4.8
2025-10-01 16:00:00,19.0,104.0,47.5,2.5,5.7
2025-10-01 17:00:00,18.1,90.0,53.4,1.6,4.5
2025-10-01 18:00:00,17.2,86.0,56.9,1.8,4.5
2025-10-01 19:00:00,17.2,100.0,53.2,1.9,4.0
2025-10-01 20:00:00,16.5,99.0,56.8,1.8,3.8
2025-10-01 21:00:00,16.3,91.0,56.4,2.3,6.3
2025-10-01 22:00:00,15.2,66.0,64.3,2.0,4.9
2025-10-01 23:00:00,14.8,52.0,66.6,1.1,3.0
2025-10-02 00:00:00,14.6,52.0,68.1,1.2,2.2
2025-10-02 01:00:00,13.7,42.0,72.4,1.0,2.2
2025-10-02 02:00:00,12.9,14.0,75.9,0.7,1.9
2025-10-02 03:00:00,12.4,32.0,78.4,0.8,1.8
2025-10-02 04:00:00,12.1,339.0,78.8,,1.2
2025-10-02 05:00:00,12.0,349.0,79.2,0.5,1.5
2025-10-02 06:00:00,12.0,326.0,78.8,,1.7
2025-10-02 07:00:00,12.7,2.0,74.8,0.6,2.0
2025-10-02 08:00:00,14.8,81.0,58.4,0.8,3.0
2025-10-02 09:00:00,15.7,103.0,49.0,1.6,5.9
2025-10-02 10:00:00,16.1,100.0,47.7,2.2,5.6
2025-10-02 11:00:00,16.5,87.0,46.6,1.2,5.2
2025-10-02 12:00:00,17.6,113.0,42.6,,4.1
2025-10-02 13:00:00,17.9,135.0,41.5,0.8,4.1
2025-10-02 14:00:00,18.6,104.0,40.7,0.7,4.1
2025-10-02 15:00:00,18.8,189.0,40.1,0.7,4.1
2025-10-02 16:00:00,17.8,171.0,42.9,0.6,3.6
2025-10-02 17:00:00,17.2,171.0,43.9,1.0,3.1
2025-10-02 18:00:00,16.2,178.0,48.2,0.7,2.3
2025-10-02 19:00:00,15.9,187.0,48.4,0.7,2.3
2025-10-02 20:00:00,15.1,166.0,50.7,0.9,2.7
2025-10-02 21:00:00,14.4,135.0,53.4,0.5,2.4
2025-10-02 22:00:00,13.8,44.0,58.9,1.0,2.4
2025-10-02 23:00:00,13.5,42.0,64.4,0.9,2.0
2025-10-03 00:00:00,13.4,38.0,66.3,0.9,1.8
2025-10-03 01:00:00,13.1,48.0,68.5,0.7,2.1
2025-10-03 02:00:00,12.6,28.0,72.0,0.6,1.5
2025-10-03 03:00:00,11.9,304.0,74.4,0.8,1.8
2025-10-03 04:00:00,11.0,342.0,78.9,0.8,2.1
2025-10-03 05:00:00,11.0,17.0,78.9,0.4,1.6
2025-10-03 06:00:00,11.3,326.0,77.8,,0.9
2025-10-03 07:00:00,12.5,46.0,73.0,0.4,1.5
2025-10-03 08:00:00,13.8,44.0,67.6,0.6,2.6
2025-10-03 09:00:00,14.6,68.0,63.8,1.1,3.1
2025-10-03 10:00:00,15.5,65.0,58.4,1.1,3.8
2025-10-03 11:00:00,16.4,89.0,57.1,0.9,3.9
2025-10-03 12:00:00,16.7,109.0,56.7,0.5,3.8
2025-10-03 13:00:00,16.9,103.0,55.4,1.6,3.8
2025-10-03 14:00:00,17.0,110.0,53.1,0.5,3.6
2025-10-03 15:00:00,17.0,191.0,52.6,,2.1
2025-10-03 16:00:00,16.9,169.0,51.8,0.5,2.7
2025-10-03 17:00:00,16.6,197.0,54.0,,2.1
2025-10-03 18:00:00,15.7,195.0,56.8,0.8,1.8
2025-10-03 19:00:00,15.3,199.0,59.4,0.2,1.5
2025-10-03 20:00:00,14.5,33.0,67.0,0.6,1.3
2025-10-03 21:00:00,13.9,52.0,70.4,0.6,1.2
2025-10-03 22:00:00,13.4,38.0,73.2,0.7,1.5
2025-10-03 23:00:00,13.0,38.0,76.6,,0.8
2025-10-04 00:00:00,12.4,0.0,80.6,0.4,1.2
2025-10-04 01:00:00,12.0,343.0,82.5,,0.9
2025-10-04 02:00:00,11.8,44.0,84.2,,1.3
2025-10-04 03:00:00,11.6,51.0,85.4,0.6,1.2
2025-10-04 04:00:00,11.4,61.0,85.3,0.9,1.5
2025-10-04 05:00:00,11.7,65.0,81.9,1.0,1.9
2025-10-04 06:00:00,12.0,57.0,78.9,0.8,1.8
2025-10-04 07:00:00,12.3,71.0,77.2,0.9,2.0
2025-10-04 08:00:00,13.0,68.0,74.9,0.5,1.6
2025-10-04 09:00:00,14.1,75.0,69.8,0.4,1.7
2025-10-04 10:00:00,14.8,116.0,64.4,,1.1
2025-10-04 11:00:00,15.5,176.0,62.1,,1.7
2025-10-04 12:00:00,15.1,223.0,67.8,1.0,3.0
2025-10-04 13:00:00,15.2,223.0,68.7,0.6,2.3
2025-10-04 14:00:00,15.4,208.0,69.6,0.9,2.9
2025-10-04 15:00:00,15.1,202.0,74.3,0.6,2.5
2025-10-04 16:00:00,14.3,225.0,87.8,0.7,2.3
2025-10-04 17:00:00,14.1,327.0,93.7,0.2,1.9
2025-10-04 18:00:00,13.9,3.0,97.4,0.9,2.8
2025-10-04 19:00:00,13.9,95.0,99.3,,1.4
2025-10-04 20:00:00,14.1,6.0,99.3,0.7,2.3
2025-10-04 21:00:00,14.1,333.0,99.3,0.5,1.4
2025-10-04 22:00:00,14.2,300.0,99.3,1.2,3.3
2025-10-04 23:00:00,14.2,298.0,99.3,0.8,2.6
2025-10-05 00:00:00,14.2,288.0,99.3,1.2,3.1
2025-10-05 01:00:00,14.1,271.0,99.3,1.2,3.4
2025-10-05 02:00:00,13.9,234.0,99.3,1.3,4.6
2025-10-05 03:00:00,13.5,255.0,97.4,2.1,6.4
2025-10-05 04:00:00,13.5,267.0,80.6,2.6,8.1
2025-10-05 05:00:00,13.7,294.0,54.2,2.8,7.4
2025-10-05 06:00:00,14.5,298.0,39.7,3.0,9.9
2025-10-05 07:00:00,14.9,294.0,38.2,2.0,6.2
2025-10-05 08:00:00,16.0,295.0,36.5,2.3,5.7
2025-10-05 09:00:00,17.6,291.0,33.4,1.1,5.1
2025-10-05 10:00:00,19.3,342.0,26.0,1.4,7.0
2025-10-05 11:00:00,20.2,23.0,25.3,1.9,6.8
2025-10-05 12:00:00,20.3,97.0,45.6,4.0,9.5
2025-10-05 13:00:00,19.9,94.0,51.1,4.3,9.4
2025-10-05 14:00:00,19.0,100.0,56.3,4.9,10.0
2025-10-05 15:00:00,18.3,111.0,57.4,4.2,9.1
2025-10-05 16:00:00,17.0,106.0,60.3,3.8,7.1
2025-10-05 17:00:00,15.5,94.0,66.2,2.6,5.9
2025-10-05 18:00:00,14.6,75.0,70.4,2.1,4.4
2025-10-05 19:00:00,13.8,75.0,74.4,1.4,4.5
2025-10-05 20:00:00,13.0,79.0,78.5,0.7,2.6
2025-10-05 21:00:00,12.5,60.0,81.0,,1.8
2025-10-05 22:00:00,12.1,303.0,83.0,0.7,2.1
2025-10-05 23:00:00,11.8,282.0,84.5,0.7,2.5
2025-10-06 00:00:00,11.2,282.0,86.7,0.7,2.4
2025-10-06 01:00:00,10.8,256.0,87.0,0.8,2.6
2025-10-06 02:00:00,10.5,265.0,88.3,1.1,2.5
2025-10-06 03:00:00,10.3,265.0,89.4,1.3,3.3
2025-10-06 04:00:00,10.1,254.0,86.3,1.4,3.3
2025-10-06 05:00:00,9.5,258.0,85.0,1.6,4.1
2025-10-06 06:00:00,9.3,253.0,81.5,1.1,2.7
2025-10-06 07:00:00,9.8,222.0,74.6,0.9,3.2
2025-10-06 08:00:00,11.6,222.0,63.9,1.1,3.4
2025-10-06 09:00:00,14.2,199.0,55.0,0.5,2.5
2025-10-06 10:00:00,16.3,86.0,54.6,1.3,4.5
2025-10-06 11:00:00,17.9,33.0,48.8,0.5,4.4
2025-10-06 12:00:00,21.0,284.0,26.5,2.6,6.4
2025-10-06 13:00:00,22.3,279.0,23.6,2.3,6.3
2025-10-06 14:00:00,23.1,273.0,22.6,2.2,5.4
2025-10-06 15:00:00,23.1,259.0,23.7,1.9,5.7
2025-10-06 16:00:00,21.5,241.0,26.6,1.8,5.7
2025-10-06 17:00:00,20.0,231.0,30.1,1.2,4.8
2025-10-06 18:00:00,18.2,255.0,36.8,1.3,3.4
2025-10-06 19:00:00,17.0,26.0,41.4,0.0,3.0
2025-10-06 20:00:00,15.5,50.0,49.9,0.8,1.8
2025-10-06 21:00:00,14.6,77.0,60.1,0.9,1.6
2025-10-06 22:00:00,14.0,10.0,65.2,0.5,0.9
2025-10-06 23:00:00,13.3,338.0,69.4,,1.0
2025-10-07 00:00:00,12.8,350.0,73.0,0.5,1.2
2025-10-07 01:00:00,12.2,340.0,74.9,,1.0
2025-10-07 02:00:00,11.7,329.0,77.0,,1.1
2025-10-07 03:00:00,11.4,353.0,78.3,,1.1
2025-10-07 04:00:00,11.2,28.0,79.7,0.5,1.0
2025-10-07 05:00:00,11.2,62.0,79.1,1.0,2.0
2025-10-07 06:00:00,11.2,51.0,79.0,,1.2
2025-10-07 07:00:00,11.9,36.0,76.5,0.4,1.4
2025-10-07 08:00:00,13.5,74.0,67.6,1.0,2.4
2025-10-07 09:00:00,14.9,98.0,61.4,1.3,3.3
2025-10-07 10:00:00,16.2,106.0,56.2,1.1,2.7
2025-10-07 11:00:00,17.6,99.0,52.0,0.7,2.5
2025-10-07 12:00:00,19.5,103.0,47.0,0.8,2.9
2025-10-07 13:00:00,21.5,82.0,40.9,0.8,2.6
2025-10-07 14:00:00,23.0,223.0,34.9,0.3,2.6
2025-10-07 15:00:00,23.5,270.0,33.4,,2.5
2025-10-07 16:00:00,21.7,268.0,37.5,0.6,1.9
2025-10-07 17:00:00,20.0,83.0,43.1,,1.1
2025-10-07 18:00:00,18.6,105.0,52.9,1.2,3.3
2025-10-07 19:00:00,17.6,98.0,56.7,1.0,2.0
2025-10-07 20:00:00,16.6,79.0,61.5,1.3,2.8
2025-10-07 21:00:00,15.9,67.0,63.5,1.6,2.7
2025-10-07 22:00:00,15.4,68.0,68.4,1.6,3.1
2025-10-07 23:00:00,15.0,64.0,71.6,1.8,3.5
2025-10-08 00:00:00,14.7,61.0,74.0,1.6,3.4
2025-10-08 01:00:00,14.3,55.0,77.3,1.6,3.0
2025-10-08 02:00:00,13.8,51.0,79.4,1.0,2.4
2025-10-08 03:00:00,13.2,39.0,83.3,0.7,1.5
2025-10-08 04:00:00,12.9,355.0,85.3,0.7,2.4
2025-10-08 05:00:00,12.4,331.0,85.7,,1.2
2025-10-08 06:00:00,12.4,346.0,85.0,,1.3
2025-10-08 07:00:00,13.2,293.0,81.3,0.4,1.2
2025-10-08 08:00:00,14.8,,75.0,,0.8
2025-10-08 09:00:00,16.5,97.0,65.4,0.8,2.7
2025-10-08 10:00:00,17.6,103.0,60.7,0.8,3.0
2025-10-08 11:00:00,18.7,99.0,57.0,0.4,2.5
2025-10-08 12:00:00,20.3,135.0,52.6,0.6,3.0
2025-10-08 13:00:00,21.3,123.0,49.4,0.8,3.2
2025-10-08 14:00:00,21.9,126.0,47.5,0.7,2.9
2025-10-08 15:00:00,22.1,108.0,47.3,0.8,3.1
2025-10-08 16:00:00,20.9,139.0,49.9,0.8,2.7
2025-10-08 17:00:00,19.6,109.0,54.7,0.9,2.3
2025-10-08 18:00:00,18.4,118.0,59.1,0.6,1.3
2025-10-08 19:00:00,17.4,85.0,64.3,0.6,1.2
2025-10-08 20:00:00,16.6,52.0,70.0,0.6,1.1
2025-10-08 21:00:00,16.0,20.0,72.9,0.7,1.1
2025-10-08 22:00:00,15.5,56.0,75.8,0.6,1.4
2025-10-08 23:00:00,15.3,78.0,76.7,1.1,2.1
2025-10-09 00:00:00,14.9,85.0,78.7,1.4,3.1
2025-10-09 01:00:00,14.7,54.0,79.4,0.8,1.8
2025-10-09 02:00:00,14.6,57.0,80.0,0.8,1.6
2025-10-09 03:00:00,14.4,50.0,81.4,0.6,1.3
2025-10-09 04:00:00,14.1,331.0,82.7,0.5,0.9
2025-10-09 05:00:00,13.7,340.0,84.9,0.5,1.0
2025-10-09 06:00:00,13.4,330.0,87.0,0.4,1.2
2025-10-09 07:00:00,14.1,306.0,84.1,,1.2
2025-10-09 08:00:00,15.6,265.0,76.5,,1.0
2025-10-09 09:00:00,17.1,248.0,68.5,,1.5
2025-10-09 10:00:00,18.2,179.0,64.1,0.4,2.2
2025-10-09 11:00:00,19.1,192.0,61.1,0.4,2.4
2025-10-09 12:00:00,20.2,196.0,56.4,,2.4
2025-10-09 13:00:00,21.2,184.0,52.9,0.4,2.6
2025-10-09 14:00:00,22.2,244.0,50.6,0.3,2.7
2025-10-09 15:00:00,22.3,255.0,50.5,0.7,2.7
2025-10-09 16:00:00,21.4,202.0,53.4,0.6,2.3
2025-10-09 17:00:00,20.0,142.0,59.3,,1.8
2025-10-09 18:00:00,18.8,105.0,64.9,0.9,2.2
2025-10-09 19:00:00,18.1,110.0,69.0,1.1,2.1
2025-10-09 20:00:00,17.4,88.0,73.3,1.0,1.9
2025-10-09 21:00:00,16.8,65.0,75.5,1.1,2.1
2025-10-09 22:00:00,16.2,44.0,78.4,0.9,2.1
2025-10-09 23:00:00,15.7,43.0,81.1,1.0,2.3
2025-10-10 00:00:00,15.7,63.0,81.2,1.3,2.7
2025-10-10 01:00:00,15.1,44.0,84.6,0.6,1.6
2025-10-10 02:00:00,14.5,358.0,88.5,0.5,1.2
2025-10-10 03:00:00,14.2,351.0,90.3,,0.6
2025-10-10 04:00:00,14.0,339.0,91.4,0.5,1.0
2025-10-10 05:00:00,14.0,294.0,91.2,,0.7
2025-10-10 06:00:00,14.0,330.0,91.1,,0.9
2025-10-10 07:00:00,14.6,,88.2,,0.5
2025-10-10 08:00:00,15.9,265.0,80.8,0.6,1.8
2025-10-10 09:00:00,17.1,257.0,76.0,,1.7
2025-10-10 10:00:00,18.5,238.0,70.0,0.5,2.6
2025-10-10 11:00:00,19.8,246.0,64.3,0.6,2.7
2025-10-10 12:00:00,21.2,232.0,60.1,0.6,3.7
2025-10-10 13:00:00,22.4,248.0,56.3,0.8,3.5
2025-10-10 14:00:00,23.1,255.0,53.3,,2.5
2025-10-10 15:00:00,23.2,223.0,51.9,0.8,3.1
2025-10-10 16:00:00,22.3,224.0,55.0,0.7,2.2
2025-10-10 17:00:00,20.9,236.0,61.2,0.6,2.1
2025-10-10 18:00:00,19.6,251.0,67.2,0.5,1.3
2025-10-10 19:00:00,18.7,233.0,71.1,0.4,1.4
2025-10-10 20:00:00,18.0,218.0,75.1,0.4,1.1
2025-10-10 21:00:00,17.2,348.0,79.2,,1.2
2025-10-10 22:00:00,16.5,343.0,82.4,,1.1
2025-10-10 23:00:00,16.0,330.0,84.8,,1.3
2025-10-11 00:00:00,15.6,333.0,87.2,,1.1
2025-10-11 01:00:00,15.2,25.0,89.6,0.6,1.4
2025-10-11 02:00:00,14.7,47.0,91.8,0.6,1.2
2025-10-11 03:00:00,14.4,43.0,93.1,0.6,1.2
2025-10-11 04:00:00,14.0,350.0,93.6,,1.2
2025-10-11 05:00:00,13.8,9.0,93.5,,1.1
2025-10-11 06:00:00,13.7,9.0,93.3,,1.0
2025-10-11 07:00:00,14.4,58.0,89.9,0.7,1.7
2025-10-11 08:00:00,15.9,106.0,84.1,1.6,3.4
2025-10-11 09:00:00,17.3,79.0,77.4,1.6,3.9
2025-10-11 10:00:00,18.5,73.0,72.4,1.4,3.5
2025-10-11 11:00:00,19.6,80.0,68.4,1.1,3.8
2025-10-11 12:00:00,20.8,88.0,64.3,0.9,2.9
2025-10-11 13:00:00,21.7,74.0,60.7,0.7,3.0
2025-10-11 14:00:00,22.5,54.0,57.4,0.9,3.2
2025-10-11 15:00:00,22.9,71.0,56.3,0.8,2.5
2025-10-11 16:00:00,21.9,70.0,59.8,0.8,2.2
2025-10-11 17:00:00,20.4,109.0,63.9,0.8,1.8
2025-10-11 18:00:00,19.3,100.0,69.1,0.8,1.4
2025-10-11 19:00:00,18.5,71.0,74.0,0.5,1.1
2025-10-11 20:00:00,17.6,48.0,78.3,0.6,0.9
2025-10-11 21:00:00,16.9,359.0,81.4,0.6,1.1
2025-10-11 22:00:00,16.4,10.0,84.5,0.6,1.2
2025-10-11 23:00:00,16.0,30.0,86.7,0.4,1.0
2025-10-12 00:00:00,15.8,356.0,88.3,,0.7
2025-10-12 01:00:00,15.3,356.0,90.3,,0.7
2025-10-12 02:00:00,15.0,327.0,91.7,,0.7
2025-10-12 03:00:00,15.0,,91.1,,0.5
2025-10-12 04:00:00,14.6,19.0,93.7,,1.2
2025-10-12 05:00:00,14.5,20.0,94.9,,0.9
2025-10-12 06:00:00,14.3,22.0,95.0,0.5,1.0
2025-10-12 07:00:00,14.7,40.0,94.6,,0.7
2025-10-12 08:00:00,16.2,71.0,87.1,,1.6
2025-10-12 09:00:00,17.9,97.0,78.4,0.9,2.6
2025-10-12 10:00:00,19.0,107.0,72.3,0.7,1.9
2025-10-12 11:00:00,19.8,91.0,68.9,,2.3
2025-10-12 12:00:00,20.4,90.0,65.6,0.7,2.6
2025-10-12 13:00:00,21.6,156.0,60.8,0.8,4.0
2025-10-12 14:00:00,21.3,144.0,60.1,1.0,3.2
2025-10-12 15:00:00,20.7,131.0,61.4,0.6,2.5
2025-10-12 16:00:00,20.5,109.0,62.4,1.0,2.1
2025-10-12 17:00:00,19.6,107.0,66.8,1.1,2.1
2025-10-12 18:00:00,19.0,122.0,69.1,0.7,2.1
2025-10-12 19:00:00,18.1,61.0,74.8,0.5,1.0
2025-10-12 20:00:00,17.3,43.0,79.3,,0.9
2025-10-12 21:00:00,16.7,17.0,83.1,,0.7
2025-10-12 22:00:00,16.1,0.0,85.9,,0.9
2025-10-12 23:00:00,15.7,26.0,88.4,0.6,1.1
2025-10-13 00:00:00,15.1,47.0,91.5,0.6,1.4
2025-10-13 01:00:00,15.1,58.0,92.2,0.8,1.5
2025-10-13 02:00:00,15.3,66.0,90.8,0.7,1.6
2025-10-13 03:00:00,15.8,80.0,87.7,0.9,1.8
2025-10-13 04:00:00,16.0,95.0,85.3,1.1,2.1
2025-10-13 05:00:00,15.9,102.0,83.7,1.6,3.1
2025-10-13 06:00:00,16.0,68.0,83.2,1.0,2.6
2025-10-13 07:00:00,16.2,73.0,82.8,1.3,2.6
2025-10-13 08:00:00,16.4,62.0,83.1,1.0,2.6
2025-10-13 09:00:00,16.6,49.0,82.9,1.1,2.4
2025-10-13 10:00:00,16.9,77.0,82.2,1.3,2.6
2025-10-13 11:00:00,17.3,68.0,80.7,0.9,2.1
2025-10-13 12:00:00,17.3,45.0,81.5,,1.2
2025-10-13 13:00:00,17.7,356.0,78.7,0.4,1.2
2025-10-13 14:00:00,17.9,336.0,77.6,,1.2
2025-10-13 15:00:00,18.4,348.0,73.2,,0.9
2025-10-13 16:00:00,18.5,,71.7,,0.9
2025-10-13 17:00:00,17.4,301.0,75.1,0.4,0.8
2025-10-13 18:00:00,16.6,297.0,79.7,,0.8
2025-10-13 19:00:00,15.9,338.0,84.1,0.5,1.0
2025-10-13 20:00:00,15.3,349.0,87.4,0.4,0.9
2025-10-13 21:00:00,14.8,340.0,89.1,,0.8
2025-10-13 22:00:00,14.5,23.0,90.6,,1.3
2025-10-13 23:00:00,14.3,351.0,91.8,,1.0
2025-10-14 00:00:00,14.5,351.0,90.7,,0.6
2025-10-14 01:00:00,14.7,294.0,89.6,,0.8
2025-10-14 02:00:00,14.8,355.0,89.1,0.7,1.6
2025-10-14 03:00:00,14.5,320.0,89.7,0.4,0.8
2025-10-14 04:00:00,14.2,22.0,91.4,0.6,2.0
2025-10-14 05:00:00,14.2,24.0,91.7,,0.9
2025-10-14 06:00:00,14.8,102.0,89.1,,4.6
2025-10-14 07:00:00,15.5,103.0,83.8,2.2,4.3
2025-10-14 08:00:00,15.6,109.0,77.8,2.1,4.8
2025-10-14 09:00:00,16.3,106.0,73.7,2.0,5.5
2025-10-14 10:00:00,16.8,86.0,72.0,1.7,5.3
2025-10-14 11:00:00,17.7,68.0,69.1,1.6,4.3
2025-10-14 12:00:00,18.7,58.0,65.5,1.2,3.5
2025-10-14 13:00:00,18.9,40.0,65.1,1.2,3.5
2025-10-14 14:00:00,19.4,58.0,62.5,0.9,3.1
2025-10-14 15:00:00,18.7,19.0,64.1,0.8,2.7
2025-10-14 16:00:00,18.4,41.0,65.8,0.6,1.7
2025-10-14 17:00:00,18.0,8.0,67.4,0.6,1.3
2025-10-14 18:00:00,17.0,19.0,72.3,0.6,1.9
2025-10-14 19:00:00,16.6,2.0,76.9,0.7,1.8
2025-10-14 20:00:00,16.7,27.0,78.4,0.4,1.1
2025-10-14 21:00:00,16.7,48.0,78.4,0.7,1.4
2025-10-14 22:00:00,16.7,23.0,77.7,0.5,1.3
2025-10-14 23:00:00,16.5,49.0,79.7,0.6,1.6
2025-10-15 00:00:00,16.3,44.0,80.1,0.7,1.6
2025-10-15 01:00:00,16.0,58.0,81.1,0.6,1.3
2025-10-15 02:00:00,15.5,60.0,82.7,0.6,1.5
2025-10-15 03:00:00,15.5,32.0,82.7,0.4,1.2
2025-10-15 04:00:00,15.6,350.0,83.5,0.6,1.5
2025-10-15 05:00:00,15.6,8.0,82.7,0.6,1.6
2025-10-15 06:00:00,15.7,67.0,81.7,,1.4
2025-10-15 07:00:00,16.2,68.0,77.6,0.8,1.8
2025-10-15 08:00:00,16.4,107.0,73.3,1.7,3.8
2025-10-15 09:00:00,16.7,100.0,71.5,1.4,3.1
2025-10-15 10:00:00,17.1,108.0,69.4,1.5,3.3
2025-10-15 11:00:00,17.7,107.0,67.5,1.6,3.3
2025-10-15 12:00:00,18.4,95.0,63.3,1.3,3.4
2025-10-15 13:00:00,19.4,105.0,57.5,1.7,4.0
2025-10-15 14:00:00,20.5,102.0,53.0,1.7,4.2
2025-10-15 15:00:00,20.6,107.0,50.2,1.6,4.1
2025-10-15 16:00:00,19.2,110.0,56.2,1.4,3.4
2025-10-15 17:00:00,18.2,112.0,61.0,1.8,3.7
2025-10-15 18:00:00,17.3,105.0,65.5,1.3,3.1
2025-10-15 19:00:00,16.5,64.0,70.1,0.8,1.9
2025-10-15 20:00:00,15.9,19.0,74.2,0.5,1.0
2025-10-15 21:00:00,15.3,21.0,78.3,0.4,1.1
2025-10-15 22:00:00,14.7,357.0,81.3,,1.2
2025-10-15 23:00:00,14.3,62.0,83.0,1.0,2.3
2025-10-16 00:00:00,14.1,81.0,78.8,1.2,3.0
2025-10-16 01:00:00,13.8,56.0,78.6,0.9,1.7
2025-10-16 02:00:00,13.4,42.0,80.4,0.9,1.9
2025-10-16 03:00:00,13.0,61.0,81.3,0.8,1.5
2025-10-16 04:00:00,13.1,51.0,81.3,0.6,1.4
2025-10-16 05:00:00,13.3,67.0,80.4,0.6,1.1
2025-10-16 06:00:00,13.5,91.0,78.8,1.1,2.4
2025-10-16 07:00:00,14.2,91.0,74.4,1.2,3.0
2025-10-16 08:00:00,14.9,92.0,71.1,1.3,3.8
2025-10-16 09:00:00,15.3,82.0,70.0,1.3,2.9
2025-10-16 10:00:00,16.0,91.0,64.6,1.6,4.5
2025-10-16 11:00:00,16.7,101.0,56.8,2.1,5.0
2025-10-16 12:00:00,17.5,113.0,54.9,1.5,4.3
2025-10-16 13:00:00,18.3,100.0,52.5,1.3,4.4
2025-10-16 14:00:00,19.6,105.0,47.3,1.4,4.1
2025-10-16 15:00:00,19.9,117.0,45.8,1.3,3.6
2025-10-16 16:00:00,18.8,101.0,50.9,1.4,3.9
2025-10-16 17:00:00,17.1,90.0,57.7,1.5,3.7
2025-10-16 18:00:00,16.1,73.0,62.3,1.0,2.3
2025-10-16 19:00:00,15.4,65.0,64.8,0.9,1.4
2025-10-16 20:00:00,15.1,53.0,66.8,0.8,1.2
2025-10-16 21:00:00,15.4,47.0,66.6,0.6,1.2
2025-10-16 22:00:00,15.3,29.0,68.4,,1.3
2025-10-16 23:00:00,15.3,74.0,67.2,1.1,2.3
2025-10-17 00:00:00,15.3,80.0,63.6,1.3,2.8
2025-10-17 01:00:00,15.0,60.0,64.7,1.1,2.2
2025-10-17 02:00:00,14.7,62.0,65.5,1.0,2.2
2025-10-17 03:00:00,14.6,57.0,65.1,1.0,2.1
2025-10-17 04:00:00,14.6,79.0,66.6,1.0,2.6
2025-10-17 05:00:00,14.4,76.0,65.7,1.1,2.2
2025-10-17 06:00:00,14.2,90.0,67.1,1.1,2.1
2025-10-17 07:00:00,14.5,105.0,65.5,1.6,3.0
2025-10-17 08:00:00,14.7,101.0,64.5,1.7,3.4
2025-10-17 09:00:00,15.0,73.0,60.0,1.2,2.8
2025-10-17 10:00:00,16.1,96.0,54.0,2.1,5.1
2025-10-17 11:00:00,16.9,105.0,51.4,1.5,4.7
2025-10-17 12:00:00,17.7,99.0,49.1,0.8,4.4
2025-10-17 13:00:00,18.1,27.0,47.5,0.7,3.1
2025-10-17 14:00:00,19.5,288.0,43.1,0.2,2.2
2025-10-17 15:00:00,20.1,4.0,41.6,0.7,2.3
2025-10-17 16:00:00,18.8,42.0,45.2,0.4,1.7
2025-10-17 17:00:00,17.1,239.0,53.1,,1.7
2025-10-17 18:00:00,16.2,147.0,57.2,0.5,1.5
2025-10-17 19:00:00,15.7,107.0,58.2,0.7,1.4
2025-10-17 20:00:00,14.9,37.0,62.6,,0.7
2025-10-17 21:00:00,14.1,360.0,68.2,0.6,1.4
2025-10-17 22:00:00,13.4,41.0,72.5,,1.2
2025-10-17 23:00:00,13.0,6.0,74.8,0.4,1.2
2025-10-18 00:00:00,12.4,342.0,76.8,0.5,1.1
2025-10-18 01:00:00,11.8,319.0,79.8,,1.3
2025-10-18 02:00:00,11.4,331.0,81.8,0.5,1.3
2025-10-18 03:00:00,11.1,329.0,83.2,,1.3
2025-10-18 04:00:00,10.9,315.0,83.9,,0.9
2025-10-18 05:00:00,10.9,329.0,83.7,,0.9
2025-10-18 06:00:00,10.8,358.0,84.5,,0.7
2025-10-18 07:00:00,11.3,12.0,83.0,,1.0
2025-10-18 08:00:00,12.5,67.0,76.3,0.9,2.2
2025-10-18 09:00:00,13.6,98.0,70.5,0.7,2.1
2025-10-18 10:00:00,14.8,102.0,64.1,0.7,2.8
2025-10-18 11:00:00,16.2,85.0,57.9,0.7,3.2
2025-10-18 12:00:00,17.3,91.0,54.8,0.6,2.2
2025-10-18 13:00:00,18.1,57.0,51.9,0.7,2.8
2025-10-18 14:00:00,19.4,268.0,45.7,,2.7
2025-10-18 15:00:00,20.1,50.0,46.2,,2.1
2025-10-18 16:00:00,18.7,103.0,50.8,1.0,2.7
2025-10-18 17:00:00,16.9,113.0,55.9,1.1,2.5
2025-10-18 18:00:00,16.1,119.0,58.4,1.1,2.4
2025-10-18 19:00:00,15.4,106.0,61.4,1.1,2.1
2025-10-18 20:00:00,14.7,96.0,64.1,1.1,2.4
2025-10-18 21:00:00,14.2,47.0,66.7,0.9,1.7
2025-10-18 22:00:00,14.1,52.0,69.1,1.0,2.5
2025-10-18 23:00:00,13.8,44.0,71.1,0.8,1.7
2025-10-19 00:00:00,13.3,54.0,74.4,0.6,1.3
2025-10-19 01:00:00,13.5,63.0,74.2,0.8,1.7
2025-10-19 02:00:00,12.9,51.0,75.1,0.8,1.6
2025-10-19 03:00:00,12.1,12.0,78.5,,0.9
2025-10-19 04:00:00,11.9,20.0,80.1,0.5,1.3
2025-10-19 05:00:00,12.0,31.0,80.1,0.5,1.2
2025-10-19 06:00:00,12.2,6.0,80.1,,0.7
2025-10-19 07:00:00,12.7,97.0,78.1,,1.7
2025-10-19 08:00:00,13.3,94.0,69.8,1.2,2.3
2025-10-19 09:00:00,14.1,102.0,64.1,1.2,3.1
2025-10-19 10:00:00,15.0,109.0,61.4,1.6,3.7
2025-10-19 11:00:00,16.3,83.0,54.2,1.5,3.5
2025-10-19 12:00:00,16.9,99.0,50.9,1.1,2.9
2025-10-19 13:00:00,17.3,105.0,48.9,1.0,3.3
2025-10-19 14:00:00,17.9,96.0,45.2,0.8,3.1
2025-10-19 15:00:00,17.4,102.0,47.7,0.5,2.0
2025-10-19 16:00:00,16.4,109.0,51.9,,1.5
2025-10-19 17:00:00,15.6,49.0,57.8,0.5,1.1
2025-10-19 18:00:00,15.3,84.0,60.0,0.6,1.3
2025-10-19 19:00:00,15.2,91.0,59.6,0.7,1.9
2025-10-19 20:00:00,15.3,109.0,59.1,1.2,2.4
2025-10-19 21:00:00,15.1,88.0,61.4,1.0,2.6
2025-10-19 22:00:00,14.7,59.0,63.6,1.0,1.9
2025-10-19 23:00:00,14.4,52.0,65.7,1.0,2.1
2025-10-20 00:00:00,14.2,58.0,66.6,0.9,2.5
2025-10-20 01:00:00,14.1,74.0,67.3,0.8,2.1
2025-10-20 02:00:00,14.0,66.0,66.7,1.4,3.0
2025-10-20 03:00:00,13.8,72.0,68.2,1.4,3.1
2025-10-20 04:00:00,13.7,78.0,70.6,1.2,2.9
2025-10-20 05:00:00,13.6,77.0,71.8,1.2,2.6
2025-10-20 06:00:00,13.7,77.0,71.1,1.6,3.6
2025-10-20 07:00:00,13.9,79.0,70.7,1.4,3.6
2025-10-20 08:00:00,14.0,81.0,70.6,1.8,4.9
2025-10-20 09:00:00,13.8,78.0,73.3,1.4,4.1
2025-10-20 10:00:00,13.5,74.0,82.0,1.1,3.7
2025-10-20 11:00:00,13.1,64.0,87.5,1.3,2.8
2025-10-20 12:00:00,12.9,45.0,93.6,1.0,2.1
2025-10-20 13:00:00,12.5,46.0,98.2,1.0,2.5
2025-10-20 14:00:00,12.4,55.0,99.3,1.1,3.1
2025-10-20 15:00:00,12.3,69.0,99.4,1.0,2.4
2025-10-20 16:00:00,12.4,54.0,99.4,1.0,2.8
2025-10-20 17:00:00,12.2,13.0,99.4,1.0,2.6
2025-10-20 18:00:00,11.9,12.0,99.4,1.1,2.7
2025-10-20 19:00:00,11.8,29.0,99.4,0.8,2.7
2025-10-20 20:00:00,11.8,25.0,99.4,0.6,2.4
2025-10-20 21:00:00,11.8,4.0,99.4,1.0,2.7
2025-10-20 22:00:00,11.9,359.0,99.4,0.8,2.2
2025-10-20 23:00:00,12.0,45.0,99.4,0.8,2.3
2025-10-21 00:00:00,12.0,12.0,99.4,0.4,1.4
2025-10-21 01:00:00,11.9,327.0,99.4,0.5,1.4
2025-10-21 02:00:00,11.8,301.0,99.4,0.6,1.4
2025-10-21 03:00:00,11.9,302.0,99.4,0.6,1.7
2025-10-21 04:00:00,11.9,301.0,99.4,0.5,1.2
2025-10-21 05:00:00,11.9,302.0,99.4,,0.9
2025-10-21 06:00:00,12.1,315.0,99.4,,1.2
2025-10-21 07:00:00,12.2,317.0,99.4,0.5,1.6
2025-10-21 08:00:00,12.5,335.0,99.4,0.5,1.4
2025-10-21 09:00:00,12.9,345.0,99.4,,1.3
2025-10-21 10:00:00,13.6,333.0,96.3,,1.2
2025-10-21 11:00:00,14.0,216.0,91.5,,2.0
2025-10-21 12:00:00,14.0,259.0,90.9,0.8,2.1
2025-10-21 13:00:00,14.1,255.0,89.2,1.1,2.7
2025-10-21 14:00:00,14.4,235.0,87.0,0.7,2.2
2025-10-21 15:00:00,15.2,188.0,81.4,,1.4
2025-10-21 16:00:00,15.3,216.0,81.0,,1.5
2025-10-21 17:00:00,14.8,207.0,83.2,1.0,3.1
2025-10-21 18:00:00,14.5,202.0,83.7,1.1,2.9
2025-10-21 19:00:00,14.2,214.0,87.6,0.7,2.1
2025-10-21 20:00:00,13.9,223.0,88.0,0.7,2.0
2025-10-21 21:00:00,13.7,271.0,89.1,0.8,1.9
2025-10-21 22:00:00,13.7,272.0,89.3,0.7,1.8
2025-10-21 23:00:00,13.7,244.0,89.6,0.6,1.5
2025-10-22 00:00:00,13.2,259.0,93.0,,1.2
2025-10-22 01:00:00,12.9,227.0,96.3,0.5,1.9
2025-10-22 02:00:00,12.7,246.0,96.5,,1.4
2025-10-22 03:00:00,12.3,277.0,98.4,,1.1
2025-10-22 04:00:00,12.3,292.0,99.2,,1.4
2025-10-22 05:00:00,12.5,352.0,98.9,0.3,1.1
2025-10-22 06:00:00,12.9,257.0,95.9,,1.6
2025-10-22 07:00:00,13.3,316.0,91.3,0.5,1.4
2025-10-22 08:00:00,13.8,60.0,87.8,,1.0
2025-10-22 09:00:00,14.3,100.0,84.6,,1.3
2025-10-22 10:00:00,14.7,261.0,84.2,0.7,1.9
2025-10-22 11:00:00,14.9,293.0,83.4,,1.7
2025-10-22 12:00:00,15.7,6.0,78.5,,1.9
2025-10-22 13:00:00,16.2,349.0,75.8,0.6,2.2
2025-10-22 14:00:00,16.8,29.0,72.2,0.3,1.6
2025-10-22 15:00:00,16.8,178.0,71.1,0.5,2.1
2025-10-22 16:00:00,16.5,181.0,75.2,0.9,2.7
2025-10-22 17:00:00,15.7,201.0,79.3,1.3,3.0
2025-10-22 18:00:00,15.2,194.0,82.2,0.6,2.1
2025-10-22 19:00:00,15.2,155.0,82.8,0.8,1.7
2025-10-22 20:00:00,15.1,160.0,84.1,,2.0
2025-10-22 21:00:00,15.0,49.0,85.3,0.5,1.2
2025-10-22 22:00:00,14.8,55.0,87.1,0.5,1.0
2025-10-22 23:00:00,14.8,57.0,87.8,,1.0
2025-10-23 00:00:00,14.8,79.0,88.1,0.7,1.6
2025-10-23 01:00:00,14.7,67.0,89.0,0.5,1.3
2025-10-23 02:00:00,14.5,82.0,91.4,,1.3
2025-10-23 03:00:00,14.2,102.0,93.7,0.5,1.4
2025-10-23 04:00:00,13.9,76.0,96.3,,1.0
2025-10-23 05:00:00,14.1,67.0,96.3,0.6,1.4
2025-10-23 06:00:00,14.0,73.0,96.7,0.6,1.3
2025-10-23 07:00:00,13.9,101.0,99.0,1.0,2.1
2025-10-23 08:00:00,13.8,78.0,99.3,0.9,2.0
2025-10-23 09:00:00,13.9,73.0,99.3,1.1,3.0
2025-10-23 10:00:00,13.8,96.0,99.3,2.1,4.8
2025-10-23 11:00:00,13.7,107.0,99.3,1.8,5.2
2025-10-23 12:00:00,13.7,121.0,99.4,1.0,5.2
2025-10-23 13:00:00,13.6,252.0,99.4,0.9,5.5
2025-10-23 14:00:00,13.9,172.0,99.4,0.8,5.0
2025-10-23 15:00:00,14.2,254.0,99.3,1.2,4.8
2025-10-23 16:00:00,14.3,236.0,96.3,1.3,4.4
2025-10-23 17:00:00,14.0,240.0,92.8,1.2,4.4
2025-10-23 18:00:00,13.7,233.0,94.0,1.2,3.3
2025-10-23 19:00:00,13.4,268.0,95.0,1.5,3.9
2025-10-23 20:00:00,13.0,261.0,97.8,1.6,4.4
2025-10-23 21:00:00,12.8,216.0,96.9,1.2,4.3
2025-10-23 22:00:00,12.2,226.0,83.3,1.8,5.1
2025-10-23 23:00:00,11.2,251.0,82.6,0.9,3.2
2025-10-24 00:00:00,10.4,256.0,88.1,0.7,2.3
2025-10-24 01:00:00,10.0,271.0,84.2,0.8,2.5
2025-10-24 02:00:00,9.6,243.0,84.6,0.7,2.4
2025-10-24 03:00:00,9.9,247.0,77.9,1.1,4.6
2025-10-24 04:00:00,9.4,246.0,90.2,1.0,3.4
2025-10-24 05:00:00,9.5,226.0,89.9,1.0,3.8
2025-10-24 06:00:00,9.9,226.0,81.2,1.2,4.2
2025-10-24 07:00:00,10.1,252.0,69.2,1.5,4.3
2025-10-24 08:00:00,11.5,245.0,67.4,1.5,4.1
2025-10-24 09:00:00,14.0,233.0,55.8,1.4,4.3
2025-10-24 10:00:00,15.7,219.0,48.0,1.1,4.5
2025-10-24 11:00:00,16.8,229.0,37.6,1.6,4.6
2025-10-24 12:00:00,18.1,223.0,34.9,1.1,4.4
2025-10-24 13:00:00,19.0,219.0,27.0,1.3,4.0
2025-10-24 14:00:00,19.8,202.0,22.9,1.2,3.9
2025-10-24 15:00:00,20.5,190.0,23.8,,3.1
2025-10-24 16:00:00,18.6,333.0,27.7,0.4,1.5
2025-10-24 17:00:00,15.8,32.0,41.6,0.8,1.8
2025-10-24 18:00:00,14.3,16.0,49.8,0.8,1.3
2025-10-24 19:00:00,13.4,7.0,54.9,0.7,2.0
2025-10-24 20:00:00,12.6,4.0,52.3,0.3,1.6
2025-10-24 21:00:00,11.7,318.0,56.9,0.8,2.0
2025-10-24 22:00:00,11.1,313.0,59.1,,1.6
2025-10-24 23:00:00,10.4,20.0,63.6,0.6,1.8
2025-10-25 00:00:00,9.7,34.0,66.4,0.8,2.2
2025-10-25 01:00:00,9.2,4.0,68.4,0.8,2.2
2025-10-25 02:00:00,8.8,345.0,67.4,0.4,1.2
2025-10-25 03:00:00,8.4,6.0,72.0,0.4,0.9
2025-10-25 04:00:00,8.1,349.0,73.9,,1.2
2025-10-25 05:00:00,8.0,1.0,73.6,0.5,1.3
2025-10-25 06:00:00,7.9,347.0,73.3,,1.3
2025-10-25 07:00:00,8.4,338.0,71.2,0.5,1.5
2025-10-25 08:00:00,9.8,355.0,65.4,0.5,1.2
2025-10-25 09:00:00,12.1,62.0,55.2,0.7,2.4
2025-10-25 10:00:00,13.7,101.0,54.8,1.6,4.1
2025-10-25 11:00:00,14.1,106.0,61.1,1.9,4.6
2025-10-25 12:00:00,15.0,86.0,60.5,1.2,3.7
2025-10-25 13:00:00,15.7,79.0,58.6,0.9,2.9
2025-10-25 14:00:00,16.6,104.0,57.7,0.9,3.2
2025-10-25 15:00:00,16.8,95.0,59.4,1.1,2.7
2025-10-25 16:00:00,15.5,106.0,66.0,1.2,2.2
2025-10-25 17:00:00,14.6,120.0,71.0,0.9,2.0
2025-10-25 18:00:00,14.2,138.0,74.1,,1.2
2025-10-25 19:00:00,13.8,284.0,76.4,0.6,1.6
2025-10-25 20:00:00,13.3,320.0,77.5,0.8,1.8
2025-10-25 21:00:00,13.4,339.0,76.7,0.6,1.7
2025-10-25 22:00:00,12.7,181.0,79.8,,1.3
2025-10-25 23:00:00,12.5,278.0,79.6,0.6,2.6
2025-10-26 00:00:00,12.0,318.0,80.4,,1.2
2025-10-26 01:00:00,11.6,244.0,82.9,0.5,1.8
2025-10-26 02:00:00,11.0,279.0,84.6,0.8,1.9
2025-10-26 03:00:00,10.1,284.0,84.7,0.8,2.1
2025-10-26 04:00:00,9.8,251.0,83.1,0.7,2.0
2025-10-26 05:00:00,9.5,229.0,83.0,0.6,2.2
2025-10-26 06:00:00,9.1,239.0,83.6,0.7,2.2
2025-10-26 07:00:00,9.0,234.0,82.4,1.3,4.2
2025-10-26 08:00:00,9.0,254.0,81.6,1.0,3.1
2025-10-26 09:00:00,9.8,234.0,78.6,1.1,3.3
2025-10-26 10:00:00,11.5,246.0,72.4,1.0,3.1
2025-10-26 11:00:00,13.7,238.0,64.3,1.5,4.0
2025-10-26 12:00:00,15.3,242.0,58.2,1.5,5.3
2025-10-26 13:00:00,16.6,237.0,53.6,1.7,5.5
2025-10-26 14:00:00,18.1,235.0,48.2,1.9,5.9
2025-10-26 15:00:00,18.9,235.0,46.7,1.6,5.3
2025-10-26 16:00:00,17.9,272.0,43.8,2.0,6.7
2025-10-26 17:00:00,16.4,303.0,28.4,2.1,6.7
2025-10-26 18:00:00,15.3,312.0,25.9,2.0,6.8
2025-10-26 19:00:00,14.4,321.0,26.6,1.4,4.6
2025-10-26 20:00:00,14.5,335.0,24.4,2.1,7.1
2025-10-26 21:00:00,14.5,325.0,24.6,2.0,6.7
2025-10-26 22:00:00,13.7,345.0,27.8,1.6,5.0
2025-10-26 23:00:00,12.3,342.0,33.6,0.8,2.9
2025-10-27 00:00:00,11.4,321.0,38.5,0.9,3.0
2025-10-27 01:00:00,10.9,281.0,39.7,0.8,2.6
2025-10-27 02:00:00,9.7,93.0,48.1,0.5,2.4
2025-10-27 03:00:00,9.1,343.0,52.4,,1.3
2025-10-27 04:00:00,8.4,22.0,59.3,,1.7
2025-10-27 05:00:00,8.1,341.0,61.1,,1.4
2025-10-27 06:00:00,8.0,359.0,63.3,0.4,1.0
2025-10-27 07:00:00,8.3,336.0,65.8,0.4,1.0
2025-10-27 08:00:00,9.4,359.0,63.8,0.6,1.7
2025-10-27 09:00:00,11.4,39.0,60.1,,1.2
2025-10-27 10:00:00,13.2,218.0,55.7,0.2,1.8
2025-10-27 11:00:00,14.1,351.0,53.1,,2.4
2025-10-27 12:00:00,15.6,228.0,43.3,0.5,2.2
2025-10-27 13:00:00,16.6,243.0,39.0,1.0,5.4
2025-10-27 14:00:00,17.8,251.0,36.5,2.0,5.6
2025-10-27 15:00:00,18.1,253.0,37.8,1.8,5.5
2025-10-27 16:00:00,16.8,263.0,40.6,1.7,4.5
2025-10-27 17:00:00,15.1,258.0,46.5,0.9,2.7
2025-10-27 18:00:00,14.3,248.0,49.3,0.8,2.1
2025-10-27 19:00:00,13.6,272.0,50.2,1.2,3.5
2025-10-27 20:00:00,13.4,273.0,47.3,1.1,3.0
2025-10-27 21:00:00,12.4,270.0,54.3,0.9,3.0
2025-10-27 22:00:00,12.0,234.0,58.6,0.8,2.5
2025-10-27 23:00:00,11.8,234.0,61.2,0.9,2.4
2025-10-28 00:00:00,11.1,255.0,65.9,0.6,2.0
2025-10-28 01:00:00,10.3,43.0,70.5,0.6,2.8
2025-10-28 02:00:00,9.8,62.0,71.2,1.0,2.2
2025-10-28 03:00:00,8.8,55.0,73.7,,1.6
2025-10-28 04:00:00,8.6,319.0,76.5,0.2,1.3
2025-10-28 05:00:00,8.2,328.0,79.2,0.4,1.0
2025-10-28 06:00:00,8.0,10.0,80.0,0.5,1.3
2025-10-28 07:00:00,8.5,335.0,79.3,0.5,1.3
2025-10-28 08:00:00,9.9,15.0,75.0,,1.1
2025-10-28 09:00:00,11.6,107.0,69.8,,1.9
2025-10-28 10:00:00,13.4,101.0,63.6,1.0,2.9
2025-10-28 11:00:00,14.7,78.0,55.2,0.8,2.5
2025-10-28 12:00:00,16.4,112.0,49.2,0.6,2.3
2025-10-28 13:00:00,17.7,170.0,45.3,0.5,2.1
2025-10-28 14:00:00,19.2,131.0,42.1,,2.3
2025-10-28 15:00:00,20.2,51.0,40.1,,1.7
2025-10-28 16:00:00,18.3,256.0,45.1,,2.1
2025-10-28 17:00:00,16.3,125.0,55.4,0.5,1.3
2025-10-28 18:00:00,15.4,152.0,59.8,,1.6
2025-10-28 19:00:00,14.6,105.0,64.5,0.3,1.0
2025-10-28 20:00:00,13.7,32.0,69.6,,2.4
2025-10-28 21:00:00,12.9,51.0,72.7,0.6,1.5
2025-10-28 22:00:00,12.8,68.0,72.8,0.9,1.9
2025-10-28 23:00:00,13.2,71.0,70.9,1.1,2.0
2025-10-29 00:00:00,13.5,70.0,69.1,1.2,2.6
2025-10-29 01:00:00,13.5,84.0,68.3,1.2,3.0
2025-10-29 02:00:00,13.2,92.0,70.7,1.5,3.9
2025-10-29 03:00:00,12.6,90.0,75.9,1.0,3.4
2025-10-29 04:00:00,12.6,64.0,75.4,1.5,3.2
2025-10-29 05:00:00,12.5,81.0,74.3,1.7,3.8
2025-10-29 06:00:00,12.6,56.0,73.8,0.9,2.4
2025-10-29 07:00:00,12.8,41.0,75.4,0.8,2.7
2025-10-29 08:00:00,13.2,60.0,73.3,1.5,3.0
2025-10-29 09:00:00,13.7,83.0,68.5,1.2,3.5
2025-10-29 10:00:00,14.4,89.0,65.0,1.9,5.4
2025-10-29 11:00:00,14.8,92.0,63.7,2.1,5.7
2025-10-29 12:00:00,15.0,94.0,64.7,2.1,4.7
2025-10-29 13:00:00,14.6,97.0,67.9,2.0,4.2
2025-10-29 14:00:00,14.1,73.0,71.8,1.8,4.6
2025-10-29 15:00:00,14.3,77.0,70.1,1.5,4.0
2025-10-29 16:00:00,14.2,87.0,71.4,1.3,3.7
2025-10-29 17:00:00,13.5,65.0,78.9,1.0,2.4
2025-10-29 18:00:00,12.2,50.0,95.3,1.2,3.0
2025-10-29 19:00:00,12.0,2.0,99.3,0.9,2.7
2025-10-29 20:00:00,11.8,25.0,99.4,1.2,3.2
2025-10-29 21:00:00,11.9,43.0,99.4,1.5,3.5
2025-10-29 22:00:00,12.1,73.0,99.4,0.9,2.4
2025-10-29 23:00:00,12.3,65.0,99.4,1.5,3.1
2025-10-30 00:00:00,12.3,17.0,99.4,0.6,1.8
2025-10-30 01:00:00,12.4,48.0,99.4,0.8,2.2
2025-10-30 02:00:00,12.4,58.0,99.4,0.4,2.5
2025-10-30 03:00:00,12.4,300.0,99.4,,2.6
2025-10-30 04:00:00,12.2,309.0,99.4,0.9,3.0
2025-10-30 05:00:00,12.2,70.0,99.4,,1.5
2025-10-30 06:00:00,12.3,314.0,99.4,0.4,1.6
2025-10-30 07:00:00,12.4,288.0,99.4,,1.3
2025-10-30 08:00:00,12.7,13.0,99.4,0.4,1.6
2025-10-30 09:00:00,12.9,47.0,99.4,,1.4
2025-10-30 10:00:00,13.5,63.0,99.4,0.4,2.1
2025-10-30 11:00:00,14.0,331.0,99.4,0.6,2.1
2025-10-30 12:00:00,14.5,246.0,96.6,,1.2
2025-10-30 13:00:00,15.2,244.0,88.6,,1.6
2025-10-30 14:00:00,16.1,234.0,82.6,0.5,1.8
2025-10-30 15:00:00,15.8,207.0,85.3,0.9,3.3
2025-10-30 16:00:00,15.1,193.0,90.4,0.9,2.5
2025-10-30 17:00:00,15.0,260.0,90.7,0.5,1.4
2025-10-30 18:00:00,14.8,268.0,92.1,0.8,1.9
2025-10-30 19:00:00,14.8,274.0,92.1,0.6,1.5
2025-10-30 20:00:00,14.8,239.0,91.5,0.6,1.8
2025-10-30 21:00:00,14.7,251.0,92.0,0.7,1.9
2025-10-30 22:00:00,14.4,234.0,94.7,0.5,1.3
2025-10-30 23:00:00,14.2,266.0,97.9,0.8,1.8
2025-10-31 00:00:00,14.1,248.0,99.0,0.6,1.8
2025-10-31 01:00:00,14.2,271.0,99.1,,1.1
2025-10-31 02:00:00,14.1,281.0,99.2,0.5,1.4
2025-10-31 03:00:00,14.0,290.0,99.3,0.6,1.5
2025-10-31 04:00:00,13.9,308.0,99.3,,1.2
2025-10-31 05:00:00,14.0,267.0,99.3,,2.1
2025-10-31 06:00:00,13.9,289.0,99.3,1.2,3.1
2025-10-31 07:00:00,13.8,355.0,99.3,0.6,1.9
2025-10-31 08:00:00,13.9,10.0,99.3,0.7,2.1
2025-10-31 09:00:00,14.4,349.0,99.3,0.8,2.3
2025-10-31 10:00:00,14.7,332.0,99.3,0.7,2.2
2025-10-31 11:00:00,14.8,351.0,99.3,1.1,2.6
2025-10-31 12:00:00,15.0,25.0,99.3,0.8,2.4
2025-10-31 13:00:00,15.4,5.0,98.1,0.4,1.4
2025-10-31 14:00:00,15.7,58.0,94.9,1.0,2.1
2025-10-31 15:00:00,15.6,46.0,97.7,0.8,1.6
2025-10-31 16:00:00,15.3,41.0,99.3,,1.3
2025-10-31 17:00:00,15.4,352.0,99.3,0.5,1.4
2025-10-31 18:00:00,15.5,357.0,99.3,0.5,1.6
2025-10-31 19:00:00,15.6,7.0,99.2,0.5,1.6
2025-10-31 20:00:00,15.6,27.0,98.4,,2.1
2025-10-31 21:00:00,15.5,,98.3,,0.5
2025-10-31 22:00:00,15.6,303.0,98.6,,0.9
2025-10-31 23:00:00,15.5,262.0,99.0,,1.0
2025-11-01 00:00:00,15.5,334.0,99.2,,0.9
2025-11-01 01:00:00,15.5,1.0,99.3,,1.3
2025-11-01 02:00:00,15.5,13.0,99.3,,1.6
2025-11-01 03:00:00,15.5,64.0,99.3,0.7,1.9
2025-11-01 04:00:00,15.4,109.0,99.3,0.6,1.6
2025-11-01 05:00:00,15.2,196.0,99.3,,2.4
2025-11-01 06:00:00,15.1,223.0,99.3,,1.1
2025-11-01 07:00:00,15.1,238.0,99.3,,1.4
2025-11-01 08:00:00,15.3,267.0,99.3,,1.2
2025-11-01 09:00:00,15.8,289.0,97.4,,1.0
2025-11-01 10:00:00,16.5,8.0,91.5,,1.1
2025-11-01 11:00:00,16.6,359.0,90.0,,1.2
2025-11-01 12:00:00,16.8,337.0,89.7,,1.2
2025-11-01 13:00:00,17.1,55.0,87.7,0.3,1.2
2025-11-01 14:00:00,17.2,100.0,86.5,,0.9
2025-11-01 15:00:00,17.5,116.0,84.0,,1.1
2025-11-01 16:00:00,17.4,178.0,84.9,0.5,2.0
2025-11-01 17:00:00,17.0,216.0,86.9,0.9,2.5
2025-11-01 18:00:00,16.7,208.0,88.3,0.7,2.3
2025-11-01 19:00:00,16.6,271.0,89.6,0.7,2.0
2025-11-01 20:00:00,16.2,287.0,90.6,0.4,1.5
2025-11-01 21:00:00,15.9,1.0,93.4,,0.9
2025-11-01 22:00:00,15.7,278.0,95.8,,1.1
2025-11-01 23:00:00,15.8,297.0,95.3,,1.1
2025-11-02 00:00:00,15.9,95.0,93.8,,1.6
2025-11-02 01:00:00,15.8,100.0,95.9,0.6,1.4
2025-11-02 02:00:00,15.6,87.0,98.5,0.5,1.4
2025-11-02 03:00:00,15.5,52.0,99.3,0.5,1.4
2025-11-02 04:00:00,15.5,79.0,99.3,0.8,2.1
2025-11-02 05:00:00,15.4,103.0,99.3,1.0,2.5
2025-11-02 06:00:00,15.3,101.0,99.3,1.0,2.8
2025-11-02 07:00:00,15.3,107.0,99.3,1.9,4.6
2025-11-02 08:00:00,15.3,104.0,99.3,2.4,4.9
2025-11-02 09:00:00,15.3,106.0,99.3,2.4,5.2
2025-11-02 10:00:00,15.4,110.0,99.3,2.3,5.4
2025-11-02 11:00:00,15.5,101.0,99.3,2.5,6.1
2025-11-02 12:00:00,15.7,104.0,98.4,2.0,4.3
2025-11-02 13:00:00,15.9,97.0,97.2,2.3,4.6
2025-11-02 14:00:00,15.8,105.0,96.0,2.4,5.2
2025-11-02 15:00:00,15.4,119.0,99.3,1.8,4.5
2025-11-02 16:00:00,15.2,169.0,99.3,0.7,3.2
2025-11-02 17:00:00,15.2,350.0,99.4,0.2,3.7
2025-11-02 18:00:00,14.8,272.0,99.4,1.0,2.9
2025-11-02 19:00:00,13.1,283.0,99.3,1.0,3.3
2025-11-02 20:00:00,12.3,251.0,99.0,0.9,2.6
2025-11-02 21:00:00,11.9,259.0,95.5,0.7,3.0
2025-11-02 22:00:00,11.3,267.0,90.3,1.2,3.6
2025-11-02 23:00:00,11.2,286.0,86.4,1.2,3.4
2025-11-03 00:00:00,11.0,,84.3,,4.1
2025-11-03 01:00:00,11.1,268.0,79.5,1.3,4.2
2025-11-03 02:00:00,10.5,271.0,80.7,0.9,2.7
2025-11-03 03:00:00,10.3,273.0,79.9,1.1,3.8
2025-11-03 04:00:00,10.0,262.0,76.7,1.4,5.2
2025-11-03 05:00:00,10.8,275.0,64.1,1.3,3.9
2025-11-03 06:00:00,10.6,356.0,63.0,0.2,5.6
2025-11-03 07:00:00,11.0,341.0,61.6,,2.5
2025-11-03 08:00:00,11.7,108.0,63.7,,1.5
2025-11-03 09:00:00,13.5,98.0,54.1,0.8,2.3
2025-11-03 10:00:00,14.9,119.0,48.1,0.8,2.6
2025-11-03 11:00:00,16.3,121.0,41.2,1.0,2.8
2025-11-03 12:00:00,17.9,145.0,37.7,0.7,2.7
2025-11-03 13:00:00,18.6,159.0,36.8,1.1,3.6
2025-11-03 14:00:00,19.3,160.0,32.3,1.0,3.8
2025-11-03 15:00:00,18.7,188.0,35.8,1.2,3.6
2025-11-03 16:00:00,16.6,201.0,47.3,1.3,2.8
2025-11-03 17:00:00,15.0,210.0,56.3,,1.8
2025-11-03 18:00:00,13.7,356.0,66.0,0.6,1.1
2025-11-03 19:00:00,12.9,1.0,70.5,0.7,1.5
2025-11-03 20:00:00,12.2,20.0,75.9,0.4,1.0
2025-11-03 21:00:00,11.5,339.0,77.8,0.5,1.6
2025-11-03 22:00:00,10.8,337.0,80.4,0.5,1.2
2025-11-03 23:00:00,10.5,317.0,80.4,,1.4
2025-11-04 00:00:00,9.9,344.0,80.9,0.5,1.3
2025-11-04 01:00:00,9.4,9.0,81.6,0.3,1.4
2025-11-04 02:00:00,9.0,321.0,80.2,,1.4
2025-11-04 03:00:00,8.6,323.0,80.2,0.6,1.4
2025-11-04 04:00:00,8.2,327.0,78.5,,0.8
2025-11-04 05:00:00,7.9,357.0,79.3,,0.9
2025-11-04 06:00:00,8.0,349.0,79.7,,0.6
2025-11-04 07:00:00,8.2,357.0,80.9,0.4,0.9
2025-11-04 08:00:00,9.9,48.0,72.0,0.5,1.7
2025-11-04 09:00:00,11.7,93.0,61.5,1.1,2.7
2025-11-04 10:00:00,12.9,109.0,58.9,0.9,3.1
2025-11-04 11:00:00,14.0,96.0,55.3,1.8,4.0
2025-11-04 12:00:00,14.7,97.0,56.1,1.2,3.5
2025-11-04 13:00:00,15.5,100.0,54.7,0.8,3.2
2025-11-04 14:00:00,17.0,73.0,48.5,0.4,2.1
2025-11-04 15:00:00,18.0,98.0,47.2,0.8,2.2
2025-11-04 16:00:00,15.5,109.0,56.8,0.7,1.9
2025-11-04 17:00:00,14.0,88.0,64.0,0.6,1.1
2025-11-04 18:00:00,13.1,126.0,70.3,,0.7
2025-11-04 19:00:00,12.5,,75.4,,0.5
2025-11-04 20:00:00,11.9,355.0,80.1,,1.1
2025-11-04 21:00:00,11.1,337.0,81.9,0.6,1.4
2025-11-04 22:00:00,10.4,333.0,84.6,,0.7
2025-11-04 23:00:00,9.9,338.0,86.0,0.4,0.9
2025-11-05 00:00:00,9.2,332.0,85.6,0.4,1.0
2025-11-05 01:00:00,8.4,337.0,87.8,0.3,0.9
2025-11-05 02:00:00,8.2,301.0,88.2,0.6,1.2
2025-11-05 03:00:00,7.9,294.0,88.4,0.6,1.5
2025-11-05 04:00:00,7.6,291.0,87.3,0.5,1.0
2025-11-05 05:00:00,7.5,283.0,88.2,0.6,1.0
2025-11-05 06:00:00,7.4,298.0,89.0,0.5,1.1
2025-11-05 07:00:00,7.5,303.0,88.0,0.7,1.4
2025-11-05 08:00:00,8.2,296.0,83.4,0.7,1.7
2025-11-05 09:00:00,9.6,228.0,76.4,,1.7
2025-11-05 10:00:00,11.3,244.0,67.0,0.8,2.0
2025-11-05 11:00:00,12.9,234.0,60.9,0.7,2.4
2025-11-05 12:00:00,14.1,225.0,57.6,0.8,3.0
2025-11-05 13:00:00,15.4,217.0,53.3,0.4,2.6
2025-11-05 14:00:00,16.6,244.0,47.9,0.6,2.3
2025-11-05 15:00:00,16.9,222.0,48.9,0.7,2.8
2025-11-05 16:00:00,14.8,240.0,57.2,0.5,2.2
2025-11-05 17:00:00,13.5,231.0,64.9,0.6,2.0
2025-11-05 18:00:00,12.7,254.0,69.4,0.6,1.5
2025-11-05 19:00:00,11.9,271.0,74.3,0.5,0.9
2025-11-05 20:00:00,11.1,344.0,78.4,,1.4
2025-11-05 21:00:00,10.4,263.0,81.8,,0.7
2025-11-05 22:00:00,9.8,333.0,84.9,0.4,0.8
2025-11-05 23:00:00,9.1,332.0,86.8,0.4,0.9
2025-11-06 00:00:00,8.5,320.0,87.8,0.5,1.1
2025-11-06 01:00:00,8.0,299.0,88.5,0.5,1.0
2025-11-06 02:00:00,7.4,324.0,90.2,,0.8
2025-11-06 03:00:00,7.0,326.0,89.8,,0.6
2025-11-06 04:00:00,6.9,321.0,88.3,,1.1
2025-11-06 05:00:00,6.6,305.0,86.9,0.5,1.0
2025-11-06 06:00:00,6.4,330.0,86.7,,0.6
2025-11-06 07:00:00,6.7,337.0,85.6,0.4,1.1
2025-11-06 08:00:00,7.6,286.0,80.4,0.4,1.5
2025-11-06 09:00:00,9.3,305.0,74.0,,1.3
2025-11-06 10:00:00,11.3,229.0,67.2,0.5,2.5
2025-11-06 11:00:00,12.6,236.0,60.5,0.6,1.9
2025-11-06 12:00:00,13.9,244.0,55.8,0.7,2.7
2025-11-06 13:00:00,15.0,214.0,52.6,0.8,2.9
2025-11-06 14:00:00,15.7,246.0,50.2,0.8,2.6
2025-11-06 15:00:00,15.2,203.0,52.6,,1.6
2025-11-06 16:00:00,14.1,173.0,56.4,0.5,2.4
2025-11-06 17:00:00,13.0,236.0,63.9,0.7,2.5
2025-11-06 18:00:00,12.2,328.0,69.9,0.2,1.2
2025-11-06 19:00:00,11.8,10.0,73.3,0.5,1.3
2025-11-06 20:00:00,11.2,12.0,74.7,,1.4
2025-11-06 21:00:00,10.8,42.0,77.0,,1.2
2025-11-06 22:00:00,10.5,18.0,79.1,0.5,0.8
2025-11-06 23:00:00,9.8,349.0,82.4,,1.3
2025-11-07 00:00:00,9.2,353.0,84.3,,1.3
2025-11-07 01:00:00,8.8,347.0,85.4,0.5,1.0
2025-11-07 02:00:00,8.3,296.0,87.1,0.3,1.1
2025-11-07 03:00:00,8.0,354.0,87.1,,1.5
2025-11-07 04:00:00,7.4,342.0,87.9,,1.3
2025-11-07 05:00:00,7.1,354.0,88.0,,1.2
2025-11-07 06:00:00,7.0,343.0,86.1,0.5,1.6
2025-11-07 07:00:00,7.0,3.0,85.2,0.6,1.6
2025-11-07 08:00:00,8.1,104.0,81.0,,1.0
2025-11-07 09:00:00,10.7,80.0,67.5,1.2,3.5
2025-11-07 10:00:00,12.0,84.0,62.4,1.7,3.5
2025-11-07 11:00:00,12.8,93.0,59.7,2.3,5.5
2025-11-07 12:00:00,13.5,101.0,54.7,2.6,5.3
2025-11-07 13:00:00,14.1,92.0,53.1,1.7,4.0
2025-11-07 14:00:00,14.1,113.0,53.8,0.7,3.2
2025-11-07 15:00:00,14.0,146.0,51.4,0.9,3.0
2025-11-07 16:00:00,12.9,144.0,58.1,0.7,2.3
2025-11-07 17:00:00,11.8,179.0,67.4,,1.5
2025-11-07 18:00:00,11.2,48.0,72.4,0.6,1.2
2025-11-07 19:00:00,10.6,55.0,75.3,0.6,1.1
2025-11-07 20:00:00,10.2,10.0,77.9,,1.1
2025-11-07 21:00:00,9.4,353.0,80.6,0.5,1.4
2025-11-07 22:00:00,8.7,7.0,82.8,,1.2
2025-11-07 23:00:00,8.3,330.0,83.5,0.5,1.4
2025-11-08 00:00:00,7.8,312.0,83.4,0.5,1.4
2025-11-08 01:00:00,7.4,313.0,83.5,0.7,1.4
2025-11-08 02:00:00,7.0,304.0,83.6,,1.3
2025-11-08 03:00:00,7.0,311.0,83.6,0.9,1.8
2025-11-08 04:00:00,6.6,299.0,84.7,,1.1
2025-11-08 05:00:00,6.3,283.0,85.9,,1.2
2025-11-08 06:00:00,6.3,347.0,87.3,0.4,1.0
2025-11-08 07:00:00,6.2,335.0,87.7,0.5,1.3
2025-11-08 08:00:00,6.8,3.0,84.4,,1.1
2025-11-08 09:00:00,8.8,68.0,77.6,0.5,1.7
2025-11-08 10:00:00,10.5,87.0,69.9,1.0,2.6
2025-11-08 11:00:00,11.9,65.0,64.1,,2.0
2025-11-08 12:00:00,13.1,103.0,59.5,0.6,2.0
2025-11-08 13:00:00,14.0,136.0,58.2,0.5,2.8
2025-11-08 14:00:00,13.5,98.0,60.6,1.0,2.8
2025-11-08 15:00:00,13.8,97.0,58.9,1.2,2.4
2025-11-08 16:00:00,12.9,130.0,62.2,0.7,2.0
2025-11-08 17:00:00,11.9,125.0,66.6,1.0,2.3
2025-11-08 18:00:00,11.3,110.0,72.6,1.0,1.8
2025-11-08 19:00:00,10.6,76.0,77.5,1.2,2.2
2025-11-08 20:00:00,10.4,57.0,81.9,0.6,1.9
2025-11-08 21:00:00,10.1,34.0,83.5,,1.0
2025-11-08 22:00:00,9.3,343.0,86.8,,0.9
2025-11-08 23:00:00,8.9,359.0,89.1,,0.9
2025-11-09 00:00:00,8.7,,90.2,,0.7
2025-11-09 01:00:00,8.7,316.0,90.0,,0.8
2025-11-09 02:00:00,9.1,303.0,88.7,,1.1
2025-11-09 03:00:00,9.6,261.0,86.1,,1.2
2025-11-09 04:00:00,9.5,251.0,86.1,,1.0
2025-11-09 05:00:00,9.2,259.0,88.4,,0.9
2025-11-09 06:00:00,9.6,236.0,86.2,0.5,1.3
2025-11-09 07:00:00,9.1,198.0,88.4,,1.1
2025-11-09 08:00:00,9.2,249.0,89.6,0.6,1.8
2025-11-09 09:00:00,9.9,234.0,84.6,,1.8
2025-11-09 10:00:00,11.2,191.0,76.8,,1.1
2025-11-09 11:00:00,12.3,149.0,71.8,0.4,2.3
2025-11-09 12:00:00,13.2,191.0,66.0,0.5,2.6
2025-11-09 13:00:00,13.7,55.0,60.9,,1.6
2025-11-09 14:00:00,14.0,256.0,58.7,,1.7
2025-11-09 15:00:00,14.3,64.0,58.6,0.3,2.6
2025-11-09 16:00:00,13.0,207.0,62.8,0.5,1.6
2025-11-09 17:00:00,12.0,201.0,67.3,0.7,1.8
2025-11-09 18:00:00,11.4,199.0,70.4,0.6,1.6
2025-11-09 19:00:00,10.9,198.0,73.9,,1.2
2025-11-09 20:00:00,10.1,331.0,79.4,,1.4
2025-11-09 21:00:00,9.4,334.0,82.9,,0.7
2025-11-09 22:00:00,8.8,314.0,85.4,,1.1
2025-11-09 23:00:00,8.4,303.0,86.4,0.5,1.5
2025-11-10 00:00:00,8.4,276.0,85.9,0.5,1.3
2025-11-10 01:00:00,7.8,293.0,87.2,0.4,1.1
2025-11-10 02:00:00,7.4,315.0,88.8,,1.4
2025-11-10 03:00:00,7.0,266.0,90.4,0.7,1.6
2025-11-10 04:00:00,7.0,322.0,90.2,0.2,1.7
2025-11-10 05:00:00,6.5,293.0,92.0,0.7,1.6
2025-11-10 06:00:00,6.4,264.0,91.5,0.6,1.5
2025-11-10 07:00:00,6.4,268.0,89.8,0.6,1.9
2025-11-10 08:00:00,7.1,252.0,86.2,1.0,3.4
2025-11-10 09:00:00,7.9,230.0,81.3,0.8,2.0
2025-11-10 10:00:00,10.0,236.0,72.4,1.0,2.9
2025-11-10 11:00:00,11.5,240.0,67.5,1.5,3.9
2025-11-10 12:00:00,12.6,239.0,65.4,1.3,3.8
2025-11-10 13:00:00,13.9,240.0,61.6,1.4,4.0
2025-11-10 14:00:00,15.0,223.0,58.1,1.0,3.7
2025-11-10 15:00:00,14.9,225.0,57.7,0.8,2.7
2025-11-10 16:00:00,13.5,229.0,64.1,0.9,3.0
2025-11-10 17:00:00,12.2,236.0,70.4,0.6,1.8
2025-11-10 18:00:00,11.6,243.0,74.2,0.6,1.6
2025-11-10 19:00:00,11.0,261.0,76.9,0.6,1.3
2025-11-10 20:00:00,10.4,272.0,80.2,0.5,1.1
2025-11-10 21:00:00,9.7,280.0,83.7,0.6,1.2
2025-11-10 22:00:00,9.3,267.0,85.0,0.6,1.2
2025-11-10 23:00:00,8.7,307.0,85.5,0.6,1.5
2025-11-11 00:00:00,8.3,310.0,86.7,0.4,1.2
2025-11-11 01:00:00,7.7,314.0,87.9,0.5,1.2
2025-11-11 02:00:00,7.4,294.0,89.0,0.5,1.4
2025-11-11 03:00:00,6.9,309.0,88.6,,1.4
2025-11-11 04:00:00,6.9,,87.4,,0.8
2025-11-11 05:00:00,6.8,329.0,88.7,0.4,0.9
2025-11-11 06:00:00,6.7,339.0,87.0,,0.9
2025-11-11 07:00:00,7.0,334.0,84.8,0.5,1.1
2025-11-11 08:00:00,7.8,330.0,81.4,,0.9
2025-11-11 09:00:00,9.8,63.0,73.8,,1.1
2025-11-11 10:00:00,11.9,109.0,68.6,0.5,1.6
2025-11-11 11:00:00,13.3,196.0,61.7,0.3,1.8
2025-11-11 12:00:00,14.5,211.0,56.3,0.6,2.4
2025-11-11 13:00:00,16.0,240.0,53.9,0.9,3.3
2025-11-11 14:00:00,16.9,252.0,55.7,1.3,4.1
2025-11-11 15:00:00,16.6,235.0,57.2,1.2,3.4
2025-11-11 16:00:00,15.0,251.0,64.5,0.6,2.3
2025-11-11 17:00:00,13.8,236.0,71.7,,0.6
2025-11-11 18:00:00,12.9,,76.8,,0.4
2025-11-11 19:00:00,12.3,202.0,80.4,,1.6
2025-11-11 20:00:00,12.2,231.0,80.3,,1.5
2025-11-11 21:00:00,11.5,341.0,82.6,0.6,1.6
2025-11-11 22:00:00,11.0,342.0,82.4,0.4,1.6
2025-11-11 23:00:00,10.3,347.0,82.9,,1.6
2025-11-12 00:00:00,10.4,0.0,82.3,,2.2
2025-11-12 01:00:00,10.8,291.0,79.8,,1.1
2025-11-12 02:00:00,10.6,306.0,78.9,0.6,1.6
2025-11-12 03:00:00,10.1,299.0,80.1,,1.2
2025-11-12 04:00:00,9.7,285.0,82.6,0.6,1.3
2025-11-12 05:00:00,9.6,301.0,82.1,0.6,1.3
2025-11-12 06:00:00,9.6,356.0,81.1,,1.5
2025-11-12 07:00:00,10.0,350.0,79.4,,1.9
2025-11-12 08:00:00,10.6,291.0,77.3,0.5,1.3
2025-11-12 09:00:00,10.8,291.0,76.5,0.6,1.4
2025-11-12 10:00:00,12.0,267.0,71.3,0.5,1.6
2025-11-12 11:00:00,13.9,283.0,62.6,0.7,2.1
2025-11-12 12:00:00,15.1,280.0,55.3,0.8,2.8
2025-11-12 13:00:00,16.6,286.0,55.3,1.0,3.7
2025-11-12 14:00:00,17.7,240.0,53.8,0.7,3.5
2025-11-12 15:00:00,17.1,244.0,55.2,0.8,2.3
2025-11-12 16:00:00,15.7,244.0,60.6,0.9,2.2
2025-11-12 17:00:00,14.7,236.0,65.9,0.6,1.6
2025-11-12 18:00:00,14.1,222.0,67.4,0.6,2.8
2025-11-12 19:00:00,13.8,251.0,66.5,0.8,2.6
2025-11-12 20:00:00,13.6,234.0,67.4,0.6,1.8
2025-11-12 21:00:00,13.4,257.0,68.1,1.0,2.6
2025-11-12 22:00:00,12.8,261.0,71.8,0.6,1.7
2025-11-12 23:00:00,12.2,288.0,76.5,0.5,1.5
2025-11-13 00:00:00,12.0,296.0,78.4,0.5,1.2
2025-11-13 01:00:00,11.8,308.0,77.9,0.6,1.6
2025-11-13 02:00:00,11.2,286.0,77.2,0.7,1.8
2025-11-13 03:00:00,10.6,284.0,79.8,0.6,1.3
2025-11-13 04:00:00,10.1,285.0,80.6,0.5,1.4
2025-11-13 05:00:00,9.8,278.0,81.2,0.5,1.3
2025-11-13 06:00:00,9.3,285.0,82.9,0.7,1.5
2025-11-13 07:00:00,9.4,269.0,81.8,0.4,1.4
2025-11-13 08:00:00,10.2,303.0,77.7,0.6,1.5
2025-11-13 09:00:00,11.1,277.0,73.6,0.4,1.5
2025-11-13 10:00:00,12.8,87.0,67.5,,1.6
2025-11-13 11:00:00,14.2,199.0,61.7,0.5,2.3
2025-11-13 12:00:00,15.1,220.0,60.5,0.9,2.5
2025-11-13 13:00:00,15.9,220.0,57.9,0.8,2.4
2025-11-13 14:00:00,16.0,213.0,57.9,0.7,2.4
2025-11-13 15:00:00,15.9,248.0,57.8,0.7,2.3
2025-11-13 16:00:00,15.2,,62.0,,1.9
2025-11-13 17:00:00,14.4,235.0,65.0,0.7,2.3
2025-11-13 18:00:00,13.7,258.0,69.0,0.8,1.9
2025-11-13 19:00:00,13.5,254.0,69.4,0.6,1.7
2025-11-13 20:00:00,13.8,233.0,68.8,0.6,2.0
2025-11-13 21:00:00,13.9,238.0,69.1,0.5,1.4
2025-11-13 22:00:00,13.9,255.0,69.9,0.6,1.5
2025-11-13 23:00:00,13.7,259.0,71.5,,1.4
2025-11-14 00:00:00,13.6,344.0,72.8,0.4,1.1
2025-11-14 01:00:00,13.5,14.0,74.1,0.4,1.4
2025-11-14 02:00:00,13.4,76.0,74.5,0.7,1.4
2025-11-14 03:00:00,13.3,94.0,73.9,1.0,2.5
2025-11-14 04:00:00,12.9,93.0,76.9,0.9,1.9
2025-11-14 05:00:00,12.7,56.0,78.1,0.7,1.6
2025-11-14 06:00:00,12.5,70.0,80.2,0.9,1.8
2025-11-14 07:00:00,12.4,67.0,81.7,0.8,2.0
2025-11-14 08:00:00,12.6,82.0,82.5,1.0,2.1
2025-11-14 09:00:00,13.1,67.0,80.3,0.8,1.9
2025-11-14 10:00:00,13.8,91.0,76.1,0.7,1.9
2025-11-14 11:00:00,14.1,78.0,74.4,0.5,1.6
2025-11-14 12:00:00,14.3,73.0,72.9,,1.6
2025-11-14 13:00:00,14.6,252.0,70.8,,1.3
2025-11-14 14:00:00,14.8,242.0,71.2,,1.4
2025-11-14 15:00:00,14.8,278.0,70.9,,1.2
2025-11-14 16:00:00,14.6,243.0,73.9,0.7,1.8
2025-11-14 17:00:00,14.2,251.0,78.2,0.6,1.6
2025-11-14 18:00:00,14.1,259.0,79.1,0.8,1.9
2025-11-14 19:00:00,13.9,237.0,80.8,0.7,2.0
2025-11-14 20:00:00,14.0,228.0,79.5,0.5,1.6
2025-11-14 21:00:00,13.8,273.0,80.1,0.3,1.6
2025-11-14 22:00:00,13.8,59.0,80.2,0.8,2.7
2025-11-14 23:00:00,13.2,86.0,86.2,1.6,3.9
2025-11-15 00:00:00,12.3,85.0,92.0,1.5,3.4
2025-11-15 01:00:00,11.7,75.0,97.8,1.7,3.7
2025-11-15 02:00:00,11.4,78.0,99.2,2.1,4.7
2025-11-15 03:00:00,11.3,81.0,99.4,1.8,4.3
2025-11-15 04:00:00,11.0,81.0,99.4,2.3,6.3
2025-11-15 05:00:00,10.7,80.0,99.4,2.3,5.3
2025-11-15 06:00:00,10.4,107.0,99.4,2.4,6.6
2025-11-15 07:00:00,10.5,91.0,99.4,2.1,5.8
2025-11-15 08:00:00,10.8,88.0,98.6,1.9,4.7
2025-11-15 09:00:00,11.1,97.0,94.7,1.6,4.2
2025-11-15 10:00:00,11.2,96.0,94.0,1.7,4.8
2025-11-15 11:00:00,11.5,97.0,91.4,1.3,3.6
2025-11-15 12:00:00,12.2,74.0,85.7,1.4,3.5
2025-11-15 13:00:00,12.6,59.0,81.0,0.9,2.7
2025-11-15 14:00:00,12.3,86.0,87.6,1.1,2.7
2025-11-15 15:00:00,12.0,91.0,92.9,1.1,3.0
2025-11-15 16:00:00,11.4,81.0,99.3,1.3,3.6
2025-11-15 17:00:00,11.1,64.0,99.4,0.6,3.3
2025-11-15 18:00:00,11.4,109.0,99.4,0.9,2.3
2025-11-15 19:00:00,11.4,122.0,99.4,1.0,2.3
2025-11-15 20:00:00,11.6,119.0,99.4,0.8,1.7
2025-11-15 21:00:00,11.6,112.0,99.4,0.7,2.0
2025-11-15 22:00:00,11.6,118.0,99.4,0.6,1.7
2025-11-15 23:00:00,11.6,66.0,99.4,1.0,2.0
2025-11-16 00:00:00,11.4,62.0,99.4,0.8,1.9
2025-11-16 01:00:00,11.5,71.0,99.4,1.0,2.2
2025-11-16 02:00:00,11.7,105.0,99.4,0.8,2.3
2025-11-16 03:00:00,11.7,81.0,99.4,1.1,2.3
2025-11-16 04:00:00,11.7,87.0,99.4,1.1,2.9
2025-11-16 05:00:00,11.7,98.0,99.4,1.1,2.4
2025-11-16 06:00:00,11.6,131.0,99.4,0.5,1.8
2025-11-16 07:00:00,11.7,189.0,99.4,,1.1
2025-11-16 08:00:00,11.6,280.0,99.4,,1.2
2025-11-16 09:00:00,11.7,33.0,99.4,,1.7
2025-11-16 10:00:00,11.8,87.0,99.4,0.5,2.0
2025-11-16 11:00:00,12.0,70.0,99.4,0.9,2.9
2025-11-16 12:00:00,12.1,85.0,99.4,1.8,4.3
2025-11-16 13:00:00,12.0,116.0,99.4,1.4,4.1
2025-11-16 14:00:00,12.0,112.0,99.4,1.2,3.0
2025-11-16 15:00:00,11.9,115.0,99.5,1.8,4.0
2025-11-16 16:00:00,12.1,113.0,99.5,1.3,2.9
2025-11-16 17:00:00,12.2,72.0,99.5,1.0,3.0
2025-11-16 18:00:00,12.3,61.0,99.5,1.2,3.2
2025-11-16 19:00:00,12.4,120.0,99.5,1.3,3.6
2025-11-16 20:00:00,12.5,70.0,99.5,0.9,3.4
2025-11-16 21:00:00,12.4,34.0,99.5,1.1,3.7
2025-11-16 22:00:00,12.1,62.0,99.5,1.4,3.4
2025-11-16 23:00:00,12.0,68.0,99.5,1.4,3.5
2025-11-17 00:00:00,11.8,92.0,99.5,1.6,4.4
2025-11-17 01:00:00,11.2,168.0,99.5,0.8,3.2
2025-11-17 02:00:00,11.0,212.0,99.5,,1.9
2025-11-17 03:00:00,11.0,262.0,99.5,0.6,2.2
2025-11-17 04:00:00,11.0,244.0,99.5,0.6,2.1
2025-11-17 05:00:00,11.0,229.0,99.5,0.8,1.8
2025-11-17 06:00:00,11.0,218.0,99.4,0.6,2.5
2025-11-17 07:00:00,11.0,232.0,99.4,0.9,2.8
2025-11-17 08:00:00,11.1,233.0,99.4,1.1,3.3
2025-11-17 09:00:00,11.6,240.0,99.4,1.1,4.2
2025-11-17 10:00:00,12.1,245.0,99.3,1.5,4.3
2025-11-17 11:00:00,12.4,251.0,95.5,1.7,4.4
2025-11-17 12:00:00,12.8,279.0,90.4,1.1,3.2
2025-11-17 13:00:00,13.7,301.0,81.5,1.0,3.9
2025-11-17 14:00:00,14.8,333.0,75.5,1.2,3.7
2025-11-17 15:00:00,14.9,330.0,75.8,0.9,3.5
2025-11-17 16:00:00,14.0,303.0,79.9,,1.4
2025-11-17 17:00:00,13.3,285.0,84.6,0.6,1.8
2025-11-17 18:00:00,13.5,268.0,84.3,0.8,2.4
2025-11-17 19:00:00,13.2,268.0,87.8,0.9,2.6
2025-11-17 20:00:00,12.7,281.0,89.5,0.6,2.2
2025-11-17 21:00:00,12.3,353.0,71.3,1.7,8.8
2025-11-17 22:00:00,12.7,357.0,34.1,3.3,9.9
2025-11-17 23:00:00,11.6,11.0,34.2,1.5,6.1
2025-11-18 00:00:00,10.5,340.0,35.9,1.1,3.3
2025-11-18 01:00:00,10.5,339.0,34.4,1.1,4.9
2025-11-18 02:00:00,9.5,320.0,38.9,1.2,3.2
2025-11-18 03:00:00,9.0,308.0,40.0,1.5,3.0
2025-11-18 04:00:00,8.3,280.0,45.7,0.7,2.0
2025-11-18 05:00:00,7.9,294.0,50.0,0.4,2.0
2025-11-18 06:00:00,8.1,92.0,53.7,1.2,2.5
2025-11-18 07:00:00,9.3,79.0,55.3,1.6,4.7
2025-11-18 08:00:00,10.2,83.0,69.9,2.5,8.1
2025-11-18 09:00:00,10.4,85.0,76.3,3.2,8.0
2025-11-18 10:00:00,10.5,66.0,73.8,3.0,7.3
2025-11-18 11:00:00,10.8,75.0,69.4,3.1,8.4
2025-11-18 12:00:00,11.3,85.0,63.4,3.4,7.6
2025-11-18 13:00:00,11.7,99.0,56.6,3.4,8.4
2025-11-18 14:00:00,12.4,103.0,52.1,2.1,5.6
2025-11-18 15:00:00,11.5,108.0,54.8,2.0,5.0
2025-11-18 16:00:00,10.4,106.0,59.6,2.0,5.2
2025-11-18 17:00:00,9.7,111.0,65.3,1.7,3.9
2025-11-18 18:00:00,9.3,111.0,68.2,1.7,3.2
2025-11-18 19:00:00,9.2,107.0,68.9,1.5,3.2
2025-11-18 20:00:00,8.7,100.0,70.7,1.6,3.5
2025-11-18 21:00:00,8.2,42.0,72.5,0.5,1.8
2025-11-18 22:00:00,8.8,70.0,70.4,1.0,2.7
2025-11-18 23:00:00,8.9,77.0,67.8,1.5,3.1
2025-11-19 00:00:00,8.7,88.0,65.7,1.4,3.7
2025-11-19 01:00:00,8.4,79.0,64.8,1.5,3.3
2025-11-19 02:00:00,8.1,88.0,66.0,1.2,2.8
2025-11-19 03:00:00,7.3,93.0,66.8,1.0,2.3
2025-11-19 04:00:00,6.6,100.0,67.2,1.2,3.1
2025-11-19 05:00:00,6.8,91.0,67.8,1.0,3.1
2025-11-19 06:00:00,6.8,65.0,67.1,1.3,3.0
2025-11-19 07:00:00,6.7,65.0,67.9,1.4,2.8
2025-11-19 08:00:00,7.1,69.0,66.1,1.5,3.1
2025-11-19 09:00:00,7.6,69.0,64.2,1.8,3.4
2025-11-19 10:00:00,8.6,90.0,58.4,1.9,4.8
2025-11-19 11:00:00,8.9,107.0,58.4,1.7,4.5
2025-11-19 12:00:00,9.3,92.0,57.4,1.6,4.3
2025-11-19 13:00:00,9.8,89.0,54.5,1.7,4.5
2025-11-19 14:00:00,10.2,84.0,51.4,1.6,4.8
2025-11-19 15:00:00,9.6,100.0,54.7,1.6,3.8
2025-11-19 16:00:00,8.9,102.0,59.8,1.8,3.8
2025-11-19 17:00:00,8.4,110.0,64.8,2.0,3.8
2025-11-19 18:00:00,8.4,111.0,61.4,1.9,3.7
2025-11-19 19:00:00,8.4,85.0,66.6,1.8,4.3
2025-11-19 20:00:00,8.1,96.0,69.4,2.1,4.3
2025-11-19 21:00:00,8.0,90.0,70.4,2.1,4.8
2025-11-19 22:00:00,7.7,104.0,65.9,3.1,6.4
2025-11-19 23:00:00,7.5,75.0,64.6,1.8,4.2
2025-11-20 00:00:00,7.3,74.0,66.2,1.8,4.8
2025-11-20 01:00:00,7.2,51.0,69.2,1.3,3.7
2025-11-20 02:00:00,7.2,49.0,69.2,0.7,2.3
2025-11-20 03:00:00,7.2,92.0,69.3,1.3,3.1
2025-11-20 04:00:00,7.0,106.0,72.8,1.1,2.5
2025-11-20 05:00:00,6.6,123.0,78.9,,1.5
2025-11-20 06:00:00,6.2,302.0,85.3,0.8,2.2
2025-11-20 07:00:00,6.1,295.0,84.5,0.5,1.5
2025-11-20 08:00:00,6.4,290.0,77.8,0.9,2.3
2025-11-20 09:00:00,6.7,252.0,73.9,1.2,4.0
2025-11-20 10:00:00,7.4,228.0,70.5,1.4,4.5
2025-11-20 11:00:00,8.0,246.0,68.4,1.7,5.4
2025-11-20 12:00:00,8.3,227.0,65.5,1.6,4.9
2025-11-20 13:00:00,9.2,238.0,62.5,1.0,3.5
2025-11-20 14:00:00,9.4,229.0,61.2,,2.7
2025-11-20 15:00:00,9.1,207.0,62.1,0.5,2.1
2025-11-20 16:00:00,8.8,201.0,64.2,,2.0
2025-11-20 17:00:00,8.4,135.0,67.1,0.6,2.3
2025-11-20 18:00:00,8.1,208.0,69.0,0.4,1.5
2025-11-20 19:00:00,8.1,346.0,69.5,,1.1
2025-11-20 20:00:00,7.9,62.0,72.6,0.6,1.5
2025-11-20 21:00:00,7.8,48.0,73.6,0.4,1.3
2025-11-20 22:00:00,7.6,18.0,74.6,,1.2
2025-11-20 23:00:00,7.4,341.0,76.7,0.3,1.2
2025-11-21 00:00:00,7.3,37.0,78.0,0.7,2.4
2025-11-21 01:00:00,7.1,58.0,79.0,0.8,2.4
2025-11-21 02:00:00,6.9,85.0,81.1,0.6,1.6
2025-11-21 03:00:00,6.7,231.0,82.0,,2.2
2025-11-21 04:00:00,6.7,175.0,83.2,0.1,3.3
2025-11-21 05:00:00,6.7,82.0,84.1,1.2,4.1
2025-11-21 06:00:00,6.3,91.0,87.6,0.7,3.2
2025-11-21 07:00:00,5.7,61.0,89.9,1.6,5.6
2025-11-21 08:00:00,4.9,44.0,86.4,3.1,6.9
2025-11-21 09:00:00,4.0,13.0,87.0,2.9,9.4
2025-11-21 10:00:00,2.9,8.0,95.0,2.3,5.1
2025-11-21 11:00:00,3.1,22.0,98.8,1.6,4.2
2025-11-21 12:00:00,3.5,25.0,98.6,1.9,5.9
2025-11-21 13:00:00,3.5,4.0,98.5,1.4,3.5
2025-11-21 14:00:00,3.5,11.0,99.3,1.0,2.7
2025-11-21 15:00:00,3.0,1.0,99.4,1.3,4.0
2025-11-21 16:00:00,2.9,356.0,99.4,1.4,3.4
2025-11-21 17:00:00,3.2,346.0,99.4,0.9,2.8
2025-11-21 18:00:00,3.4,305.0,99.4,0.8,2.7
2025-11-21 19:00:00,3.7,314.0,99.1,0.7,2.6
2025-11-21 20:00:00,4.2,302.0,96.4,1.0,3.0
2025-11-21 21:00:00,4.1,295.0,89.3,1.2,3.8
2025-11-21 22:00:00,4.0,281.0,85.2,0.8,2.3
2025-11-21 23:00:00,4.4,288.0,76.7,0.8,2.1
2025-11-22 00:00:00,4.4,304.0,72.2,0.8,2.5
2025-11-22 01:00:00,3.8,313.0,75.1,0.5,1.5
2025-11-22 02:00:00,3.7,313.0,75.7,0.6,1.9
2025-11-22 03:00:00,3.7,288.0,77.8,,1.5
2025-11-22 04:00:00,3.8,254.0,74.0,,1.4
2025-11-22 05:00:00,3.9,203.0,73.1,0.4,2.3
2025-11-22 06:00:00,3.7,292.0,76.9,,1.5
2025-11-22 07:00:00,3.1,340.0,80.0,0.4,1.1
2025-11-22 08:00:00,3.2,351.0,82.9,0.4,1.0
2025-11-22 09:00:00,4.2,49.0,83.5,0.6,1.9
2025-11-22 10:00:00,5.9,62.0,70.9,,1.4
2025-11-22 11:00:00,7.4,89.0,59.6,1.5,4.2
2025-11-22 12:00:00,8.4,78.0,51.8,1.6,4.3
2025-11-22 13:00:00,9.5,77.0,42.7,1.7,4.7
2025-11-22 14:00:00,10.1,82.0,40.9,1.8,4.2
2025-11-22 15:00:00,9.0,105.0,45.5,1.1,4.1
2025-11-22 16:00:00,7.9,124.0,47.7,0.7,3.1
2025-11-22 17:00:00,7.0,117.0,53.5,0.5,1.9
2025-11-22 18:00:00,6.4,40.0,58.7,0.3,1.4
2025-11-22 19:00:00,5.6,25.0,69.1,,2.6
2025-11-22 20:00:00,5.2,45.0,75.2,0.5,1.5
2025-11-22 21:00:00,4.7,62.0,75.9,0.9,1.9
2025-11-22 22:00:00,4.2,59.0,75.4,0.8,2.1
2025-11-22 23:00:00,3.4,22.0,77.4,,1.4
2025-11-23 00:00:00,2.9,11.0,80.1,0.3,1.1
2025-11-23 01:00:00,2.4,333.0,81.1,,1.0
2025-11-23 02:00:00,1.9,355.0,81.5,0.3,0.9
2025-11-23 03:00:00,1.6,26.0,80.8,,1.2
2025-11-23 04:00:00,1.2,322.0,79.5,,1.3
2025-11-23 05:00:00,0.9,314.0,77.5,,0.8
2025-11-23 06:00:00,0.9,332.0,73.7,,0.9
2025-11-23 07:00:00,1.0,324.0,74.4,0.4,1.0
2025-11-23 08:00:00,1.7,295.0,72.6,0.5,0.9
2025-11-23 09:00:00,3.0,323.0,67.2,,1.1
2025-11-23 10:00:00,4.6,14.0,60.3,,1.2
2025-11-23 11:00:00,5.5,188.0,62.9,0.7,3.1
2025-11-23 12:00:00,5.8,202.0,59.8,0.5,2.1
2025-11-23 13:00:00,6.7,242.0,54.9,,2.0
2025-11-23 14:00:00,7.0,226.0,52.4,0.4,2.0
2025-11-23 15:00:00,6.9,225.0,54.0,0.7,3.5
2025-11-23 16:00:00,6.0,211.0,64.2,0.9,3.6
2025-11-23 17:00:00,5.6,221.0,71.3,0.7,2.5
2025-11-23 18:00:00,5.5,252.0,69.3,0.7,2.3
2025-11-23 19:00:00,5.6,276.0,64.2,0.6,1.9
2025-11-23 20:00:00,5.6,24.0,69.3,0.9,2.7
2025-11-23 21:00:00,5.4,301.0,73.5,,1.1
2025-11-23 22:00:00,4.9,358.0,78.0,0.6,1.5
2025-11-23 23:00:00,4.5,290.0,79.2,,1.6
2025-11-24 00:00:00,3.8,309.0,90.0,,1.5
2025-11-24 01:00:00,3.5,337.0,97.6,0.8,2.5
2025-11-24 02:00:00,3.3,8.0,99.2,1.5,5.1
2025-11-24 03:00:00,3.3,10.0,98.4,0.8,1.9
2025-11-24 04:00:00,3.0,12.0,99.4,0.5,1.8
2025-11-24 05:00:00,3.1,8.0,99.4,0.7,1.7
2025-11-24 06:00:00,3.4,39.0,99.4,1.1,2.4
2025-11-24 07:00:00,3.6,63.0,99.4,0.6,2.3
2025-11-24 08:00:00,3.9,70.0,99.4,1.0,2.3
2025-11-24 09:00:00,4.0,82.0,99.4,1.2,2.8
2025-11-24 10:00:00,3.9,85.0,99.4,1.0,2.5
2025-11-24 11:00:00,4.0,80.0,99.4,1.1,2.7
2025-11-24 12:00:00,4.0,70.0,99.4,0.6,2.1
2025-11-24 13:00:00,3.9,60.0,99.4,0.7,1.8
2025-11-24 14:00:00,4.1,71.0,99.4,0.4,1.4
2025-11-24 15:00:00,4.0,272.0,99.4,,1.8
2025-11-24 16:00:00,4.0,7.0,99.4,0.2,1.9
2025-11-24 17:00:00,4.0,272.0,99.4,0.3,1.9
2025-11-24 18:00:00,4.0,253.0,99.4,0.4,1.7
2025-11-24 19:00:00,3.9,257.0,99.4,1.1,2.9
2025-11-24 20:00:00,3.6,271.0,99.4,0.6,2.4
2025-11-24 21:00:00,3.5,299.0,99.4,0.8,2.3
2025-11-24 22:00:00,3.5,330.0,99.4,0.6,2.3
2025-11-24 23:00:00,3.4,339.0,99.4,,1.1
2025-11-25 00:00:00,3.5,287.0,99.4,0.5,1.8
2025-11-25 01:00:00,3.7,283.0,99.4,0.9,2.3
2025-11-25 02:00:00,3.8,256.0,99.4,0.9,3.0
2025-11-25 03:00:00,3.9,248.0,99.4,1.1,4.0
2025-11-25 04:00:00,3.8,249.0,99.4,1.1,4.8
2025-11-25 05:00:00,3.7,258.0,99.0,1.4,4.0
2025-11-25 06:00:00,3.9,252.0,97.8,1.4,3.8
2025-11-25 07:00:00,3.7,250.0,96.9,1.2,4.7
2025-11-25 08:00:00,3.5,252.0,96.4,1.5,4.4
2025-11-25 09:00:00,4.1,256.0,90.9,1.3,3.5
2025-11-25 10:00:00,5.1,240.0,84.6,1.3,4.4
2025-11-25 11:00:00,6.0,253.0,79.6,1.9,5.3
2025-11-25 12:00:00,7.4,252.0,72.7,1.8,5.9
2025-11-25 13:00:00,8.3,231.0,67.4,1.7,4.7
2025-11-25 14:00:00,9.1,230.0,63.7,1.2,4.2
2025-11-25 15:00:00,8.5,234.0,67.5,1.2,4.1
2025-11-25 16:00:00,7.9,241.0,71.1,1.4,3.9
2025-11-25 17:00:00,7.2,251.0,74.2,1.1,3.9
2025-11-25 18:00:00,6.8,256.0,75.7,1.3,3.9
2025-11-25 19:00:00,6.4,260.0,76.8,1.5,5.4
2025-11-25 20:00:00,6.2,299.0,73.6,0.9,3.0
2025-11-25 21:00:00,6.5,302.0,62.4,0.9,3.4
2025-11-25 22:00:00,6.6,334.0,58.9,0.9,3.7
2025-11-25 23:00:00,5.2,79.0,78.7,0.9,2.6
2025-11-26 00:00:00,4.5,81.0,88.8,1.0,2.9
2025-11-26 01:00:00,4.0,64.0,91.5,0.9,2.3
2025-11-26 02:00:00,3.3,24.0,94.4,0.6,1.7
2025-11-26 03:00:00,2.9,39.0,97.0,0.6,1.4
2025-11-26 04:00:00,2.8,326.0,98.3,,1.4
2025-11-26 05:00:00,2.8,342.0,96.7,,1.7
2025-11-26 06:00:00,3.3,314.0,92.2,,1.1
2025-11-26 07:00:00,4.2,294.0,87.9,,1.4
2025-11-26 08:00:00,5.3,355.0,83.1,,1.1
2025-11-26 09:00:00,7.2,213.0,75.5,,1.7
2025-11-26 10:00:00,9.5,158.0,65.9,0.4,2.2
2025-11-26 11:00:00,11.0,183.0,57.9,0.6,3.0
2025-11-26 12:00:00,11.6,199.0,57.6,0.8,2.3
2025-11-26 13:00:00,12.2,124.0,55.9,0.7,3.7
2025-11-26 14:00:00,12.1,111.0,58.4,0.5,2.6
2025-11-26 15:00:00,11.6,108.0,59.6,0.8,2.5
2025-11-26 16:00:00,10.5,80.0,61.1,0.3,2.9
2025-11-26 17:00:00,9.5,24.0,54.0,1.0,3.3
2025-11-26 18:00:00,8.5,56.0,68.3,1.1,2.4
2025-11-26 19:00:00,7.7,52.0,75.1,0.9,2.3
2025-11-26 20:00:00,6.9,41.0,80.0,,1.6
2025-11-26 21:00:00,6.3,63.0,84.3,0.6,1.3
2025-11-26 22:00:00,5.9,59.0,87.9,0.5,1.5
2025-11-26 23:00:00,5.3,340.0,90.7,,0.9
2025-11-27 00:00:00,4.8,276.0,92.2,,1.1
2025-11-27 01:00:00,4.3,280.0,92.8,,1.2
2025-11-27 02:00:00,3.8,282.0,93.5,,1.3
2025-11-27 03:00:00,3.3,17.0,94.1,0.4,1.0
2025-11-27 04:00:00,2.9,10.0,94.4,0.5,1.4
2025-11-27 05:00:00,2.7,27.0,94.2,,0.7
2025-11-27 06:00:00,2.7,54.0,93.4,0.6,1.6
2025-11-27 07:00:00,3.2,68.0,91.0,0.5,1.3
2025-11-27 08:00:00,3.8,32.0,82.5,0.5,1.1
2025-11-27 09:00:00,5.4,36.0,69.3,,1.6
2025-11-27 10:00:00,7.7,82.0,51.2,1.0,2.5
2025-11-27 11:00:00,9.3,89.0,44.2,0.8,2.4
2025-11-27 12:00:00,10.4,104.0,42.9,1.1,3.1
2025-11-27 13:00:00,11.0,109.0,43.8,1.5,3.6
2025-11-27 14:00:00,11.2,130.0,44.5,0.9,4.0
2025-11-27 15:00:00,10.0,129.0,51.2,1.0,3.2
2025-11-27 16:00:00,9.1,99.0,57.7,1.1,3.7
2025-11-27 17:00:00,8.1,72.0,63.4,0.4,1.7
2025-11-27 18:00:00,7.4,38.0,69.4,,1.1
2025-11-27 19:00:00,6.9,46.0,72.9,0.4,1.3
2025-11-27 20:00:00,6.3,40.0,75.3,0.4,1.6
2025-11-27 21:00:00,5.3,354.0,79.4,0.4,1.0
2025-11-27 22:00:00,4.5,3.0,82.6,0.4,0.9
2025-11-27 23:00:00,4.0,5.0,84.0,,1.4
2025-11-28 00:00:00,3.5,347.0,85.1,,0.8
2025-11-28 01:00:00,3.1,326.0,84.5,0.4,1.1
2025-11-28 02:00:00,2.6,311.0,83.6,0.5,1.1
2025-11-28 03:00:00,2.3,301.0,82.2,0.5,1.6
2025-11-28 04:00:00,2.2,305.0,81.2,0.7,1.4
2025-11-28 05:00:00,2.1,300.0,79.0,,1.4
2025-11-28 06:00:00,2.1,296.0,80.0,0.5,1.1
2025-11-28 07:00:00,2.4,0.0,79.9,,0.9
2025-11-28 08:00:00,2.8,9.0,78.5,0.4,1.2
2025-11-28 09:00:00,3.9,299.0,74.6,,1.3
2025-11-28 10:00:00,5.4,,68.2,,1.0
2025-11-28 11:00:00,7.0,231.0,61.5,,2.1
2025-11-28 12:00:00,8.1,238.0,55.7,0.7,2.9
2025-11-28 13:00:00,9.1,240.0,49.9,1.0,3.3
2025-11-28 14:00:00,9.8,244.0,49.8,0.8,3.0
2025-11-28 15:00:00,9.1,232.0,51.7,0.8,2.7
2025-11-28 16:00:00,8.3,223.0,55.8,,2.4
2025-11-28 17:00:00,7.6,217.0,61.4,0.6,2.0
2025-11-28 18:00:00,7.0,230.0,63.3,0.7,2.5
2025-11-28 19:00:00,6.2,259.0,63.9,0.9,2.6
2025-11-28 20:00:00,5.4,264.0,67.9,0.7,1.7
2025-11-28 21:00:00,4.9,266.0,69.5,0.6,1.5
2025-11-28 22:00:00,4.5,237.0,71.8,0.7,2.2
2025-11-28 23:00:00,4.1,249.0,73.4,0.8,2.0
2025-11-29 00:00:00,3.8,256.0,75.6,1.0,2.4
2025-11-29 01:00:00,3.8,311.0,75.9,,2.0
2025-11-29 02:00:00,3.2,336.0,76.7,0.6,1.6
2025-11-29 03:00:00,3.3,326.0,75.3,,1.3
2025-11-29 04:00:00,3.1,346.0,77.3,,0.9
2025-11-29 05:00:00,3.0,306.0,78.4,0.6,1.3
2025-11-29 06:00:00,3.0,282.0,77.8,0.7,1.6
2025-11-29 07:00:00,3.1,349.0,76.6,,1.1
2025-11-29 08:00:00,3.9,,74.3,,0.8
2025-11-29 09:00:00,5.0,333.0,71.3,,1.3
2025-11-29 10:00:00,5.9,310.0,67.8,,1.4
2025-11-29 11:00:00,7.7,65.0,62.0,,2.4
2025-11-29 12:00:00,8.9,84.0,55.3,0.6,2.4
2025-11-29 13:00:00,10.0,86.0,49.8,0.8,2.8
2025-11-29 14:00:00,11.0,94.0,44.7,0.6,1.8
2025-11-29 15:00:00,10.1,97.0,47.2,0.9,1.9
2025-11-29 16:00:00,9.2,96.0,52.9,1.0,2.0
2025-11-29 17:00:00,8.0,86.0,59.1,0.6,1.7
2025-11-29 18:00:00,7.3,54.0,63.4,0.5,1.1
2025-11-29 19:00:00,6.6,25.0,67.8,0.4,0.9
2025-11-29 20:00:00,6.0,15.0,71.4,,0.7
2025-11-29 21:00:00,5.4,351.0,74.6,,0.8
2025-11-29 22:00:00,4.9,356.0,77.6,,0.9
2025-11-29 23:00:00,4.5,350.0,80.5,0.4,0.9
2025-11-30 00:00:00,4.0,321.0,80.3,,1.0
2025-11-30 01:00:00,3.5,316.0,79.7,,1.0
2025-11-30 02:00:00,3.3,302.0,79.5,0.5,1.1
2025-11-30 03:00:00,3.2,279.0,79.9,0.5,1.2
2025-11-30 04:00:00,3.0,338.0,79.4,,1.0
2025-11-30 05:00:00,2.9,294.0,79.6,,1.1
2025-11-30 06:00:00,3.0,294.0,79.7,,1.4
2025-11-30 07:00:00,3.4,234.0,78.8,,1.4
2025-11-30 08:00:00,4.3,281.0,75.1,0.4,2.0
2025-11-30 09:00:00,4.7,245.0,73.9,0.6,2.2
2025-11-30 10:00:00,5.7,250.0,67.7,0.4,2.3
2025-11-30 11:00:00,6.8,245.0,63.0,0.7,2.3
2025-11-30 12:00:00,7.7,248.0,61.2,0.9,2.9
2025-11-30 13:00:00,7.9,238.0,61.3,0.9,2.5
2025-11-30 14:00:00,8.3,232.0,61.9,0.9,2.4
2025-11-30 15:00:00,8.3,242.0,63.9,0.9,2.5
2025-11-30 16:00:00,8.3,253.0,66.2,1.1,3.0
2025-11-30 17:00:00,8.3,262.0,65.3,0.9,2.7
2025-11-30 18:00:00,8.2,255.0,64.1,0.9,3.1
2025-11-30 19:00:00,8.2,275.0,63.9,0.7,2.2
2025-11-30 20:00:00,8.4,265.0,64.1,0.7,1.8
2025-11-30 21:00:00,8.5,282.0,65.3,0.7,1.7
2025-11-30 22:00:00,8.5,334.0,66.6,,1.6
2025-11-30 23:00:00,8.7,43.0,68.2,0.6,2.4
2025-12-01 00:00:00,8.6,54.0,70.1,0.7,1.9
2025-12-01 01:00:00,8.1,91.0,74.3,1.6,5.2
2025-12-01 02:00:00,7.6,69.0,77.7,0.8,2.5
2025-12-01 03:00:00,6.6,59.0,90.3,1.3,3.0
2025-12-01 04:00:00,6.1,68.0,97.5,1.6,4.0
2025-12-01 05:00:00,6.0,72.0,99.4,1.6,4.1
2025-12-01 06:00:00,5.9,66.0,99.4,1.9,4.2
2025-12-01 07:00:00,6.0,85.0,99.4,1.8,4.5
2025-12-01 08:00:00,6.0,78.0,99.4,1.1,4.0
2025-12-01 09:00:00,6.3,82.0,99.4,0.8,2.2
2025-12-01 10:00:00,6.5,82.0,99.3,1.4,4.4
2025-12-01 11:00:00,6.3,83.0,95.1,1.1,4.3
2025-12-01 12:00:00,6.8,82.0,89.0,1.1,3.2
2025-12-01 13:00:00,6.8,91.0,90.1,1.1,2.7
2025-12-01 14:00:00,6.6,96.0,95.1,0.6,1.9
2025-12-01 15:00:00,6.7,95.0,97.6,0.8,2.1
2025-12-01 16:00:00,6.6,66.0,99.4,0.4,2.5
2025-12-01 17:00:00,6.5,11.0,99.4,0.5,1.7
2025-12-01 18:00:00,6.8,321.0,98.7,0.5,1.9
2025-12-01 19:00:00,6.8,300.0,97.7,1.2,3.1
2025-12-01 20:00:00,6.9,295.0,98.5,1.0,2.8
2025-12-01 21:00:00,7.1,299.0,98.9,0.9,2.2
2025-12-01 22:00:00,7.2,297.0,98.2,0.9,2.4
2025-12-01 23:00:00,7.3,295.0,97.6,0.6,1.2
2025-12-02 00:00:00,7.3,299.0,98.6,0.6,1.9
2025-12-02 01:00:00,7.3,298.0,98.0,,0.9
2025-12-02 02:00:00,7.4,282.0,97.3,,1.1
2025-12-02 03:00:00,7.6,222.0,95.9,0.3,1.6
2025-12-02 04:00:00,7.5,197.0,96.4,0.6,2.3
2025-12-02 05:00:00,6.9,260.0,99.4,1.0,2.6
2025-12-02 06:00:00,6.8,271.0,99.4,0.7,2.4
2025-12-02 07:00:00,7.0,273.0,99.4,1.0,2.7
2025-12-02 08:00:00,7.2,296.0,99.4,0.7,1.8
2025-12-02 09:00:00,7.6,277.0,99.4,0.5,1.7
2025-12-02 10:00:00,8.2,258.0,97.8,,1.3
2025-12-02 11:00:00,8.9,252.0,93.3,0.5,1.6
2025-12-02 12:00:00,9.1,255.0,93.1,0.7,2.1
2025-12-02 13:00:00,9.0,252.0,93.8,0.7,2.1
2025-12-02 14:00:00,9.1,257.0,93.8,0.6,1.8
2025-12-02 15:00:00,9.3,258.0,93.0,0.8,2.2
2025-12-02 16:00:00,9.3,239.0,92.9,0.6,1.8
2025-12-02 17:00:00,9.1,245.0,94.6,0.6,1.9
2025-12-02 18:00:00,8.6,261.0,96.4,0.8,2.4
2025-12-02 19:00:00,8.3,257.0,97.8,1.0,2.3
2025-12-02 20:00:00,8.3,250.0,98.1,0.5,1.7
2025-12-02 21:00:00,8.2,253.0,97.8,0.7,1.9
2025-12-02 22:00:00,7.8,303.0,98.9,0.6,1.4
2025-12-02 23:00:00,7.7,284.0,99.4,,1.2
2025-12-03 00:00:00,7.9,,99.4,,1.0
2025-12-03 01:00:00,7.9,273.0,99.3,,1.4
2025-12-03 02:00:00,7.8,264.0,98.4,,1.6
2025-12-03 03:00:00,7.5,281.0,98.6,0.6,2.1
2025-12-03 04:00:00,7.4,288.0,98.6,,1.7
2025-12-03 05:00:00,7.4,298.0,98.4,0.6,1.3
2025-12-03 06:00:00,7.6,,97.8,,0.6
2025-12-03 07:00:00,8.2,336.0,94.1,,1.0
2025-12-03 08:00:00,8.7,74.0,91.4,0.3,1.0
2025-12-03 09:00:00,9.4,103.0,88.2,,1.4
2025-12-03 10:00:00,9.4,218.0,87.8,0.6,2.8
2025-12-03 11:00:00,10.1,317.0,85.6,0.5,2.1
2025-12-03 12:00:00,10.9,46.0,81.1,,1.8
2025-12-03 13:00:00,11.5,57.0,75.5,0.4,1.5
2025-12-03 14:00:00,11.8,71.0,72.8,0.5,1.6
2025-12-03 15:00:00,11.6,156.0,76.7,0.4,2.8
2025-12-03 16:00:00,10.6,198.0,83.0,,2.1
2025-12-03 17:00:00,10.1,193.0,86.6,,1.7
2025-12-03 18:00:00,9.8,316.0,90.1,,0.9
2025-12-03 19:00:00,9.9,313.0,90.4,0.4,1.2
2025-12-03 20:00:00,9.9,353.0,91.1,0.6,1.7
2025-12-03 21:00:00,9.9,56.0,90.4,0.9,2.3
2025-12-03 22:00:00,9.8,57.0,89.0,0.9,2.0
2025-12-03 23:00:00,9.8,63.0,86.3,1.2,2.6
2025-12-04 00:00:00,9.7,60.0,85.9,0.7,1.9
2025-12-04 01:00:00,9.5,52.0,87.6,0.7,1.5
2025-12-04 02:00:00,9.7,31.0,86.7,0.6,1.6
2025-12-04 03:00:00,9.4,6.0,88.7,0.8,1.8
2025-12-04 04:00:00,9.4,15.0,90.5,0.5,1.5
2025-12-04 05:00:00,8.7,,98.9,,0.7
2025-12-04 06:00:00,8.7,329.0,99.4,,1.0
2025-12-04 07:00:00,8.8,317.0,99.4,0.5,1.6
2025-12-04 08:00:00,9.0,308.0,99.4,0.6,1.8
2025-12-04 09:00:00,9.3,298.0,99.3,0.8,2.3
2025-12-04 10:00:00,9.8,287.0,93.9,0.6,2.1
2025-12-04 11:00:00,10.3,275.0,87.2,0.8,2.6
2025-12-04 12:00:00,10.6,299.0,85.1,0.7,1.7
2025-12-04 13:00:00,10.9,296.0,82.2,0.7,2.0
2025-12-04 14:00:00,11.3,289.0,79.0,0.5,2.4
2025-12-04 15:00:00,11.3,295.0,76.6,,1.6
2025-12-04 16:00:00,11.1,254.0,76.6,,1.2
2025-12-04 17:00:00,10.9,265.0,80.1,0.7,1.9
2025-12-04 18:00:00,10.3,237.0,89.0,0.7,2.2
2025-12-04 19:00:00,10.0,234.0,91.3,0.6,1.6
2025-12-04 20:00:00,9.9,263.0,92.2,0.7,2.2
2025-12-04 21:00:00,9.4,294.0,92.9,1.4,3.3
2025-12-04 22:00:00,9.0,292.0,93.9,0.8,2.2
2025-12-04 23:00:00,8.8,288.0,95.9,0.4,1.5
2025-12-05 00:00:00,8.8,267.0,94.7,0.5,1.6
2025-12-05 01:00:00,8.8,300.0,92.4,,1.3
2025-12-05 02:00:00,8.8,292.0,91.5,,1.0
2025-12-05 03:00:00,8.8,258.0,91.8,0.6,1.5
2025-12-05 04:00:00,8.7,230.0,91.7,0.7,1.6
2025-12-05 05:00:00,8.6,278.0,91.3,,1.2
2025-12-05 06:00:00,8.5,305.0,93.9,0.5,1.1
2025-12-05 07:00:00,8.5,351.0,97.9,,1.4
2025-12-05 08:00:00,8.9,55.0,96.4,,1.6
2025-12-05 09:00:00,9.6,65.0,89.5,1.4,3.4
2025-12-05 10:00:00,9.9,73.0,89.3,1.8,3.8
2025-12-05 11:00:00,10.3,82.0,87.3,1.7,4.6
2025-12-05 12:00:00,11.0,86.0,81.4,1.7,4.9
2025-12-05 13:00:00,11.3,94.0,78.9,0.9,2.6
2025-12-05 14:00:00,11.1,102.0,79.1,0.7,2.2
2025-12-05 15:00:00,10.8,25.0,80.1,,1.1
2025-12-05 16:00:00,10.4,255.0,82.3,,1.7
2025-12-05 17:00:00,9.9,230.0,87.7,,1.6
2025-12-05 18:00:00,9.4,254.0,90.6,0.8,2.2
2025-12-05 19:00:00,9.0,224.0,93.7,0.6,2.1
2025-12-05 20:00:00,8.8,233.0,94.6,0.5,1.9
2025-12-05 21:00:00,8.3,247.0,96.8,0.6,1.6
2025-12-05 22:00:00,7.9,257.0,99.1,0.5,2.0
2025-12-05 23:00:00,7.5,339.0,99.4,,1.4
2025-12-06 00:00:00,7.3,250.0,99.4,0.4,1.6
2025-12-06 01:00:00,7.0,270.0,99.4,0.5,1.5
2025-12-06 02:00:00,6.2,296.0,99.4,,1.2
2025-12-06 03:00:00,5.4,353.0,99.4,,1.2
2025-12-06 04:00:00,5.0,287.0,99.4,0.6,1.3
2025-12-06 05:00:00,4.8,323.0,99.4,,1.5
2025-12-06 06:00:00,4.8,343.0,99.4,0.2,1.4
2025-12-06 07:00:00,4.7,297.0,99.4,0.5,1.3
2025-12-06 08:00:00,5.0,268.0,98.6,,1.4
2025-12-06 09:00:00,5.8,247.0,91.8,0.5,1.9
2025-12-06 10:00:00,6.5,230.0,86.1,0.6,1.8
2025-12-06 11:00:00,7.5,247.0,81.9,0.5,2.0
2025-12-06 12:00:00,8.4,243.0,78.4,0.8,2.3
2025-12-06 13:00:00,8.9,236.0,75.0,1.0,3.7
2025-12-06 14:00:00,9.0,238.0,75.9,0.8,3.0
2025-12-06 15:00:00,8.8,251.0,80.0,1.0,2.9
2025-12-06 16:00:00,8.4,252.0,85.0,0.9,2.6
2025-12-06 17:00:00,8.1,244.0,87.6,0.8,2.6
2025-12-06 18:00:00,7.7,243.0,88.6,1.0,2.9
2025-12-06 19:00:00,7.3,237.0,91.6,0.8,2.4
2025-12-06 20:00:00,6.7,292.0,94.2,0.6,1.6
2025-12-06 21:00:00,6.5,234.0,96.1,1.0,2.4
2025-12-06 22:00:00,6.3,236.0,96.8,0.5,2.1
2025-12-06 23:00:00,5.9,338.0,98.3,,1.0
2025-12-07 00:00:00,5.9,15.0,99.3,0.4,1.2
2025-12-07 01:00:00,5.9,48.0,98.8,,1.1
2025-12-07 02:00:00,5.4,329.0,98.5,0.5,1.6
2025-12-07 03:00:00,5.2,335.0,98.1,,1.2
2025-12-07 04:00:00,5.1,310.0,97.8,,0.8
2025-12-07 05:00:00,5.1,321.0,97.3,,1.7
2025-12-07 06:00:00,4.8,308.0,94.3,,1.3
2025-12-07 07:00:00,4.7,341.0,94.2,,1.3
2025-12-07 08:00:00,4.8,316.0,92.9,0.4,1.8
2025-12-07 09:00:00,5.7,278.0,88.2,0.5,1.6
2025-12-07 10:00:00,7.3,319.0,84.2,,1.1
2025-12-07 11:00:00,9.1,300.0,72.3,,1.2
2025-12-07 12:00:00,9.4,270.0,70.2,0.6,1.7
2025-12-07 13:00:00,9.4,271.0,72.1,0.9,2.8
2025-12-07 14:00:00,9.7,261.0,72.9,0.8,3.0
2025-12-07 15:00:00,10.4,251.0,68.1,0.5,1.8
2025-12-07 16:00:00,10.0,226.0,70.4,0.6,2.3
2025-12-07 17:00:00,8.7,226.0,83.1,1.1,3.2
2025-12-07 18:00:00,7.6,242.0,90.4,0.7,2.7
2025-12-07 19:00:00,7.4,239.0,91.3,0.5,2.7
2025-12-07 20:00:00,7.3,244.0,90.1,0.7,2.4
2025-12-07 21:00:00,7.3,243.0,88.4,0.7,2.7
2025-12-07 22:00:00,7.1,265.0,88.1,0.7,2.2
2025-12-07 23:00:00,6.8,236.0,88.7,0.7,1.9
2025-12-08 00:00:00,6.8,237.0,89.0,0.8,2.9
2025-12-08 01:00:00,6.2,263.0,92.4,0.8,2.1
2025-12-08 02:00:00,5.7,263.0,95.6,0.4,1.9
2025-12-08 03:00:00,5.3,273.0,96.5,,2.1
2025-12-08 04:00:00,5.4,254.0,94.8,0.5,1.7
2025-12-08 05:00:00,4.9,258.0,92.6,0.7,1.8
2025-12-08 06:00:00,4.7,300.0,92.7,,1.3
2025-12-08 07:00:00,4.7,256.0,92.2,0.4,2.2
2025-12-08 08:00:00,4.7,243.0,90.6,0.8,2.9
2025-12-08 09:00:00,5.3,241.0,85.2,,2.3
2025-12-08 10:00:00,7.1,205.0,76.1,,1.2
2025-12-08 11:00:00,8.9,280.0,68.2,,1.6
2025-12-08 12:00:00,10.8,312.0,61.8,0.4,1.7
2025-12-08 13:00:00,12.4,270.0,56.5,0.1,1.5
2025-12-08 14:00:00,13.6,113.0,53.8,0.4,1.8
2025-12-08 15:00:00,12.6,130.0,61.5,,1.8
2025-12-08 16:00:00,11.5,90.0,66.9,,1.4
2025-12-08 17:00:00,10.4,99.0,74.0,0.5,1.5
2025-12-08 18:00:00,9.6,108.0,79.1,,1.1
2025-12-08 19:00:00,8.8,11.0,83.7,0.5,1.0
2025-12-08 20:00:00,8.2,335.0,86.6,0.5,1.1
2025-12-08 21:00:00,7.8,340.0,88.0,0.5,1.1
2025-12-08 22:00:00,7.4,294.0,88.9,,0.8
2025-12-08 23:00:00,7.1,289.0,89.8,0.5,1.1
2025-12-09 00:00:00,6.7,320.0,90.0,,0.8
2025-12-09 01:00:00,6.2,324.0,90.2,,1.4
2025-12-09 02:00:00,5.7,347.0,90.6,0.5,1.3
2025-12-09 03:00:00,5.4,332.0,90.8,,1.1
2025-12-09 04:00:00,5.0,304.0,92.5,0.6,1.0
2025-12-09 05:00:00,4.8,300.0,92.8,,1.2
2025-12-09 06:00:00,4.8,288.0,92.6,0.3,1.2
2025-12-09 07:00:00,5.0,297.0,91.0,0.4,1.3
2025-12-09 08:00:00,5.4,327.0,88.1,0.5,1.1
2025-12-09 09:00:00,6.4,285.0,82.3,0.4,1.5
2025-12-09 10:00:00,8.0,236.0,76.1,0.5,1.6
2025-12-09 11:00:00,9.6,247.0,70.6,0.5,1.9
2025-12-09 12:00:00,11.1,305.0,65.3,,1.6
2025-12-09 13:00:00,12.6,226.0,60.0,0.5,2.2
2025-12-09 14:00:00,13.4,232.0,59.3,0.6,2.2
2025-12-09 15:00:00,12.5,247.0,65.5,0.8,2.4
2025-12-09 16:00:00,11.6,231.0,71.0,0.7,1.9
2025-12-09 17:00:00,10.9,235.0,76.4,0.6,2.0
2025-12-09 18:00:00,10.4,246.0,78.9,0.7,2.1
2025-12-09 19:00:00,9.7,269.0,80.7,0.6,1.6
2025-12-09 20:00:00,9.1,235.0,83.9,0.5,1.5
2025-12-09 21:00:00,8.8,257.0,84.7,0.6,1.8
2025-12-09 22:00:00,8.4,280.0,85.7,0.5,1.7
2025-12-09 23:00:00,7.9,268.0,88.0,0.5,1.4
2025-12-10 00:00:00,7.5,295.0,88.1,0.6,1.7
2025-12-10 01:00:00,6.9,269.0,89.3,0.3,1.2
2025-12-10 02:00:00,6.3,307.0,90.2,,1.5
2025-12-10 03:00:00,5.9,308.0,90.5,,1.1
2025-12-10 04:00:00,5.6,311.0,90.2,,1.5
2025-12-10 05:00:00,5.6,312.0,89.3,0.4,1.0
2025-12-10 06:00:00,6.1,349.0,85.8,,1.5
2025-12-10 07:00:00,6.4,349.0,84.3,,1.2
2025-12-10 08:00:00,6.9,22.0,83.6,,1.3
2025-12-10 09:00:00,8.5,8.0,78.3,,0.9
2025-12-10 10:00:00,9.3,330.0,75.5,,1.1
2025-12-10 11:00:00,9.9,245.0,74.2,,1.5
2025-12-10 12:00:00,10.2,255.0,73.7,0.7,1.7
2025-12-10 13:00:00,10.8,234.0,71.0,0.5,1.6
2025-12-10 14:00:00,11.7,228.0,66.4,0.5,1.6
2025-12-10 15:00:00,11.8,245.0,66.3,0.7,2.1
2025-12-10 16:00:00,11.0,234.0,71.1,,1.7
2025-12-10 17:00:00,10.4,235.0,75.0,0.7,2.0
2025-12-10 18:00:00,9.7,261.0,80.0,0.7,1.9
2025-12-10 19:00:00,9.2,293.0,83.6,0.5,1.4
2025-12-10 20:00:00,9.0,294.0,84.9,0.6,1.7
2025-12-10 21:00:00,9.3,296.0,83.2,,1.5
2025-12-10 22:00:00,9.3,323.0,82.1,,1.4
2025-12-10 23:00:00,8.8,295.0,84.0,,1.2
2025-12-11 00:00:00,8.3,290.0,85.6,,1.2
2025-12-11 01:00:00,8.2,288.0,84.3,,1.6
2025-12-11 02:00:00,7.9,306.0,85.0,,1.4
2025-12-11 03:00:00,7.7,248.0,86.0,0.5,1.3
2025-12-11 04:00:00,7.8,339.0,85.0,0.5,1.8
2025-12-11 05:00:00,7.6,2.0,85.1,,1.4
2025-12-11 06:00:00,7.2,353.0,88.8,,1.2
2025-12-11 07:00:00,7.2,352.0,89.4,0.3,0.9
2025-12-11 08:00:00,7.7,51.0,90.5,0.7,1.6
2025-12-11 09:00:00,8.6,62.0,88.9,1.0,3.0
2025-12-11 10:00:00,9.3,77.0,85.4,1.3,3.0
2025-12-11 11:00:00,10.0,83.0,81.5,1.2,3.3
2025-12-11 12:00:00,10.5,96.0,78.4,1.0,2.9
2025-12-11 13:00:00,11.0,83.0,76.7,0.6,2.4
2025-12-11 14:00:00,11.3,151.0,75.0,0.4,1.5
2025-12-11 15:00:00,11.5,113.0,75.5,,1.4
2025-12-11 16:00:00,11.4,66.0,77.3,0.8,1.7
2025-12-11 17:00:00,10.9,22.0,80.6,,1.3
2025-12-11 18:00:00,10.7,323.0,81.8,,1.3
2025-12-11 19:00:00,10.7,27.0,81.4,,1.0
2025-12-11 20:00:00,10.6,283.0,82.0,0.6,1.5
2025-12-11 21:00:00,10.4,253.0,83.6,0.6,1.9
2025-12-11 22:00:00,9.8,251.0,86.9,0.7,2.0
2025-12-11 23:00:00,9.0,234.0,90.9,0.7,2.0
2025-12-12 00:00:00,8.4,241.0,92.2,0.8,2.4
2025-12-12 01:00:00,7.8,246.0,94.8,0.9,2.7
2025-12-12 02:00:00,7.3,251.0,96.2,0.8,2.4
2025-12-12 03:00:00,6.9,247.0,96.6,0.7,2.2
2025-12-12 04:00:00,6.3,246.0,97.9,0.6,2.1
2025-12-12 05:00:00,6.2,231.0,97.9,0.6,2.7
2025-12-12 06:00:00,5.7,232.0,96.7,0.8,2.7
2025-12-12 07:00:00,5.2,255.0,97.5,0.7,2.0
2025-12-12 08:00:00,5.4,259.0,95.6,0.9,2.4
2025-12-12 09:00:00,6.3,249.0,90.8,0.5,1.7
2025-12-12 10:00:00,7.6,236.0,82.4,0.9,2.3
2025-12-12 11:00:00,9.4,243.0,74.1,0.8,2.1
2025-12-12 12:00:00,11.0,232.0,68.0,0.5,2.2
2025-12-12 13:00:00,12.1,240.0,63.9,0.5,2.2
2025-12-12 14:00:00,13.0,256.0,59.5,,1.5
2025-12-12 15:00:00,12.9,73.0,60.4,,1.4
2025-12-12 16:00:00,11.9,95.0,69.7,1.0,2.5
2025-12-12 17:00:00,11.0,93.0,75.3,,0.9
2025-12-12 18:00:00,10.2,349.0,79.2,0.3,0.9
2025-12-12 19:00:00,9.7,305.0,82.0,0.4,1.0
2025-12-12 20:00:00,9.1,296.0,83.5,0.5,1.2
2025-12-12 21:00:00,8.3,307.0,83.4,0.9,1.6
2025-12-12 22:00:00,7.7,303.0,83.5,0.6,1.5
2025-12-12 23:00:00,7.4,292.0,82.2,0.6,1.7
2025-12-13 00:00:00,6.9,282.0,83.5,0.4,1.1
2025-12-13 01:00:00,6.6,266.0,82.8,0.6,1.5
2025-12-13 02:00:00,6.1,287.0,83.0,0.6,1.3
2025-12-13 03:00:00,5.7,269.0,85.3,0.7,1.5
2025-12-13 04:00:00,5.2,273.0,87.6,0.7,1.6
2025-12-13 05:00:00,4.8,280.0,88.6,0.7,1.8
2025-12-13 06:00:00,4.7,288.0,88.3,,1.0
2025-12-13 07:00:00,4.6,314.0,88.2,,1.0
2025-12-13 08:00:00,4.8,272.0,87.3,0.6,1.6
2025-12-13 09:00:00,5.8,255.0,81.5,0.5,1.4
2025-12-13 10:00:00,7.8,236.0,73.0,0.6,1.7
2025-12-13 11:00:00,9.6,222.0,64.2,0.5,1.6
2025-12-13 12:00:00,11.4,215.0,58.3,0.4,2.3
2025-12-13 13:00:00,12.6,222.0,53.7,0.5,2.1
2025-12-13 14:00:00,13.1,238.0,54.0,0.8,2.6
2025-12-13 15:00:00,12.1,245.0,60.4,0.8,2.4
2025-12-13 16:00:00,11.3,252.0,65.9,0.8,2.2
2025-12-13 17:00:00,10.3,246.0,71.2,0.5,1.3
2025-12-13 18:00:00,9.7,260.0,74.2,0.8,1.7
2025-12-13 19:00:00,9.1,263.0,77.9,0.7,1.6
2025-12-13 20:00:00,8.5,279.0,80.7,0.4,1.1
2025-12-13 21:00:00,7.8,312.0,84.4,,0.8
2025-12-13 22:00:00,7.3,283.0,87.1,0.5,1.0
2025-12-13 23:00:00,6.7,281.0,89.2,,1.2
2025-12-14 00:00:00,6.2,319.0,90.1,0.6,1.6
2025-12-14 01:00:00,5.6,313.0,86.6,,1.0
2025-12-14 02:00:00,5.2,304.0,87.6,0.5,1.3
2025-12-14 03:00:00,4.5,334.0,87.8,0.5,1.3
2025-12-14 04:00:00,4.2,349.0,88.2,,1.1
2025-12-14 05:00:00,4.0,347.0,89.3,,1.2
2025-12-14 06:00:00,3.8,355.0,89.4,0.4,0.8
2025-12-14 07:00:00,3.7,333.0,90.3,,1.0
2025-12-14 08:00:00,3.9,343.0,89.3,0.4,1.2
2025-12-14 09:00:00,5.1,215.0,84.3,,1.1
2025-12-14 10:00:00,7.4,236.0,76.6,,1.0
2025-12-14 11:00:00,9.6,101.0,67.1,,1.3
2025-12-14 12:00:00,11.2,185.0,61.3,,1.8
2025-12-14 13:00:00,11.9,153.0,59.0,,1.8
2025-12-14 14:00:00,12.9,70.0,55.1,,1.5
2025-12-14 15:00:00,12.2,98.0,57.2,0.7,1.5
2025-12-14 16:00:00,11.0,97.0,62.7,0.9,1.6
2025-12-14 17:00:00,9.6,76.0,70.1,0.7,1.2
2025-12-14 18:00:00,8.8,70.0,75.0,0.7,1.2
2025-12-14 19:00:00,8.1,51.0,79.4,0.8,1.4
2025-12-14 20:00:00,7.5,44.0,82.7,0.7,1.2
2025-12-14 21:00:00,6.9,43.0,85.7,0.7,1.3
2025-12-14 22:00:00,6.2,351.0,88.6,0.6,1.3
2025-12-14 23:00:00,5.6,343.0,89.9,0.6,1.1
2025-12-15 00:00:00,5.0,346.0,89.0,0.6,1.4
2025-12-15 01:00:00,4.6,300.0,87.7,0.4,0.9
2025-12-15 02:00:00,4.4,324.0,87.4,0.4,1.2
2025-12-15 03:00:00,3.9,358.0,87.6,0.5,1.5
2025-12-15 04:00:00,3.7,335.0,88.2,,0.8
2025-12-15 05:00:00,3.7,320.0,88.0,,0.9
2025-12-15 06:00:00,3.9,356.0,88.0,,0.8
2025-12-15 07:00:00,4.0,349.0,87.1,,0.8
2025-12-15 08:00:00,4.5,356.0,85.3,0.5,1.6
2025-12-15 09:00:00,5.1,13.0,84.1,0.8,1.9
2025-12-15 10:00:00,6.6,356.0,79.5,0.5,1.3
2025-12-15 11:00:00,8.4,60.0,67.9,0.6,2.1
2025-12-15 12:00:00,9.9,115.0,60.5,0.7,2.2
2025-12-15 13:00:00,10.2,149.0,60.7,,2.1
2025-12-15 14:00:00,10.4,273.0,61.9,0.5,1.6
2025-12-15 15:00:00,9.9,5.0,67.4,,1.4
2025-12-15 16:00:00,9.5,89.0,69.5,0.8,2.2
2025-12-15 17:00:00,8.8,98.0,75.6,0.8,1.7
2025-12-15 18:00:00,8.4,100.0,73.9,0.6,1.6
2025-12-15 19:00:00,7.9,300.0,76.5,0.7,1.7
2025-12-15 20:00:00,7.4,35.0,82.3,0.7,1.8
2025-12-15 21:00:00,7.2,91.0,81.3,0.6,1.6
2025-12-15 22:00:00,7.3,134.0,79.3,0.5,1.7
2025-12-15 23:00:00,7.1,55.0,80.8,0.5,1.4
2025-12-16 00:00:00,6.9,31.0,82.3,0.8,2.1
2025-12-16 01:00:00,6.7,39.0,81.0,1.0,3.2
2025-12-16 02:00:00,6.8,54.0,78.0,0.8,1.9
2025-12-16 03:00:00,6.9,58.0,76.9,0.9,2.5
2025-12-16 04:00:00,7.0,71.0,76.3,1.0,3.1
2025-12-16 05:00:00,6.7,70.0,79.2,,1.0
2025-12-16 06:00:00,6.6,83.0,85.9,,1.5
2025-12-16 07:00:00,6.6,81.0,95.6,0.8,2.5
2025-12-16 08:00:00,6.2,16.0,99.3,0.8,2.1
2025-12-16 09:00:00,6.1,6.0,99.4,1.1,3.1
2025-12-16 10:00:00,6.4,3.0,99.4,0.6,1.9
2025-12-16 11:00:00,6.7,303.0,99.4,0.5,1.3
2025-12-16 12:00:00,7.1,283.0,99.4,0.4,1.4
2025-12-16 13:00:00,7.2,295.0,99.4,0.7,2.1
2025-12-16 14:00:00,7.3,268.0,99.4,0.7,2.0
2025-12-16 15:00:00,7.3,255.0,99.4,0.7,2.2
2025-12-16 16:00:00,7.3,267.0,99.4,0.6,1.9
2025-12-16 17:00:00,7.3,285.0,99.4,0.6,2.2
2025-12-16 18:00:00,7.3,302.0,99.4,0.6,1.7
2025-12-16 19:00:00,7.4,306.0,99.4,,2.1
2025-12-16 20:00:00,7.5,283.0,99.4,0.5,1.6
2025-12-16 21:00:00,7.5,303.0,99.4,0.6,1.6
2025-12-16 22:00:00,7.7,326.0,99.4,0.7,2.6
2025-12-16 23:00:00,7.8,325.0,99.4,0.6,2.3
2025-12-17 00:00:00,7.8,317.0,99.4,0.6,1.4
2025-12-17 01:00:00,7.8,311.0,99.4,0.5,1.4
2025-12-17 02:00:00,7.8,287.0,99.4,0.5,1.2
2025-12-17 03:00:00,7.8,291.0,99.4,,1.4
2025-12-17 04:00:00,7.9,270.0,99.4,,0.9
2025-12-17 05:00:00,7.9,270.0,99.4,,1.0
2025-12-17 06:00:00,8.1,251.0,99.4,0.4,1.3
2025-12-17 07:00:00,8.2,301.0,99.4,,0.8
2025-12-17 08:00:00,8.3,299.0,99.4,0.6,1.2
2025-12-17 09:00:00,8.6,299.0,99.4,,0.8
2025-12-17 10:00:00,9.0,244.0,99.4,0.5,1.5
2025-12-17 11:00:00,9.1,229.0,99.4,0.9,2.1
2025-12-17 12:00:00,9.0,236.0,99.4,0.9,2.6
2025-12-17 13:00:00,9.3,241.0,99.4,0.8,2.2
2025-12-17 14:00:00,9.4,232.0,99.4,0.9,2.1
2025-12-17 15:00:00,9.6,264.0,99.4,0.5,1.6
2025-12-17 16:00:00,9.6,299.0,99.4,,0.9
2025-12-17 17:00:00,9.7,283.0,99.4,,0.8
2025-12-17 18:00:00,9.8,258.0,99.4,,1.0
2025-12-17 19:00:00,9.9,287.0,99.4,0.5,1.1
2025-12-17 20:00:00,9.9,267.0,99.4,0.6,1.4
2025-12-17 21:00:00,9.5,251.0,99.4,0.5,1.7
2025-12-17 22:00:00,9.5,240.0,99.4,0.7,2.1
2025-12-17 23:00:00,9.4,236.0,99.4,0.8,2.1
2025-12-18 00:00:00,9.4,271.0,99.4,,0.9
2025-12-18 01:00:00,9.5,297.0,99.4,,1.0
2025-12-18 02:00:00,9.5,249.0,99.4,,1.3
2025-12-18 03:00:00,9.4,251.0,99.4,,1.3
2025-12-18 04:00:00,9.4,201.0,99.4,0.4,1.2
2025-12-18 05:00:00,9.4,259.0,99.4,0.4,1.4
2025-12-18 06:00:00,9.3,293.0,99.4,,1.3
2025-12-18 07:00:00,9.6,70.0,99.4,,1.0
2025-12-18 08:00:00,10.1,89.0,99.4,0.4,1.1
2025-12-18 09:00:00,10.0,10.0,99.4,,1.3
2025-12-18 10:00:00,9.9,195.0,99.4,0.5,2.2
2025-12-18 11:00:00,10.5,97.0,99.4,,0.9
2025-12-18 12:00:00,10.8,290.0,98.8,,1.5
2025-12-18 13:00:00,10.9,280.0,97.8,,1.5
2025-12-18 14:00:00,11.1,258.0,94.3,,1.4
2025-12-18 15:00:00,11.0,195.0,93.7,0.8,2.1
2025-12-18 16:00:00,10.8,240.0,95.4,0.5,1.4
2025-12-18 17:00:00,10.9,270.0,95.2,0.9,2.0
2025-12-18 18:00:00,10.7,267.0,95.4,0.7,1.9
2025-12-18 19:00:00,10.6,248.0,94.8,0.7,1.8
2025-12-18 20:00:00,10.6,295.0,94.2,0.5,1.2
2025-12-18 21:00:00,10.6,306.0,94.0,0.5,1.2
2025-12-18 22:00:00,10.7,306.0,94.6,,1.4
2025-12-18 23:00:00,10.7,270.0,94.2,0.5,2.0
2025-12-19 00:00:00,10.5,285.0,94.2,0.5,1.8
2025-12-19 01:00:00,10.2,300.0,96.1,,1.1
2025-12-19 02:00:00,10.1,290.0,98.4,0.4,1.1
2025-12-19 03:00:00,10.3,238.0,97.1,,1.4
2025-12-19 04:00:00,10.3,215.0,95.1,0.6,2.3
2025-12-19 05:00:00,10.2,248.0,95.2,0.6,1.7
2025-12-19 06:00:00,10.1,257.0,96.1,0.7,2.3
2025-12-19 07:00:00,10.1,272.0,96.3,,1.7
2025-12-19 08:00:00,10.1,267.0,95.4,,1.2
2025-12-19 09:00:00,10.4,297.0,93.1,,1.7
2025-12-19 10:00:00,10.5,233.0,92.5,0.6,2.0
2025-12-19 11:00:00,10.8,227.0,90.3,0.9,2.7
2025-12-19 12:00:00,11.2,225.0,87.0,0.9,3.2
2025-12-19 13:00:00,10.8,257.0,87.1,1.6,4.0
2025-12-19 14:00:00,11.2,319.0,83.3,0.6,2.3
2025-12-19 15:00:00,11.0,7.0,84.8,,1.0
2025-12-19 16:00:00,10.8,329.0,86.1,0.4,1.1
2025-12-19 17:00:00,10.8,196.0,87.5,,1.9
2025-12-19 18:00:00,10.6,232.0,89.5,0.5,1.7
2025-12-19 19:00:00,10.6,280.0,90.0,0.9,2.1
2025-12-19 20:00:00,10.6,281.0,89.2,0.6,1.5
2025-12-19 21:00:00,10.5,305.0,89.4,0.6,1.4
2025-12-19 22:00:00,10.4,321.0,91.3,,1.0
2025-12-19 23:00:00,10.4,318.0,89.1,,1.2
2025-12-20 00:00:00,10.6,15.0,84.8,,1.3
2025-12-20 01:00:00,10.5,343.0,84.4,0.3,1.1
2025-12-20 02:00:00,10.5,3.0,82.8,0.6,1.6
2025-12-20 03:00:00,10.6,65.0,83.7,1.0,2.2
2025-12-20 04:00:00,10.4,71.0,88.6,1.0,1.9
2025-12-20 05:00:00,10.3,70.0,89.6,1.0,2.0
2025-12-20 06:00:00,10.2,49.0,90.1,0.9,2.2
2025-12-20 07:00:00,10.0,70.0,88.2,1.1,2.1
2025-12-20 08:00:00,10.1,66.0,85.3,0.7,1.7
2025-12-20 09:00:00,10.1,71.0,82.7,1.0,1.9
2025-12-20 10:00:00,10.4,87.0,81.0,0.5,1.5
2025-12-20 11:00:00,10.6,85.0,81.3,,1.7
2025-12-20 12:00:00,10.6,308.0,82.1,,1.8
2025-12-20 13:00:00,10.8,251.0,81.3,0.5,1.9
2025-12-20 14:00:00,11.0,278.0,81.0,0.5,2.0
2025-12-20 15:00:00,10.8,258.0,83.2,1.2,2.7
2025-12-20 16:00:00,10.5,249.0,86.0,1.0,2.9
2025-12-20 17:00:00,10.2,236.0,88.5,0.9,2.5
2025-12-20 18:00:00,10.0,253.0,89.3,0.8,2.1
2025-12-20 19:00:00,9.7,251.0,89.6,0.5,1.5
2025-12-20 20:00:00,9.6,262.0,90.4,0.7,1.8
2025-12-20 21:00:00,9.5,289.0,89.4,0.5,1.6
2025-12-20 22:00:00,9.5,303.0,89.4,0.6,1.4
2025-12-20 23:00:00,9.4,293.0,89.9,0.7,1.7
2025-12-21 00:00:00,9.4,356.0,89.5,,1.1
2025-12-21 01:00:00,9.6,117.0,89.2,,1.3
2025-12-21 02:00:00,9.5,263.0,91.0,,1.4
2025-12-21 03:00:00,9.4,328.0,91.7,0.3,0.9
2025-12-21 04:00:00,9.5,62.0,89.6,1.1,3.0
2025-12-21 05:00:00,9.1,62.0,87.5,0.8,2.2
2025-12-21 06:00:00,8.6,66.0,88.3,0.6,1.2
2025-12-21 07:00:00,8.4,71.0,89.8,0.8,1.8
2025-12-21 08:00:00,8.2,78.0,91.1,0.5,1.3
2025-12-21 09:00:00,8.5,77.0,88.4,0.8,1.8
2025-12-21 10:00:00,9.0,74.0,84.7,0.8,2.6
2025-12-21 11:00:00,9.6,82.0,80.5,1.5,3.9
2025-12-21 12:00:00,10.1,96.0,72.6,1.8,4.7
2025-12-21 13:00:00,10.6,93.0,72.3,1.4,3.5
2025-12-21 14:00:00,11.0,84.0,69.1,2.1,4.7
2025-12-21 15:00:00,10.7,86.0,71.0,2.0,4.4
2025-12-21 16:00:00,9.8,90.0,78.7,1.9,4.2
2025-12-21 17:00:00,9.7,88.0,80.0,1.6,3.7
2025-12-21 18:00:00,9.6,76.0,79.8,1.4,3.0
2025-12-21 19:00:00,9.6,67.0,80.4,1.0,2.2
2025-12-21 20:00:00,9.6,69.0,79.0,,2.2
2025-12-21 21:00:00,9.7,70.0,78.0,,1.1
2025-12-21 22:00:00,9.9,64.0,77.1,0.5,1.2
2025-12-21 23:00:00,10.0,22.0,76.8,0.5,1.3
2025-12-22 00:00:00,10.0,16.0,78.7,0.5,1.2
2025-12-22 01:00:00,9.6,8.0,81.0,0.6,1.6
2025-12-22 02:00:00,9.8,88.0,78.2,0.6,1.5
2025-12-22 03:00:00,9.9,95.0,77.3,1.0,2.9
2025-12-22 04:00:00,9.7,75.0,76.7,1.1,2.5
2025-12-22 05:00:00,9.6,55.0,76.1,0.9,2.1
2025-12-22 06:00:00,9.4,45.0,75.4,0.8,2.1
2025-12-22 07:00:00,9.3,66.0,75.2,0.9,2.3
2025-12-22 08:00:00,9.2,70.0,73.0,1.1,2.3
2025-12-22 09:00:00,9.4,82.0,73.5,1.1,3.5
2025-12-22 10:00:00,9.7,82.0,69.6,1.5,3.4
2025-12-22 11:00:00,10.0,73.0,67.4,1.7,4.2
2025-12-22 12:00:00,10.4,88.0,67.0,1.5,3.1
2025-12-22 13:00:00,10.5,74.0,65.7,1.1,3.0
2025-12-22 14:00:00,10.6,82.0,64.7,0.6,1.8
2025-12-22 15:00:00,10.6,93.0,66.4,,2.3
2025-12-22 16:00:00,10.0,98.0,70.9,0.9,2.4
2025-12-22 17:00:00,9.4,97.0,74.8,1.3,3.0
2025-12-22 18:00:00,9.2,48.0,75.0,0.7,1.7
2025-12-22 19:00:00,8.9,17.0,77.3,,1.4
2025-12-22 20:00:00,8.9,349.0,79.6,0.5,1.1
2025-12-22 21:00:00,8.5,347.0,82.2,0.6,2.0
2025-12-22 22:00:00,8.6,351.0,80.6,0.7,2.4
2025-12-22 23:00:00,8.8,42.0,77.7,0.4,1.8
2025-12-23 00:00:00,9.2,105.0,77.3,1.0,2.4
2025-12-23 01:00:00,8.9,85.0,77.4,0.6,1.9
2025-12-23 02:00:00,8.4,66.0,87.4,0.5,1.3
2025-12-23 03:00:00,8.3,32.0,89.4,0.6,1.9
2025-12-23 04:00:00,8.3,22.0,86.7,,1.4
2025-12-23 05:00:00,8.4,2.0,83.9,,1.8
2025-12-23 06:00:00,8.2,299.0,84.7,,2.4
2025-12-23 07:00:00,8.1,269.0,88.7,0.9,2.5
2025-12-23 08:00:00,7.8,270.0,92.3,1.0,3.5
2025-12-23 09:00:00,8.0,259.0,92.5,0.6,2.0
2025-12-23 10:00:00,8.3,259.0,91.9,0.7,1.9
2025-12-23 11:00:00,8.9,241.0,90.4,0.6,2.4
2025-12-23 12:00:00,9.0,268.0,88.8,1.2,3.1
2025-12-23 13:00:00,9.5,274.0,85.9,0.7,2.3
2025-12-23 14:00:00,10.0,191.0,81.6,,1.2
2025-12-23 15:00:00,10.3,259.0,80.4,0.8,1.8
2025-12-23 16:00:00,10.1,254.0,84.7,0.8,2.3
2025-12-23 17:00:00,9.5,236.0,91.1,1.1,2.8
2025-12-23 18:00:00,9.1,231.0,94.4,0.8,2.5
2025-12-23 19:00:00,9.2,214.0,94.1,0.4,1.9
2025-12-23 20:00:00,9.2,257.0,94.6,0.5,1.5
2025-12-23 21:00:00,9.0,291.0,97.3,1.0,2.4
2025-12-23 22:00:00,8.9,296.0,98.8,1.0,2.4
2025-12-23 23:00:00,9.0,271.0,97.7,0.6,2.2
2025-12-24 00:00:00,9.0,275.0,95.0,0.4,1.6
2025-12-24 01:00:00,9.1,267.0,92.7,0.4,1.4
2025-12-24 02:00:00,9.0,262.0,92.3,,1.1
2025-12-24 03:00:00,8.9,277.0,92.6,0.5,1.1
2025-12-24 04:00:00,8.4,290.0,94.5,0.5,1.3
2025-12-24 05:00:00,8.0,284.0,94.2,,0.9
2025-12-24 06:00:00,7.7,63.0,93.4,,1.1
2025-12-24 07:00:00,7.7,75.0,93.3,0.7,1.5
2025-12-24 08:00:00,8.2,113.0,91.4,1.5,3.3
2025-12-24 09:00:00,8.2,123.0,93.0,1.5,5.0
2025-12-24 10:00:00,8.6,110.0,89.7,3.0,8.4
2025-12-24 11:00:00,8.0,112.0,91.7,3.5,9.2
2025-12-24 12:00:00,7.4,111.0,96.9,3.8,9.2
2025-12-24 13:00:00,7.1,103.0,99.2,4.3,10.1
2025-12-24 14:00:00,6.9,105.0,98.1,4.1,10.8
2025-12-24 15:00:00,6.7,102.0,97.9,4.1,9.3
2025-12-24 16:00:00,6.5,104.0,98.7,3.0,7.2
2025-12-24 17:00:00,6.3,105.0,99.3,2.9,6.7
2025-12-24 18:00:00,6.3,105.0,99.4,2.8,7.3
2025-12-24 19:00:00,6.1,110.0,99.4,2.5,7.0
2025-12-24 20:00:00,6.0,106.0,99.3,2.3,7.6
2025-12-24 21:00:00,6.0,93.0,99.3,1.6,4.0
2025-12-24 22:00:00,5.9,74.0,99.4,0.9,3.2
2025-12-24 23:00:00,5.7,345.0,99.4,0.6,2.8
2025-12-25 00:00:00,5.4,304.0,99.4,0.8,2.6
2025-12-25 01:00:00,5.5,276.0,99.4,0.6,2.3
2025-12-25 02:00:00,5.5,270.0,99.4,0.7,1.9
2025-12-25 03:00:00,5.5,277.0,99.4,0.8,2.2
2025-12-25 04:00:00,5.4,246.0,99.4,0.8,2.5
2025-12-25 05:00:00,5.6,219.0,99.4,0.5,2.0
2025-12-25 06:00:00,5.6,190.0,99.3,0.9,2.4
2025-12-25 07:00:00,5.5,198.0,99.3,0.9,2.4
2025-12-25 08:00:00,5.6,260.0,99.4,0.8,2.4
2025-12-25 09:00:00,5.8,267.0,99.0,1.3,3.2
2025-12-25 10:00:00,5.9,290.0,98.6,1.1,2.7
2025-12-25 11:00:00,6.0,292.0,97.7,1.1,3.1
2025-12-25 12:00:00,6.3,290.0,97.7,1.1,3.0
2025-12-25 13:00:00,6.6,348.0,96.2,,1.4
2025-12-25 14:00:00,6.7,300.0,96.3,1.1,3.3
2025-12-25 15:00:00,6.9,303.0,95.4,1.2,3.4
2025-12-25 16:00:00,6.9,288.0,92.8,0.7,3.3
2025-12-25 17:00:00,7.0,296.0,92.1,,2.0
2025-12-25 18:00:00,6.9,318.0,93.4,,2.7
2025-12-25 19:00:00,6.5,292.0,96.6,0.7,2.0
2025-12-25 20:00:00,6.5,340.0,97.4,0.7,2.5
2025-12-25 21:00:00,6.5,343.0,96.0,0.7,2.3
2025-12-25 22:00:00,6.7,353.0,94.5,0.7,2.9
2025-12-25 23:00:00,7.0,66.0,92.6,0.6,1.8
2025-12-26 00:00:00,7.1,47.0,92.4,0.9,3.0
2025-12-26 01:00:00,7.3,55.0,84.3,1.4,3.3
2025-12-26 02:00:00,6.9,68.0,76.0,1.5,3.7
2025-12-26 03:00:00,6.5,66.0,74.1,1.1,2.4
2025-12-26 04:00:00,6.6,65.0,73.5,1.1,2.5
2025-12-26 05:00:00,6.5,74.0,71.1,1.0,2.5
2025-12-26 06:00:00,5.7,99.0,73.8,0.6,1.6
2025-12-26 07:00:00,5.1,127.0,74.9,0.6,1.8
2025-12-26 08:00:00,5.1,132.0,74.8,,1.5
2025-12-26 09:00:00,5.5,347.0,76.0,,1.1
2025-12-26 10:00:00,6.7,281.0,73.5,0.6,1.8
2025-12-26 11:00:00,7.5,256.0,72.9,0.9,2.9
2025-12-26 12:00:00,8.2,259.0,69.1,1.0,4.5
2025-12-26 13:00:00,9.1,261.0,66.5,0.9,4.1
2025-12-26 14:00:00,9.4,235.0,64.8,0.6,2.5
2025-12-26 15:00:00,8.8,221.0,67.0,0.6,2.3
2025-12-26 16:00:00,8.4,187.0,69.2,0.8,2.5
2025-12-26 17:00:00,7.7,156.0,65.5,0.8,2.7
2025-12-26 18:00:00,7.5,161.0,65.5,1.1,2.8
2025-12-26 19:00:00,7.7,115.0,66.6,1.1,2.3
2025-12-26 20:00:00,7.8,93.0,67.4,0.9,2.1
2025-12-26 21:00:00,7.6,65.0,68.7,1.1,3.4
2025-12-26 22:00:00,6.4,26.0,75.6,,1.5
2025-12-26 23:00:00,5.7,8.0,80.7,0.4,1.5
2025-12-27 00:00:00,5.4,309.0,82.2,0.6,1.5
2025-12-27 01:00:00,5.1,292.0,83.4,0.6,1.2
2025-12-27 02:00:00,4.8,268.0,84.7,0.5,1.3
2025-12-27 03:00:00,4.4,286.0,88.0,0.7,1.9
2025-12-27 04:00:00,4.1,259.0,90.6,0.7,1.5
2025-12-27 05:00:00,3.9,262.0,92.1,0.8,1.9
2025-12-27 06:00:00,3.9,233.0,92.3,0.6,2.2
2025-12-27 07:00:00,3.6,244.0,94.2,0.5,1.6
2025-12-27 08:00:00,3.7,252.0,94.3,0.6,2.0
2025-12-27 09:00:00,4.3,248.0,90.4,0.8,2.1
2025-12-27 10:00:00,5.2,245.0,85.8,0.8,3.1
2025-12-27 11:00:00,6.6,248.0,78.4,1.2,3.0
2025-12-27 12:00:00,8.0,231.0,73.1,1.2,2.9
2025-12-27 13:00:00,9.5,232.0,66.5,1.5,4.7
2025-12-27 14:00:00,10.2,239.0,63.0,1.3,3.8
2025-12-27 15:00:00,9.6,235.0,65.8,1.0,3.1
2025-12-27 16:00:00,8.7,233.0,70.8,1.2,3.1
2025-12-27 17:00:00,7.7,240.0,76.0,0.6,1.9
2025-12-27 18:00:00,7.2,245.0,79.0,0.7,2.1
2025-12-27 19:00:00,6.8,251.0,81.7,0.7,2.6
2025-12-27 20:00:00,6.6,242.0,84.0,0.9,2.9
2025-12-27 21:00:00,6.2,253.0,85.7,1.0,2.8
2025-12-27 22:00:00,5.7,256.0,86.1,1.0,3.3
2025-12-27 23:00:00,5.2,248.0,87.4,0.8,2.2
2025-12-28 00:00:00,4.7,253.0,88.5,0.9,3.2
2025-12-28 01:00:00,4.0,264.0,90.8,0.8,1.9
2025-12-28 02:00:00,3.9,266.0,90.0,0.9,2.0
2025-12-28 03:00:00,3.5,276.0,89.6,0.7,2.0
2025-12-28 04:00:00,3.3,262.0,88.2,0.7,2.1
2025-12-28 05:00:00,2.9,281.0,90.2,0.3,1.0
2025-12-28 06:00:00,2.4,316.0,91.4,,1.8
2025-12-28 07:00:00,2.5,298.0,90.4,,1.8
2025-12-28 08:00:00,2.1,292.0,88.8,0.4,2.5
2025-12-28 09:00:00,3.0,229.0,85.5,,1.1
2025-12-28 10:00:00,4.8,11.0,78.4,,1.6
2025-12-28 11:00:00,7.1,57.0,68.1,0.9,3.2
2025-12-28 12:00:00,8.5,61.0,60.4,1.3,3.7
2025-12-28 13:00:00,10.1,84.0,56.0,1.1,2.8
2025-12-28 14:00:00,11.1,88.0,54.0,1.8,4.2
2025-12-28 15:00:00,10.4,103.0,57.6,1.6,3.6
2025-12-28 16:00:00,8.9,87.0,66.2,1.4,3.7
2025-12-28 17:00:00,7.4,21.0,71.3,,1.1
2025-12-28 18:00:00,6.7,349.0,74.7,,1.1
2025-12-28 19:00:00,6.2,352.0,78.0,0.5,1.5
2025-12-28 20:00:00,5.7,48.0,80.8,0.6,1.3
2025-12-28 21:00:00,5.3,52.0,81.0,0.6,1.3
2025-12-28 22:00:00,4.9,341.0,81.8,,0.6
2025-12-28 23:00:00,4.4,339.0,82.3,0.6,1.3
2025-12-29 00:00:00,3.8,351.0,82.1,,1.2
2025-12-29 01:00:00,3.3,352.0,81.5,,1.4
2025-12-29 02:00:00,3.9,214.0,83.7,0.7,2.2
2025-12-29 03:00:00,3.4,276.0,90.0,0.7,1.7
2025-12-29 04:00:00,2.6,311.0,91.0,0.7,1.7
2025-12-29 05:00:00,2.3,312.0,87.1,,1.5
2025-12-29 06:00:00,2.3,286.0,87.2,,1.4
2025-12-29 07:00:00,2.3,280.0,86.0,0.6,1.4
2025-12-29 08:00:00,2.5,260.0,85.4,0.5,1.9
2025-12-29 09:00:00,3.2,250.0,81.1,0.7,2.0
2025-12-29 10:00:00,4.5,237.0,74.3,1.1,3.2
2025-12-29 11:00:00,5.9,239.0,70.4,1.4,3.5
2025-12-29 12:00:00,7.4,243.0,64.8,1.4,4.2
2025-12-29 13:00:00,8.5,248.0,63.9,1.4,3.5
2025-12-29 14:00:00,9.7,238.0,60.2,1.3,3.0
2025-12-29 15:00:00,9.5,239.0,58.0,1.1,2.6
2025-12-29 16:00:00,8.6,255.0,59.4,0.8,2.4
2025-12-29 17:00:00,7.7,238.0,66.0,0.8,2.3
2025-12-29 18:00:00,6.8,254.0,71.7,0.6,1.8
2025-12-29 19:00:00,6.0,298.0,75.7,0.7,1.6
2025-12-29 20:00:00,5.4,282.0,78.3,0.4,1.0
2025-12-29 21:00:00,4.8,264.0,81.2,,1.4
2025-12-29 22:00:00,4.5,304.0,80.8,0.5,1.4
2025-12-29 23:00:00,3.9,329.0,83.4,0.4,1.3
2025-12-30 00:00:00,3.3,344.0,85.2,,1.0
2025-12-30 01:00:00,2.9,353.0,86.1,,1.3
2025-12-30 02:00:00,2.6,337.0,87.3,,1.0
2025-12-30 03:00:00,2.4,321.0,85.9,0.5,1.3
2025-12-30 04:00:00,2.3,340.0,84.5,0.3,1.2
2025-12-30 05:00:00,2.2,328.0,84.4,,1.8
2025-12-30 06:00:00,2.3,24.0,84.7,0.4,1.6
2025-12-30 07:00:00,2.3,53.0,87.6,0.5,1.7
2025-12-30 08:00:00,2.7,63.0,85.5,1.2,2.8
2025-12-30 09:00:00,3.1,80.0,82.3,1.4,3.2
2025-12-30 10:00:00,3.7,81.0,81.1,2.1,4.3
2025-12-30 11:00:00,3.7,89.0,82.6,3.0,6.3
2025-12-30 12:00:00,3.2,80.0,88.3,2.8,8.4
2025-12-30 13:00:00,4.3,63.0,85.8,3.5,8.7
2025-12-30 14:00:00,5.1,69.0,82.3,2.8,7.9
2025-12-30 15:00:00,5.0,70.0,82.3,3.1,6.9
2025-12-30 16:00:00,5.2,64.0,81.4,1.8,5.1
2025-12-30 17:00:00,4.5,28.0,84.5,0.9,2.3
2025-12-30 18:00:00,4.0,0.0,87.3,0.8,2.0
2025-12-30 19:00:00,4.0,11.0,88.1,0.7,2.1
2025-12-30 20:00:00,3.8,356.0,88.0,0.6,1.7
2025-12-30 21:00:00,3.9,305.0,87.5,0.5,1.6
2025-12-30 22:00:00,4.4,335.0,84.9,,1.4
2025-12-30 23:00:00,4.5,316.0,83.8,0.6,1.5
2025-12-31 23:00:00,3.3,248.0,81.3,,1.0
2026-01-01 00:00:00,2.9,300.0,83.0,0.3,1.1
2026-01-01 01:00:00,2.3,342.0,86.2,0.4,0.9
2026-01-01 02:00:00,1.9,4.0,87.4,,1.0
2026-01-01 03:00:00,1.4,20.0,89.4,0.4,0.9
2026-01-01 04:00:00,1.1,333.0,89.6,0.4,1.0
2026-01-01 05:00:00,0.9,5.0,89.6,,1.1
2026-01-01 06:00:00,0.7,350.0,89.4,0.4,1.0
2026-01-01 07:00:00,0.6,1.0,90.4,0.5,1.7
2026-01-01 08:00:00,0.5,353.0,90.6,,1.2
2026-01-01 09:00:00,1.4,357.0,86.8,,0.8
2026-01-01 10:00:00,2.8,344.0,81.6,,1.4
2026-01-01 11:00:00,3.8,310.0,77.8,,1.3
2026-01-01 12:00:00,4.2,305.0,75.8,,1.3
2026-01-01 13:00:00,4.8,,72.5,,1.3
2026-01-01 14:00:00,5.2,60.0,71.8,,1.3
2026-01-01 15:00:00,4.8,257.0,76.0,0.7,2.8
2026-01-01 16:00:00,4.3,262.0,79.7,1.0,2.7
2026-01-01 17:00:00,3.9,256.0,81.7,0.8,3.2
2026-01-01 18:00:00,3.7,262.0,83.5,0.7,2.3
2026-01-01 19:00:00,3.8,260.0,83.9,0.9,2.3
2026-01-01 20:00:00,3.9,260.0,81.9,0.7,2.4
2026-01-01 21:00:00,4.0,269.0,80.3,0.7,2.3
2026-01-01 22:00:00,4.0,259.0,78.7,1.0,3.1
2026-01-01 23:00:00,3.8,242.0,80.9,1.2,3.1
2026-01-02 00:00:00,3.7,249.0,81.2,1.0,2.9
2026-01-02 01:00:00,3.4,256.0,84.1,0.8,2.4
2026-01-02 02:00:00,3.3,242.0,86.2,0.9,2.8
2026-01-02 03:00:00,3.0,246.0,89.0,1.1,3.4
2026-01-02 04:00:00,2.9,253.0,90.4,1.0,3.3
2026-01-02 05:00:00,2.8,269.0,92.6,0.9,3.2
2026-01-02 06:00:00,2.7,246.0,93.0,0.9,2.7
2026-01-02 07:00:00,2.3,261.0,93.9,1.0,2.4
2026-01-02 08:00:00,1.8,293.0,95.8,0.7,2.4
2026-01-02 09:00:00,1.6,286.0,97.4,0.6,2.3
2026-01-02 10:00:00,2.1,297.0,95.3,0.6,2.5
2026-01-02 11:00:00,3.0,278.0,89.0,,1.6
2026-01-02 12:00:00,4.2,232.0,80.4,,1.9
2026-01-02 13:00:00,4.2,219.0,81.7,0.5,2.2
2026-01-02 14:00:00,4.7,229.0,76.4,0.8,3.0
2026-01-02 15:00:00,5.4,221.0,73.2,,2.4
2026-01-02 16:00:00,5.3,200.0,74.9,1.0,2.7
2026-01-02 17:00:00,4.6,267.0,75.0,0.6,1.8
2026-01-02 18:00:00,4.0,302.0,77.6,0.6,1.5
2026-01-02 19:00:00,4.3,13.0,77.5,,2.0
2026-01-02 20:00:00,4.4,50.0,79.5,0.9,2.1
2026-01-02 21:00:00,4.4,74.0,80.9,0.8,2.9
2026-01-02 22:00:00,4.2,81.0,83.9,1.1,2.4
2026-01-02 23:00:00,3.8,61.0,87.8,0.8,2.1
2026-01-03 00:00:00,3.3,40.0,90.3,0.6,1.8
2026-01-03 01:00:00,2.5,61.0,94.4,0.3,2.0
2026-01-03 02:00:00,2.3,61.0,96.5,0.4,1.6
2026-01-03 03:00:00,2.3,205.0,97.8,0.7,2.7
2026-01-03 04:00:00,2.2,228.0,99.1,0.7,3.1
2026-01-03 05:00:00,1.8,274.0,99.4,0.5,1.8
2026-01-03 06:00:00,1.8,297.0,99.2,,1.8
2026-01-03 07:00:00,1.3,37.0,99.2,,1.1
2026-01-03 08:00:00,1.6,35.0,99.3,,1.0
2026-01-03 09:00:00,2.2,134.0,96.4,0.4,2.0
2026-01-03 10:00:00,2.4,293.0,92.9,,1.4
2026-01-03 11:00:00,2.9,3.0,90.7,,2.1
2026-01-03 12:00:00,3.8,82.0,80.6,0.6,1.8
2026-01-03 13:00:00,4.8,97.0,76.0,,2.3
2026-01-03 14:00:00,6.2,90.0,69.2,0.9,2.3
2026-01-03 15:00:00,5.7,87.0,72.5,1.1,2.6
2026-01-03 16:00:00,4.0,91.0,81.3,1.3,2.7
2026-01-03 17:00:00,2.5,90.0,88.5,1.6,3.8
2026-01-03 18:00:00,1.8,78.0,92.7,1.7,4.6
2026-01-03 19:00:00,1.8,65.0,92.7,2.0,4.2
2026-01-03 20:00:00,2.1,71.0,92.1,1.5,3.7
2026-01-03 21:00:00,2.2,74.0,91.8,1.0,2.8
2026-01-03 22:00:00,2.1,27.0,93.2,0.8,2.4
2026-01-03 23:00:00,2.3,34.0,92.5,0.8,2.8
2026-01-04 00:00:00,2.1,334.0,93.1,0.4,1.7
2026-01-04 01:00:00,1.6,326.0,95.8,0.5,2.1
2026-01-04 02:00:00,1.3,307.0,96.9,0.7,1.9
2026-01-04 03:00:00,0.8,303.0,98.1,1.0,2.4
2026-01-04 04:00:00,0.3,301.0,99.3,1.0,2.0
2026-01-04 05:00:00,0.0,294.0,99.4,0.8,2.3
2026-01-04 06:00:00,0.2,264.0,99.4,0.9,2.4
2026-01-04 07:00:00,0.1,264.0,99.4,1.5,3.4
2026-01-04 08:00:00,-0.5,277.0,99.4,1.2,3.0
2026-01-04 09:00:00,-0.7,279.0,99.4,0.8,2.9
2026-01-04 10:00:00,-0.4,247.0,99.4,0.8,2.6
2026-01-04 11:00:00,0.8,286.0,92.9,0.9,2.3
2026-01-04 12:00:00,0.9,294.0,88.5,1.1,2.9
2026-01-04 13:00:00,2.5,284.0,79.7,0.7,2.2
2026-01-04 14:00:00,4.5,308.0,69.0,,1.5
2026-01-04 15:00:00,5.7,118.0,57.9,,1.7
2026-01-04 16:00:00,4.6,242.0,66.7,0.6,2.0
2026-01-04 17:00:00,3.4,267.0,75.1,0.6,1.4
2026-01-04 18:00:00,2.8,290.0,81.7,0.6,1.4
2026-01-04 19:00:00,2.4,306.0,82.6,0.8,1.6
2026-01-04 20:00:00,2.0,283.0,83.8,,0.8
2026-01-04 21:00:00,1.5,349.0,86.5,0.5,1.0
2026-01-04 22:00:00,1.1,347.0,86.2,0.6,1.3
2026-01-04 23:00:00,0.8,347.0,84.3,0.4,1.0
2026-01-05 00:00:00,0.4,354.0,84.7,0.5,1.0
2026-01-05 01:00:00,0.0,338.0,85.1,0.5,1.3
2026-01-05 02:00:00,-0.3,327.0,83.3,0.4,1.0
2026-01-05 03:00:00,-0.4,321.0,79.7,,0.9
2026-01-05 04:00:00,-0.7,358.0,80.0,0.5,1.0
2026-01-05 05:00:00,-0.8,4.0,82.0,0.5,1.1
2026-01-05 06:00:00,-0.8,351.0,81.7,0.4,1.0
2026-01-05 07:00:00,-0.8,350.0,82.1,0.4,1.5
2026-01-05 08:00:00,-0.5,4.0,80.5,0.5,1.5
2026-01-05 09:00:00,0.6,10.0,74.6,0.6,1.5
2026-01-05 10:00:00,2.0,4.0,63.3,0.7,1.7
2026-01-05 11:00:00,3.2,39.0,54.4,0.4,1.8
2026-01-05 12:00:00,4.0,116.0,46.0,1.1,3.6
2026-01-05 13:00:00,4.7,108.0,43.7,0.8,2.7
2026-01-05 14:00:00,4.8,97.0,43.7,0.7,3.1
2026-01-05 15:00:00,4.2,102.0,48.2,0.6,2.2
2026-01-05 16:00:00,3.8,175.0,50.6,,1.9
2026-01-05 17:00:00,3.1,186.0,53.9,,1.8
2026-01-05 18:00:00,2.5,238.0,59.1,0.5,1.8
2026-01-05 19:00:00,2.2,286.0,63.8,0.8,1.6
2026-01-05 20:00:00,2.1,303.0,63.8,0.6,1.4
2026-01-05 21:00:00,1.8,328.0,64.8,0.4,1.0
2026-01-05 22:00:00,1.6,313.0,63.5,,1.1
2026-01-05 23:00:00,1.0,352.0,66.1,,1.0
2026-01-06 00:00:00,0.6,355.0,68.2,,0.9
2026-01-06 01:00:00,0.6,344.0,69.6,,1.5
2026-01-06 02:00:00,0.2,11.0,72.6,0.3,1.1
2026-01-06 03:00:00,0.1,358.0,74.2,,0.9
2026-01-06 04:00:00,0.3,11.0,74.4,0.4,1.3
2026-01-06 05:00:00,0.0,333.0,75.2,0.4,1.2
2026-01-06 06:00:00,-0.2,317.0,73.9,,1.1
2026-01-06 07:00:00,-0.2,334.0,74.8,0.4,1.5
2026-01-06 08:00:00,-0.6,317.0,72.1,0.5,1.6
2026-01-06 09:00:00,-0.4,322.0,69.3,,1.1
2026-01-06 10:00:00,0.5,356.0,64.6,0.5,1.3
2026-01-06 11:00:00,2.1,344.0,54.7,,1.3
2026-01-06 12:00:00,3.8,93.0,47.3,,2.8
2026-01-06 13:00:00,5.3,78.0,42.6,1.0,3.3
2026-01-06 14:00:00,6.1,86.0,41.2,1.3,3.1
2026-01-06 15:00:00,5.8,94.0,37.9,1.3,4.3
2026-01-06 16:00:00,4.2,103.0,43.9,1.8,4.0
2026-01-06 17:00:00,3.4,108.0,52.5,2.0,4.6
2026-01-06 18:00:00,2.6,104.0,60.7,1.7,4.1
2026-01-06 19:00:00,1.9,94.0,67.9,1.2,3.4
2026-01-06 20:00:00,1.5,66.0,73.1,1.2,2.6
2026-01-06 21:00:00,1.1,44.0,75.5,1.1,2.5
2026-01-06 22:00:00,0.8,60.0,76.7,1.0,2.1
2026-01-06 23:00:00,0.6,53.0,77.3,1.1,2.1
2026-01-07 00:00:00,0.4,38.0,78.7,1.1,2.3
2026-01-07 01:00:00,-0.4,2.0,83.1,0.5,1.6
2026-01-07 02:00:00,-0.6,317.0,83.0,0.4,1.2
2026-01-07 03:00:00,-1.0,357.0,82.8,,1.4
2026-01-07 04:00:00,-1.2,308.0,81.8,0.5,1.3
2026-01-07 05:00:00,-1.4,320.0,81.6,0.4,1.3
2026-01-07 06:00:00,-1.4,313.0,82.3,0.6,1.5
2026-01-07 07:00:00,-1.2,294.0,81.8,,1.4
2026-01-07 08:00:00,-0.8,239.0,79.3,0.4,1.4
2026-01-07 09:00:00,0.2,232.0,77.3,0.7,2.0
2026-01-07 10:00:00,1.1,246.0,75.7,1.3,3.6
2026-01-07 11:00:00,1.5,232.0,75.0,1.7,4.9
2026-01-07 12:00:00,1.9,229.0,75.2,1.5,3.9
2026-01-07 13:00:00,2.6,227.0,70.9,1.2,4.5
2026-01-07 14:00:00,3.1,234.0,68.3,1.1,3.5
2026-01-07 15:00:00,2.3,254.0,69.2,1.6,4.5
2026-01-07 16:00:00,1.5,237.0,74.4,0.9,3.7
2026-01-07 17:00:00,0.9,262.0,78.6,0.8,2.4
2026-01-07 18:00:00,0.6,250.0,81.7,0.7,2.7
2026-01-07 19:00:00,0.1,252.0,85.4,0.9,2.4
2026-01-07 20:00:00,0.0,262.0,87.4,0.9,2.2
2026-01-07 21:00:00,-0.4,289.0,90.0,0.7,1.8
2026-01-07 22:00:00,-0.9,306.0,90.9,0.8,1.7
2026-01-07 23:00:00,-1.1,305.0,91.0,0.7,2.0
2026-01-08 00:00:00,-1.3,304.0,90.5,,1.2
2026-01-08 01:00:00,-1.5,311.0,90.8,0.5,1.5
2026-01-08 02:00:00,-1.7,306.0,89.8,,1.3
2026-01-08 03:00:00,-2.2,296.0,88.1,0.6,1.7
2026-01-08 04:00:00,-2.4,302.0,85.9,0.4,1.4
2026-01-08 05:00:00,-2.5,253.0,85.5,0.7,2.0
2026-01-08 06:00:00,-2.5,246.0,82.4,,1.9
2026-01-08 07:00:00,-2.6,308.0,80.1,0.3,1.8
2026-01-08 08:00:00,-2.3,241.0,78.1,,1.7
2026-01-08 09:00:00,-1.5,237.0,71.6,,1.9
2026-01-08 10:00:00,0.1,283.0,60.3,0.5,1.5
2026-01-08 11:00:00,1.1,305.0,54.7,0.6,1.7
2026-01-08 12:00:00,2.6,318.0,52.0,0.6,1.9
2026-01-08 13:00:00,4.3,276.0,45.1,0.6,2.2
2026-01-08 14:00:00,5.7,261.0,40.5,0.6,2.2
2026-01-08 15:00:00,6.0,287.0,41.0,,1.7
2026-01-08 16:00:00,5.4,264.0,40.7,,1.2
2026-01-08 17:00:00,4.5,267.0,48.5,,1.5
2026-01-08 18:00:00,3.9,209.0,59.4,,2.3
2026-01-08 19:00:00,2.7,234.0,70.9,0.6,2.8
2026-01-08 20:00:00,3.1,36.0,69.0,0.7,3.3
2026-01-08 21:00:00,3.2,95.0,71.2,1.5,4.6
2026-01-08 22:00:00,2.6,89.0,71.0,1.2,3.6
2026-01-08 23:00:00,2.6,81.0,68.0,1.3,4.3
2026-01-09 00:00:00,2.4,90.0,70.6,1.9,4.4
2026-01-09 01:00:00,1.7,87.0,75.6,2.3,5.6
2026-01-09 02:00:00,1.0,88.0,79.5,2.8,6.5
2026-01-09 03:00:00,1.1,80.0,75.1,1.7,5.2
2026-01-09 04:00:00,1.1,76.0,72.0,2.0,4.4
2026-01-09 05:00:00,1.0,76.0,72.1,1.6,3.8
2026-01-09 06:00:00,0.6,71.0,78.9,1.0,2.9
2026-01-09 07:00:00,0.5,41.0,82.1,1.0,3.2
2026-01-09 08:00:00,0.4,14.0,83.4,0.7,3.5
2026-01-09 09:00:00,1.1,26.0,76.9,0.6,3.3
2026-01-09 10:00:00,1.0,317.0,78.8,0.5,2.2
2026-01-09 11:00:00,1.3,265.0,79.6,0.6,1.9
2026-01-09 12:00:00,1.8,268.0,79.8,0.8,2.7
2026-01-09 13:00:00,2.1,244.0,78.1,0.9,2.5
2026-01-09 14:00:00,2.5,253.0,74.6,0.7,2.3
2026-01-09 15:00:00,2.6,251.0,73.0,1.0,3.1
2026-01-09 16:00:00,2.5,269.0,75.0,0.9,3.2
2026-01-09 17:00:00,2.1,255.0,79.2,1.4,3.6
2026-01-09 18:00:00,1.5,254.0,82.9,1.5,3.9
2026-01-09 19:00:00,1.2,280.0,84.8,0.8,3.1
2026-01-09 20:00:00,0.9,267.0,85.9,0.8,2.4
2026-01-09 21:00:00,0.7,277.0,85.2,0.8,3.0
2026-01-09 22:00:00,0.9,272.0,81.8,0.5,2.9
2026-01-09 23:00:00,0.7,208.0,81.9,1.1,3.6
2026-01-10 00:00:00,0.4,224.0,82.0,0.9,3.4
2026-01-10 01:00:00,-0.4,255.0,86.9,1.1,3.2
2026-01-10 02:00:00,-0.7,258.0,88.8,0.8,3.5
2026-01-10 03:00:00,-0.8,51.0,89.9,,2.5
2026-01-10 04:00:00,-0.7,288.0,89.8,0.4,2.0
2026-01-10 05:00:00,-1.1,13.0,90.7,,1.8
2026-01-10 06:00:00,-0.8,63.0,90.2,0.7,2.5
2026-01-10 07:00:00,-1.1,13.0,91.3,0.5,1.6
2026-01-10 08:00:00,-0.4,49.0,88.4,,1.9
2026-01-10 09:00:00,0.5,300.0,84.2,,1.5
2026-01-10 10:00:00,0.8,291.0,82.7,0.8,2.1
2026-01-10 11:00:00,1.5,282.0,80.0,0.6,2.1
2026-01-10 12:00:00,3.0,278.0,73.7,0.6,2.4
2026-01-10 13:00:00,5.1,256.0,66.7,0.5,2.3
2026-01-10 14:00:00,5.5,239.0,68.6,1.3,4.3
2026-01-10 15:00:00,4.6,246.0,74.7,1.4,4.5
2026-01-10 16:00:00,3.9,255.0,76.7,1.6,3.9
2026-01-10 17:00:00,3.8,252.0,75.9,1.0,3.1
2026-01-10 18:00:00,3.9,260.0,73.5,0.9,2.5
2026-01-10 19:00:00,4.8,310.0,56.5,1.3,3.4
2026-01-10 20:00:00,6.4,338.0,36.7,1.3,4.5
2026-01-10 21:00:00,7.2,302.0,30.9,2.2,6.6
2026-01-10 22:00:00,7.0,301.0,30.9,2.5,6.9
2026-01-10 23:00:00,6.9,300.0,29.6,2.6,6.3
2026-01-11 00:00:00,6.7,301.0,29.6,2.8,8.5
2026-01-11 01:00:00,6.3,301.0,30.8,3.4,8.4
2026-01-11 02:00:00,5.8,301.0,32.5,2.5,6.2
2026-01-11 03:00:00,5.1,301.0,34.9,1.9,5.7
2026-01-11 04:00:00,4.4,297.0,37.1,1.6,4.4
2026-01-11 05:00:00,3.9,299.0,39.1,1.2,3.0
2026-01-11 06:00:00,3.3,299.0,42.1,1.0,2.5
2026-01-11 07:00:00,2.8,288.0,45.3,0.9,2.0
2026-01-11 08:00:00,2.8,315.0,44.9,0.8,2.0
2026-01-11 09:00:00,4.6,34.0,40.2,0.6,2.6
2026-01-11 10:00:00,6.4,122.0,36.8,,1.6
2026-01-11 11:00:00,9.1,45.0,28.3,,4.1
2026-01-11 12:00:00,10.8,342.0,22.1,1.4,5.9
2026-01-11 13:00:00,11.8,328.0,19.2,1.5,6.7
2026-01-11 14:00:00,12.4,346.0,17.8,1.5,5.4
2026-01-11 15:00:00,11.7,65.0,23.7,0.2,3.5
2026-01-11 16:00:00,9.5,187.0,41.1,1.5,4.2
2026-01-11 17:00:00,8.1,222.0,47.4,1.1,3.1
2026-01-11 18:00:00,7.0,236.0,48.9,0.5,2.0
2026-01-11 19:00:00,5.7,351.0,54.1,,1.2
2026-01-11 20:00:00,4.7,53.0,60.4,,1.6
2026-01-11 21:00:00,4.1,56.0,66.9,0.8,1.7
2026-01-11 22:00:00,3.5,39.0,67.5,0.7,1.6
2026-01-11 23:00:00,3.2,69.0,64.3,0.8,1.6
2026-01-12 00:00:00,3.0,76.0,59.4,0.9,2.0
2026-01-12 01:00:00,2.2,28.0,61.2,0.5,1.3
2026-01-12 02:00:00,1.5,3.0,66.4,0.5,1.1
2026-01-12 03:00:00,1.0,14.0,67.2,0.6,1.3
2026-01-12 04:00:00,1.2,61.0,62.9,0.9,2.0
2026-01-12 05:00:00,1.6,77.0,54.2,0.4,2.0
2026-01-12 06:00:00,1.6,6.0,54.0,0.8,1.9
2026-01-12 07:00:00,1.7,318.0,57.4,,0.8
2026-01-12 08:00:00,2.4,25.0,53.5,,0.9
2026-01-12 09:00:00,3.2,84.0,52.0,,1.3
2026-01-12 10:00:00,4.4,124.0,51.0,,1.9
2026-01-12 11:00:00,5.5,104.0,58.3,0.6,2.0
2026-01-12 12:00:00,6.6,132.0,52.3,0.5,2.3
2026-01-12 13:00:00,7.4,145.0,50.5,0.4,2.6
2026-01-12 14:00:00,7.9,190.0,49.6,0.8,3.1
2026-01-12 15:00:00,7.5,199.0,49.6,0.8,2.6
2026-01-12 16:00:00,6.7,236.0,51.0,0.8,2.7
2026-01-12 17:00:00,6.0,237.0,54.8,0.7,2.2
2026-01-12 18:00:00,5.3,254.0,61.3,1.0,3.1
2026-01-12 19:00:00,4.8,250.0,63.8,1.2,3.2
2026-01-12 20:00:00,4.6,276.0,61.5,1.1,3.0
2026-01-12 21:00:00,4.4,303.0,61.2,1.0,2.9
2026-01-12 22:00:00,4.3,301.0,60.3,0.6,2.4
2026-01-12 23:00:00,4.5,277.0,58.9,0.6,3.2
2026-01-13 00:00:00,4.8,213.0,58.2,0.9,2.7
2026-01-13 01:00:00,4.4,262.0,61.5,0.8,2.7
2026-01-13 02:00:00,4.5,219.0,60.4,0.6,2.0
2026-01-13 03:00:00,4.7,262.0,59.6,,2.2
2026-01-13 04:00:00,4.9,297.0,59.8,,1.7
2026-01-13 05:00:00,4.9,304.0,58.3,,1.3
2026-01-13 06:00:00,5.3,289.0,56.5,,1.7
2026-01-13 07:00:00,5.2,265.0,61.9,0.6,1.7
2026-01-13 08:00:00,5.4,240.0,60.5,,1.2
2026-01-13 09:00:00,5.9,,55.8,,1.0
2026-01-13 10:00:00,6.6,122.0,59.3,0.4,1.8
2026-01-13 11:00:00,6.0,205.0,60.4,,1.9
2026-01-13 12:00:00,6.2,226.0,55.7,,1.7
2026-01-13 13:00:00,6.6,195.0,49.8,,1.2
2026-01-13 14:00:00,7.3,105.0,57.8,1.1,2.4
2026-01-13 15:00:00,6.5,180.0,60.3,0.7,2.4
2026-01-13 16:00:00,6.3,198.0,60.9,0.6,2.2
2026-01-13 17:00:00,5.5,188.0,66.2,0.8,2.7
2026-01-13 18:00:00,5.3,247.0,68.5,0.4,1.9
2026-01-13 19:00:00,5.4,280.0,67.0,,1.8
2026-01-13 20:00:00,5.6,187.0,68.5,0.1,1.6
2026-01-13 21:00:00,5.1,212.0,84.0,0.4,1.8
2026-01-13 22:00:00,4.9,,89.5,,1.1
2026-01-13 23:00:00,4.9,212.0,91.5,,1.8
2026-01-14 00:00:00,4.4,258.0,96.1,,1.5
2026-01-14 01:00:00,4.0,283.0,99.1,0.8,2.1
2026-01-14 02:00:00,3.7,275.0,99.4,0.6,2.1
2026-01-14 03:00:00,3.8,289.0,99.3,0.7,1.8
2026-01-14 04:00:00,3.8,277.0,99.4,0.6,1.7
2026-01-14 05:00:00,4.0,252.0,99.4,0.6,2.5
2026-01-14 06:00:00,4.2,256.0,99.4,0.9,2.4
2026-01-14 07:00:00,4.4,261.0,98.9,0.8,2.7
2026-01-14 08:00:00,4.6,252.0,91.1,1.0,2.8
2026-01-14 09:00:00,4.7,250.0,90.8,1.3,3.8
2026-01-14 10:00:00,5.0,238.0,89.6,1.2,3.4
2026-01-14 11:00:00,5.3,253.0,87.9,1.3,3.0
2026-01-14 12:00:00,5.7,244.0,85.3,0.9,2.8
2026-01-14 13:00:00,6.1,249.0,83.8,1.0,3.6
2026-01-14 14:00:00,6.4,236.0,82.9,0.9,2.6
2026-01-14 15:00:00,6.4,244.0,84.2,1.2,2.8
2026-01-14 16:00:00,6.5,255.0,83.8,1.1,2.4
2026-01-14 17:00:00,6.6,268.0,84.8,0.8,2.4
2026-01-14 18:00:00,6.7,253.0,84.4,0.6,2.1
2026-01-14 19:00:00,6.8,257.0,82.0,0.6,1.6
2026-01-14 20:00:00,7.0,240.0,81.0,0.7,1.7
2026-01-14 21:00:00,7.0,225.0,81.0,0.6,2.1
2026-01-14 22:00:00,6.8,236.0,80.9,0.7,2.3
2026-01-14 23:00:00,6.6,284.0,79.3,0.5,1.6
2026-01-15 00:00:00,6.4,14.0,83.7,0.8,2.3
2026-01-15 01:00:00,6.4,99.0,90.1,,1.7
2026-01-15 02:00:00,6.2,53.0,98.4,0.5,1.8
2026-01-15 03:00:00,6.0,52.0,99.4,0.6,2.2
2026-01-15 04:00:00,5.9,81.0,99.4,0.5,1.2
2026-01-15 05:00:00,5.9,86.0,99.4,,1.2
2026-01-15 06:00:00,5.9,59.0,99.4,,1.3
2026-01-15 07:00:00,6.1,80.0,99.4,0.9,1.9
2026-01-15 08:00:00,6.1,50.0,99.4,0.6,1.5
2026-01-15 09:00:00,6.3,76.0,99.4,0.8,1.8
2026-01-15 10:00:00,6.3,67.0,99.4,0.9,2.2
2026-01-15 11:00:00,6.7,68.0,99.4,0.7,2.1
2026-01-15 12:00:00,7.0,82.0,99.4,0.9,2.2
2026-01-15 13:00:00,7.2,86.0,99.4,0.9,1.7
2026-01-15 14:00:00,7.1,56.0,99.4,0.5,2.3
2026-01-15 15:00:00,7.3,80.0,99.4,1.0,2.1
2026-01-15 16:00:00,7.2,82.0,99.4,0.7,2.0
2026-01-15 17:00:00,7.1,57.0,98.3,0.5,1.6
2026-01-15 18:00:00,7.2,54.0,95.8,0.6,1.5
2026-01-15 19:00:00,7.2,62.0,95.8,0.7,1.5
2026-01-15 20:00:00,7.2,70.0,95.7,0.5,1.3
2026-01-15 21:00:00,7.1,89.0,96.7,0.5,1.2
2026-01-15 22:00:00,7.1,50.0,95.5,0.6,1.7
2026-01-15 23:00:00,7.1,69.0,92.3,,1.3
2026-01-16 00:00:00,7.1,73.0,90.0,,1.2
2026-01-16 01:00:00,6.7,303.0,97.7,,1.2
2026-01-16 02:00:00,6.6,321.0,99.4,,1.0
2026-01-16 03:00:00,6.6,317.0,99.4,0.4,1.1
2026-01-16 04:00:00,6.6,318.0,99.4,,1.3
2026-01-16 05:00:00,6.5,297.0,99.4,0.7,1.5
2026-01-16 06:00:00,6.5,266.0,99.4,0.4,1.3
2026-01-16 07:00:00,6.7,284.0,99.4,0.6,1.8
2026-01-16 08:00:00,6.8,356.0,99.4,0.5,1.5
2026-01-16 09:00:00,6.8,272.0,99.4,0.4,1.9
2026-01-16 10:00:00,7.2,240.0,99.1,0.7,2.5
2026-01-16 11:00:00,7.5,256.0,95.9,1.0,2.7
2026-01-16 12:00:00,7.7,223.0,93.9,0.8,2.5
2026-01-16 13:00:00,7.9,226.0,92.7,0.8,2.8
2026-01-16 14:00:00,8.1,268.0,93.0,1.0,2.9
2026-01-16 15:00:00,8.2,312.0,93.5,0.8,2.1
2026-01-16 16:00:00,8.0,252.0,94.5,,1.4
2026-01-16 17:00:00,8.2,1.0,93.8,,1.6
2026-01-16 18:00:00,8.6,76.0,92.6,1.1,3.3
2026-01-16 19:00:00,8.4,105.0,94.6,1.1,2.5
2026-01-16 20:00:00,8.3,68.0,98.1,1.1,2.6
2026-01-16 21:00:00,7.9,62.0,99.4,1.2,2.7
2026-01-16 22:00:00,7.8,72.0,99.4,1.4,3.0
2026-01-16 23:00:00,7.7,68.0,99.4,0.9,2.8
2026-01-17 00:00:00,7.7,73.0,99.1,1.3,2.8
2026-01-17 01:00:00,7.7,73.0,97.0,1.4,3.0
2026-01-17 02:00:00,7.6,80.0,96.3,1.1,2.5
2026-01-17 03:00:00,7.6,77.0,95.7,1.1,2.4
2026-01-17 04:00:00,7.6,57.0,94.9,1.0,2.1
2026-01-17 05:00:00,7.6,44.0,94.5,1.3,3.1
2026-01-17 06:00:00,7.6,10.0,94.5,1.2,3.0
2026-01-17 07:00:00,7.6,352.0,94.7,0.6,1.7
2026-01-17 08:00:00,7.6,324.0,94.9,0.5,1.7
2026-01-17 09:00:00,8.0,339.0,92.5,0.5,2.0
2026-01-17 10:00:00,8.5,344.0,89.5,0.3,1.3
2026-01-17 11:00:00,8.9,353.0,88.3,0.6,1.4
2026-01-17 12:00:00,9.5,323.0,85.5,,1.3
2026-01-17 13:00:00,9.8,300.0,86.3,0.5,1.8
2026-01-17 14:00:00,10.0,289.0,87.4,,2.6
2026-01-17 15:00:00,10.3,183.0,84.0,,1.5
2026-01-17 16:00:00,10.1,197.0,84.4,0.5,2.1
2026-01-17 17:00:00,9.8,280.0,87.9,0.3,1.5
2026-01-17 18:00:00,9.6,7.0,90.7,,0.9
2026-01-17 19:00:00,9.5,7.0,92.6,,1.0
2026-01-17 20:00:00,9.6,23.0,92.5,,0.9
2026-01-17 21:00:00,9.7,15.0,92.0,0.5,1.5
2026-01-17 22:00:00,9.5,5.0,91.6,0.5,1.4
2026-01-17 23:00:00,9.4,9.0,90.9,0.9,1.5
2026-01-18 00:00:00,9.3,356.0,88.6,0.5,1.3
2026-01-18 01:00:00,9.2,333.0,88.6,0.4,1.0
2026-01-18 02:00:00,8.9,1.0,88.8,,0.8
2026-01-18 03:00:00,8.2,325.0,92.1,,0.9
2026-01-18 04:00:00,8.1,32.0,93.8,0.8,1.8
2026-01-18 05:00:00,8.6,70.0,89.2,0.9,2.5
2026-01-18 06:00:00,8.6,73.0,85.2,1.0,2.1
2026-01-18 07:00:00,8.6,79.0,81.3,1.6,3.6
2026-01-18 08:00:00,8.5,67.0,79.1,1.4,2.8
2026-01-18 09:00:00,8.7,66.0,78.1,1.4,2.8
2026-01-18 10:00:00,9.0,53.0,75.0,1.2,2.4
2026-01-18 11:00:00,9.5,74.0,68.7,2.1,5.7
2026-01-18 12:00:00,9.9,83.0,64.3,2.3,5.4
2026-01-18 13:00:00,10.7,73.0,62.4,1.8,4.3
2026-01-18 14:00:00,10.6,72.0,62.0,2.1,5.4
2026-01-18 15:00:00,10.5,81.0,62.5,2.2,5.5
2026-01-18 16:00:00,10.1,78.0,64.6,2.1,5.0
2026-01-18 17:00:00,9.7,78.0,67.2,1.7,4.3
2026-01-18 18:00:00,9.4,86.0,66.2,1.6,4.4
2026-01-18 19:00:00,9.0,102.0,71.8,1.8,5.3
2026-01-18 20:00:00,8.5,82.0,69.4,2.0,4.7
2026-01-18 21:00:00,8.3,54.0,69.4,1.5,2.9
2026-01-18 22:00:00,8.3,55.0,67.0,1.5,3.2
2026-01-18 23:00:00,8.1,72.0,64.9,1.4,3.1
2026-01-19 00:00:00,8.1,89.0,63.3,1.6,4.8
2026-01-19 01:00:00,7.9,103.0,62.5,1.8,3.8
2026-01-19 02:00:00,7.7,108.0,64.5,1.7,4.5
2026-01-19 03:00:00,7.5,107.0,64.7,1.9,5.8
2026-01-19 04:00:00,7.0,106.0,65.9,2.2,5.4
2026-01-19 05:00:00,6.8,95.0,68.4,2.2,4.5
2026-01-19 06:00:00,6.5,82.0,73.6,1.8,4.1
2026-01-19 07:00:00,6.4,92.0,71.9,2.0,5.1
2026-01-19 08:00:00,6.4,89.0,67.8,1.6,5.8
2026-01-19 09:00:00,6.7,100.0,56.1,2.2,5.3
2026-01-19 10:00:00,7.0,104.0,51.6,1.9,4.5
2026-01-19 11:00:00,7.4,79.0,53.0,1.3,3.0
2026-01-19 12:00:00,7.8,92.0,51.6,1.6,4.2
2026-01-19 13:00:00,8.2,90.0,51.6,1.5,3.4
2026-01-19 14:00:00,8.2,86.0,52.2,1.3,3.0
2026-01-19 15:00:00,8.1,102.0,48.6,1.2,3.5
2026-01-19 16:00:00,7.8,86.0,47.3,1.3,3.4
2026-01-19 17:00:00,7.0,99.0,47.7,1.6,3.5
2026-01-19 18:00:00,6.7,109.0,49.0,1.5,3.2
2026-01-19 19:00:00,6.7,105.0,49.7,1.3,3.3
2026-01-19 20:00:00,6.1,73.0,52.5,1.0,2.9
2026-01-19 21:00:00,5.4,67.0,55.7,0.9,1.8
2026-01-19 22:00:00,4.9,88.0,59.1,0.8,2.2
2026-01-19 23:00:00,4.4,47.0,65.4,0.5,1.1
2026-01-20 00:00:00,4.4,32.0,66.7,,0.9
2026-01-20 01:00:00,4.6,348.0,66.0,,0.8
2026-01-20 02:00:00,4.8,71.0,64.0,,1.1
2026-01-20 03:00:00,5.6,66.0,56.6,0.7,1.8
2026-01-20 04:00:00,5.5,68.0,55.7,0.8,2.0
2026-01-20 05:00:00,5.4,63.0,53.2,0.8,1.9
2026-01-20 06:00:00,5.2,77.0,56.0,0.9,1.8
2026-01-20 07:00:00,5.1,96.0,54.6,1.0,2.6
2026-01-20 08:00:00,5.2,84.0,56.6,0.7,1.9
2026-01-20 09:00:00,5.7,89.0,54.4,1.0,2.2
2026-01-20 10:00:00,6.2,102.0,50.0,0.9,2.5
2026-01-20 11:00:00,6.6,96.0,50.3,0.8,2.4
2026-01-20 12:00:00,7.1,186.0,48.6,0.2,2.5
2026-01-20 13:00:00,7.3,238.0,47.1,,2.5
2026-01-20 14:00:00,7.4,165.0,48.3,,3.2
2026-01-20 15:00:00,6.4,155.0,55.4,1.0,3.0
2026-01-20 16:00:00,5.9,171.0,57.7,0.8,3.3
2026-01-20 17:00:00,5.7,187.0,58.3,0.8,2.4
2026-01-20 18:00:00,5.4,181.0,57.0,0.6,2.1
2026-01-20 19:00:00,5.5,248.0,55.0,,1.3
2026-01-20 20:00:00,5.7,82.0,54.8,,1.5
2026-01-20 21:00:00,5.7,85.0,49.7,1.0,2.0
2026-01-20 22:00:00,5.2,60.0,52.0,0.7,1.6
2026-01-20 23:00:00,4.4,68.0,56.9,0.6,1.5
2026-01-21 00:00:00,3.8,50.0,59.7,0.5,1.2
2026-01-21 01:00:00,3.4,200.0,62.8,,1.4
2026-01-21 02:00:00,3.1,265.0,62.8,0.6,1.4
2026-01-21 03:00:00,2.6,321.0,64.3,0.4,1.0
2026-01-21 04:00:00,2.1,318.0,69.6,0.5,1.0
2026-01-21 05:00:00,2.0,291.0,71.1,0.6,1.2
2026-01-21 06:00:00,1.9,336.0,71.8,0.5,0.9
2026-01-21 07:00:00,1.9,315.0,74.7,0.5,1.2
2026-01-21 08:00:00,2.1,307.0,72.8,0.4,1.1
2026-01-21 09:00:00,2.9,353.0,76.7,0.4,1.2
2026-01-21 10:00:00,4.4,80.0,74.8,,2.4
2026-01-21 11:00:00,5.5,93.0,66.2,1.5,3.0
2026-01-21 12:00:00,6.2,91.0,63.3,1.0,2.6
2026-01-21 13:00:00,7.1,77.0,61.5,1.1,2.8
2026-01-21 14:00:00,8.1,77.0,58.3,0.8,2.5
2026-01-21 15:00:00,8.3,96.0,58.0,0.9,2.5
2026-01-21 16:00:00,7.5,106.0,63.0,1.4,3.4
2026-01-21 17:00:00,6.4,110.0,68.7,1.6,3.4
2026-01-21 18:00:00,5.8,105.0,71.9,1.4,3.3
2026-01-21 19:00:00,5.2,91.0,72.8,1.4,3.3
2026-01-21 20:00:00,4.5,75.0,73.6,1.1,2.2
2026-01-21 21:00:00,3.9,62.0,76.0,0.8,2.0
2026-01-21 22:00:00,3.4,56.0,77.5,1.0,1.8
2026-01-21 23:00:00,2.9,57.0,78.6,0.7,1.5
2026-01-22 00:00:00,2.3,10.0,81.3,,1.0
2026-01-22 01:00:00,1.9,346.0,83.6,0.4,1.2
2026-01-22 02:00:00,1.5,309.0,85.7,0.5,1.0
2026-01-22 03:00:00,1.4,328.0,86.5,0.4,1.2
2026-01-22 04:00:00,1.2,279.0,87.3,0.6,1.7
2026-01-22 05:00:00,1.2,294.0,87.5,0.7,1.6
2026-01-22 06:00:00,1.2,353.0,88.0,,0.8
2026-01-22 07:00:00,1.4,320.0,87.5,,1.1
2026-01-22 08:00:00,1.8,237.0,85.7,0.6,2.4
2026-01-22 09:00:00,1.4,245.0,87.5,1.0,4.0
2026-01-22 10:00:00,0.6,252.0,97.3,1.3,3.4
2026-01-22 11:00:00,0.7,245.0,99.4,0.8,2.2
2026-01-22 12:00:00,1.7,244.0,97.4,1.1,3.3
2026-01-22 13:00:00,2.3,258.0,90.3,1.3,2.9
2026-01-22 14:00:00,2.6,258.0,89.8,1.3,3.2
2026-01-22 15:00:00,2.7,240.0,90.8,1.0,2.7
2026-01-22 16:00:00,1.9,249.0,96.9,1.1,3.3
2026-01-22 17:00:00,1.9,246.0,99.3,0.8,2.4
2026-01-22 18:00:00,2.2,269.0,99.4,0.7,1.7
2026-01-22 19:00:00,2.1,258.0,98.9,0.8,2.0
2026-01-22 20:00:00,1.5,297.0,99.4,0.7,1.6
2026-01-22 21:00:00,1.6,263.0,99.4,0.4,1.5
2026-01-22 22:00:00,1.5,265.0,99.4,0.5,1.7
2026-01-22 23:00:00,1.4,317.0,99.4,,1.1
2026-01-23 00:00:00,1.5,318.0,99.4,,1.1
2026-01-23 01:00:00,1.6,309.0,99.4,0.5,1.6
2026-01-23 02:00:00,1.8,350.0,99.4,0.5,1.2
2026-01-23 03:00:00,2.0,313.0,99.2,,1.4
2026-01-23 04:00:00,2.5,262.0,95.8,,1.3
2026-01-23 05:00:00,2.0,292.0,95.5,0.7,1.7
2026-01-23 06:00:00,2.0,290.0,95.9,0.6,1.5
2026-01-23 07:00:00,2.4,311.0,94.0,,1.2
2026-01-23 08:00:00,2.9,285.0,90.8,0.5,1.6
2026-01-23 09:00:00,3.7,285.0,85.3,0.4,1.7
2026-01-23 10:00:00,4.0,254.0,82.1,0.6,1.8
2026-01-23 11:00:00,4.4,230.0,81.0,,1.7
2026-01-23 12:00:00,4.6,247.0,80.1,0.9,2.6
2026-01-23 13:00:00,4.8,251.0,80.7,0.7,2.1
2026-01-23 14:00:00,5.4,205.0,78.1,,2.1
2026-01-23 15:00:00,5.1,254.0,81.5,0.9,3.0
2026-01-23 16:00:00,4.7,289.0,87.5,0.8,2.4
2026-01-23 17:00:00,5.1,346.0,82.4,0.4,1.8
2026-01-23 18:00:00,5.5,63.0,81.2,0.5,2.7
2026-01-23 19:00:00,4.7,82.0,91.9,1.3,3.7
2026-01-23 20:00:00,3.9,63.0,93.1,1.0,3.0
2026-01-23 21:00:00,3.5,359.0,97.4,0.7,2.1
2026-01-23 22:00:00,2.9,3.0,99.4,1.4,3.7
2026-01-23 23:00:00,2.8,5.0,99.4,1.1,3.5
2026-01-24 00:00:00,3.0,356.0,99.4,0.6,2.2
2026-01-24 01:00:00,3.4,1.0,99.4,0.8,2.3
2026-01-24 02:00:00,3.4,359.0,99.4,0.7,2.3
2026-01-24 03:00:00,3.5,356.0,99.4,0.7,2.5
2026-01-24 04:00:00,3.5,349.0,99.4,0.6,2.2
2026-01-24 05:00:00,3.7,1.0,99.4,0.8,2.4
2026-01-24 06:00:00,3.8,299.0,99.4,0.7,2.7
2026-01-24 07:00:00,3.9,316.0,99.4,0.7,2.3
2026-01-24 08:00:00,4.1,288.0,99.4,0.5,2.0
2026-01-24 09:00:00,4.4,231.0,99.4,0.9,2.7
2026-01-24 10:00:00,4.6,254.0,99.4,1.1,2.8
2026-01-24 11:00:00,5.1,285.0,99.4,0.9,3.1
2026-01-24 12:00:00,6.4,324.0,96.2,0.6,2.4
2026-01-24 13:00:00,7.0,202.0,87.7,1.0,3.2
2026-01-24 14:00:00,6.2,204.0,91.3,1.5,4.0
2026-01-24 15:00:00,5.7,236.0,93.6,0.9,3.0
2026-01-24 16:00:00,5.7,307.0,95.8,0.8,2.2
2026-01-24 17:00:00,5.9,271.0,97.0,,1.6
2026-01-24 18:00:00,6.0,49.0,96.0,,1.0
2026-01-24 19:00:00,6.5,59.0,96.3,0.5,1.7
2026-01-24 20:00:00,6.3,169.0,96.7,0.5,2.6
2026-01-24 21:00:00,6.0,33.0,99.2,,2.1
2026-01-24 22:00:00,5.9,53.0,99.4,1.5,3.5
2026-01-24 23:00:00,5.7,70.0,99.4,2.3,5.3
2026-01-25 00:00:00,5.6,70.0,99.4,2.0,5.8
2026-01-25 01:00:00,5.3,64.0,99.4,1.7,6.0
2026-01-25 02:00:00,5.4,68.0,99.4,1.4,3.8
2026-01-25 03:00:00,5.4,85.0,99.4,1.0,3.6
2026-01-25 04:00:00,5.2,139.0,99.4,0.4,2.1
2026-01-25 05:00:00,4.5,209.0,99.4,0.6,2.0
2026-01-25 06:00:00,4.7,291.0,99.4,,0.8
2026-01-25 07:00:00,4.8,263.0,99.4,,1.6
2026-01-25 08:00:00,4.7,240.0,99.4,0.5,1.7
2026-01-25 09:00:00,4.3,216.0,99.4,0.7,3.0
2026-01-25 10:00:00,4.3,223.0,99.4,0.9,3.6
2026-01-25 11:00:00,4.8,257.0,98.8,0.8,3.2
2026-01-25 12:00:00,5.5,232.0,92.3,1.0,3.2
2026-01-25 13:00:00,6.5,225.0,84.2,0.8,2.9
2026-01-25 14:00:00,6.4,201.0,82.8,1.0,2.9
2026-01-25 15:00:00,6.2,181.0,83.4,,2.5
2026-01-25 16:00:00,6.2,189.0,82.0,0.8,3.5
2026-01-25 17:00:00,5.6,191.0,84.9,,2.6
2026-01-25 18:00:00,5.2,,87.8,,1.1
2026-01-25 19:00:00,5.0,253.0,88.8,,1.4
2026-01-25 20:00:00,5.0,202.0,88.1,0.9,2.3
2026-01-25 21:00:00,5.1,204.0,84.9,,2.4
2026-01-25 22:00:00,5.5,184.0,83.0,,1.6
2026-01-25 23:00:00,5.8,76.0,83.9,1.0,2.2
2026-01-26 00:00:00,5.6,68.0,84.1,0.6,1.6
2026-01-26 01:00:00,5.5,65.0,84.8,,1.0
2026-01-26 02:00:00,5.7,23.0,84.9,0.5,1.6
2026-01-26 03:00:00,5.6,45.0,85.2,0.5,1.5
2026-01-26 04:00:00,5.4,359.0,86.4,0.7,2.2
2026-01-26 05:00:00,5.2,3.0,86.2,,2.2
2026-01-26 06:00:00,5.4,266.0,84.7,0.7,1.9
2026-01-26 07:00:00,5.6,278.0,83.1,0.7,2.1
2026-01-26 08:00:00,5.2,346.0,85.0,0.7,2.6
2026-01-26 09:00:00,5.5,252.0,83.9,,1.6
2026-01-26 10:00:00,6.6,294.0,75.2,0.5,2.2
2026-01-26 11:00:00,7.4,275.0,69.8,0.6,2.3
2026-01-26 12:00:00,8.1,285.0,65.9,0.5,2.4
2026-01-26 13:00:00,9.2,253.0,61.1,,3.0
2026-01-26 14:00:00,9.9,249.0,58.7,0.9,3.0
2026-01-26 15:00:00,9.9,241.0,59.5,1.0,3.6
2026-01-26 16:00:00,9.3,224.0,63.5,1.0,4.1
2026-01-26 17:00:00,8.5,219.0,69.2,1.3,4.2
2026-01-26 18:00:00,7.9,223.0,73.9,0.8,3.6
2026-01-26 19:00:00,7.3,236.0,77.5,0.8,2.3
2026-01-26 20:00:00,6.6,259.0,80.3,,1.9
2026-01-26 21:00:00,6.1,247.0,82.6,0.7,1.9
2026-01-26 22:00:00,5.7,252.0,84.9,0.6,1.6
2026-01-26 23:00:00,5.5,273.0,86.6,0.7,1.6
2026-01-27 00:00:00,4.9,296.0,88.9,0.5,1.3
2026-01-27 01:00:00,4.5,20.0,91.9,0.4,1.2
2026-01-27 02:00:00,3.6,16.0,95.7,0.5,1.1
2026-01-27 03:00:00,3.2,327.0,96.9,,1.2
2026-01-27 04:00:00,2.5,348.0,95.8,,1.2
2026-01-27 05:00:00,2.5,354.0,94.7,0.4,1.2
2026-01-27 06:00:00,2.5,348.0,94.6,0.4,0.9
2026-01-27 07:00:00,2.7,352.0,92.9,,0.9
2026-01-27 08:00:00,3.4,332.0,90.2,,1.4
2026-01-27 09:00:00,4.3,263.0,85.1,0.5,1.7
2026-01-27 10:00:00,5.5,300.0,77.8,0.6,1.7
2026-01-27 11:00:00,6.5,27.0,73.1,0.3,2.8
2026-01-27 12:00:00,8.0,98.0,64.6,,1.7
2026-01-27 13:00:00,8.0,203.0,68.1,0.9,3.7
2026-01-27 14:00:00,7.9,228.0,70.3,0.7,3.1
2026-01-27 15:00:00,8.2,106.0,70.2,0.6,2.0
2026-01-27 16:00:00,7.3,146.0,75.7,,2.2
2026-01-27 17:00:00,6.7,296.0,88.2,0.7,1.5
2026-01-27 18:00:00,6.3,295.0,94.9,0.8,2.2
2026-01-27 19:00:00,6.2,10.0,98.1,0.5,2.3
2026-01-27 20:00:00,6.2,30.0,99.3,0.6,2.3
2026-01-27 21:00:00,5.9,65.0,99.4,1.4,2.7
2026-01-27 22:00:00,5.6,65.0,99.4,1.6,3.7
2026-01-27 23:00:00,5.6,56.0,99.4,0.9,2.5
2026-01-28 00:00:00,5.8,69.0,99.4,0.9,2.3
2026-01-28 01:00:00,5.6,333.0,99.4,0.6,2.4
2026-01-28 02:00:00,5.4,323.0,99.4,0.7,2.1
2026-01-28 03:00:00,5.3,306.0,99.4,0.7,2.3
2026-01-28 04:00:00,5.0,325.0,99.4,0.8,2.9
2026-01-28 05:00:00,4.8,341.0,99.4,0.8,3.0
2026-01-28 06:00:00,5.1,359.0,99.4,0.9,3.9
2026-01-28 07:00:00,5.1,303.0,99.4,0.5,2.2
2026-01-28 08:00:00,5.0,271.0,99.4,0.8,2.9
2026-01-28 09:00:00,5.2,265.0,99.4,1.0,2.6
2026-01-28 10:00:00,5.3,281.0,99.4,0.8,2.6
2026-01-28 11:00:00,5.4,269.0,99.4,0.8,2.5
2026-01-28 12:00:00,5.5,268.0,99.4,1.2,3.7
2026-01-28 13:00:00,5.8,272.0,99.4,1.1,3.2
2026-01-28 14:00:00,6.1,259.0,96.8,1.1,3.1
2026-01-28 15:00:00,6.2,252.0,98.5,0.7,2.0
2026-01-28 16:00:00,6.2,238.0,98.3,0.6,2.0
2026-01-28 17:00:00,5.6,202.0,99.0,1.0,2.7
2026-01-28 18:00:00,5.1,217.0,99.4,1.1,3.8
2026-01-28 19:00:00,5.3,248.0,99.4,1.0,3.0
2026-01-28 20:00:00,5.3,256.0,99.4,1.2,3.4
2026-01-28 21:00:00,5.5,228.0,99.4,0.9,2.5
2026-01-28 22:00:00,5.6,222.0,99.4,0.7,2.5
2026-01-28 23:00:00,5.5,241.0,99.4,0.6,2.1
2026-01-29 00:00:00,5.5,275.0,99.4,1.0,3.1
2026-01-29 01:00:00,5.5,275.0,99.4,0.8,2.6
2026-01-29 02:00:00,5.6,252.0,99.4,0.9,3.0
2026-01-29 03:00:00,5.6,278.0,99.3,0.6,1.7
2026-01-29 04:00:00,5.5,287.0,99.4,,1.1
2026-01-29 05:00:00,5.5,212.0,99.4,0.8,3.3
2026-01-29 06:00:00,5.2,238.0,99.3,0.6,2.2
2026-01-29 07:00:00,5.2,269.0,99.3,0.8,2.3
2026-01-29 08:00:00,5.5,312.0,99.0,0.5,1.7
2026-01-29 09:00:00,5.7,253.0,97.3,,1.5
2026-01-29 10:00:00,6.3,302.0,91.9,0.6,1.6
2026-01-29 11:00:00,7.1,5.0,86.4,,1.2
2026-01-29 12:00:00,7.4,340.0,80.8,0.2,1.6
2026-01-29 13:00:00,8.0,34.0,77.3,0.5,1.6
2026-01-29 14:00:00,8.2,203.0,76.9,,2.3
2026-01-29 15:00:00,8.0,224.0,80.7,0.6,2.3
2026-01-29 16:00:00,8.2,282.0,78.1,,2.0
2026-01-29 17:00:00,7.6,267.0,82.1,0.8,2.4
2026-01-29 18:00:00,6.6,304.0,90.6,0.8,2.2
2026-01-29 19:00:00,5.8,304.0,93.6,0.7,2.2
2026-01-29 20:00:00,5.5,276.0,94.4,0.5,1.8
2026-01-29 21:00:00,5.0,299.0,95.8,0.8,1.6
2026-01-29 22:00:00,4.0,329.0,97.6,0.5,1.9
2026-01-29 23:00:00,3.6,10.0,98.9,,0.9
2026-01-30 00:00:00,3.7,275.0,98.9,,1.0
2026-01-30 01:00:00,3.4,286.0,98.5,0.6,1.7
2026-01-30 02:00:00,2.6,245.0,99.0,0.4,1.5
2026-01-30 03:00:00,2.4,254.0,99.1,0.9,3.1
2026-01-30 04:00:00,2.8,255.0,98.9,,2.4
2026-01-30 05:00:00,3.4,300.0,97.5,0.9,2.7
2026-01-30 06:00:00,3.7,295.0,95.1,,1.3
2026-01-30 07:00:00,4.5,285.0,92.4,,1.2
2026-01-30 08:00:00,5.1,322.0,90.4,0.3,1.0
2026-01-30 09:00:00,6.1,227.0,87.3,0.2,3.5
2026-01-30 10:00:00,5.6,211.0,91.5,1.4,3.7
2026-01-30 11:00:00,6.8,272.0,87.4,0.6,2.2
2026-01-30 12:00:00,7.7,261.0,80.8,0.8,2.7
2026-01-30 13:00:00,8.4,220.0,74.0,0.4,2.6
2026-01-30 14:00:00,8.4,207.0,76.3,1.1,5.1
2026-01-30 15:00:00,7.5,198.0,81.4,1.0,5.5
2026-01-30 16:00:00,7.4,206.0,79.5,1.0,3.2
2026-01-30 17:00:00,6.6,237.0,85.5,0.8,3.3
2026-01-30 18:00:00,6.2,236.0,87.3,0.8,2.6
2026-01-30 19:00:00,5.9,250.0,89.4,1.0,2.6
2026-01-30 20:00:00,5.7,270.0,91.1,0.8,2.7
2026-01-30 21:00:00,5.7,278.0,91.6,1.1,3.0
2026-01-30 22:00:00,5.7,296.0,90.8,0.7,2.7
2026-01-30 23:00:00,5.5,295.0,92.2,1.2,2.7
2026-01-31 00:00:00,5.5,270.0,92.7,0.5,2.3
2026-01-31 01:00:00,5.3,7.0,93.5,,1.0
2026-01-31 02:00:00,5.2,304.0,95.0,,1.7
2026-01-31 03:00:00,5.1,299.0,95.0,1.0,2.0
2026-01-31 04:00:00,5.0,310.0,96.7,0.7,2.4
2026-01-31 05:00:00,5.0,354.0,98.2,0.8,2.4
2026-01-31 06:00:00,5.3,8.0,97.4,0.9,2.2
2026-01-31 07:00:00,5.5,0.0,97.2,,1.5
2026-01-31 08:00:00,5.9,356.0,95.3,0.5,1.5
2026-01-31 09:00:00,6.5,0.0,90.4,0.8,1.8
2026-01-31 10:00:00,7.1,351.0,85.8,0.6,1.7
2026-01-31 11:00:00,7.6,14.0,83.2,0.2,1.4
2026-01-31 12:00:00,7.9,206.0,81.1,,2.5
2026-01-31 13:00:00,8.1,243.0,80.1,0.8,2.4
2026-01-31 14:00:00,8.4,257.0,78.0,1.0,3.4
2026-01-31 15:00:00,8.7,244.0,73.7,1.0,2.8
2026-01-31 16:00:00,8.2,230.0,76.6,1.1,2.8
2026-01-31 17:00:00,7.6,235.0,78.8,0.8,2.2
2026-01-31 18:00:00,7.2,208.0,80.3,0.8,2.3
2026-01-31 19:00:00,6.9,248.0,81.1,0.6,2.0
2026-01-31 20:00:00,6.4,258.0,84.6,0.7,2.3
2026-01-31 21:00:00,5.9,257.0,88.7,,1.7
2026-01-31 22:00:00,5.6,259.0,91.5,0.6,1.7
2026-01-31 23:00:00,5.2,261.0,93.5,0.6,1.7
2026-02-01 00:00:00,4.9,357.0,94.5,0.3,1.0
2026-02-01 01:00:00,4.5,221.0,95.6,,0.6
2026-02-01 02:00:00,4.4,,96.9,,0.5
2026-02-01 03:00:00,4.3,47.0,97.6,,0.7
2026-02-01 04:00:00,4.8,308.0,97.0,,1.2
2026-02-01 05:00:00,5.1,298.0,94.5,,1.6
2026-02-01 06:00:00,4.8,248.0,95.2,0.5,2.2
2026-02-01 07:00:00,4.5,292.0,97.0,0.7,2.1
2026-02-01 08:00:00,4.3,311.0,99.2,0.3,2.1
2026-02-01 09:00:00,4.6,84.0,99.1,,1.3
2026-02-01 10:00:00,5.1,332.0,97.5,,1.6
2026-02-01 11:00:00,5.8,79.0,89.8,1.2,2.6
2026-02-01 12:00:00,6.3,79.0,83.9,1.2,2.8
2026-02-01 13:00:00,6.2,91.0,84.0,0.7,2.7
2026-02-01 14:00:00,7.3,68.0,79.3,0.8,2.6
2026-02-01 15:00:00,8.3,70.0,73.9,0.9,3.2
2026-02-01 16:00:00,7.6,68.0,75.4,0.7,2.1
2026-02-01 17:00:00,6.9,76.0,79.4,1.0,2.4
2026-02-01 18:00:00,6.2,197.0,81.8,0.5,2.1
2026-02-01 19:00:00,5.2,264.0,90.1,1.0,3.7
2026-02-01 20:00:00,4.8,264.0,91.7,1.1,3.4
2026-02-01 21:00:00,4.6,298.0,92.7,0.7,1.7
2026-02-01 22:00:00,4.2,306.0,94.8,0.7,1.7
2026-02-01 23:00:00,3.8,301.0,96.2,0.8,1.7
2026-02-02 00:00:00,3.4,297.0,97.0,0.6,1.6
2026-02-02 01:00:00,3.8,302.0,95.5,,1.2
2026-02-02 02:00:00,4.6,294.0,91.2,,1.0
2026-02-02 03:00:00,4.8,315.0,89.6,0.5,1.3
2026-02-02 04:00:00,5.1,51.0,88.7,,1.1
2026-02-02 05:00:00,5.1,271.0,88.2,,1.2
2026-02-02 06:00:00,5.1,210.0,87.9,0.5,3.1
2026-02-02 07:00:00,4.8,195.0,89.7,,1.0
2026-02-02 08:00:00,5.3,284.0,87.6,,1.2
2026-02-02 09:00:00,5.7,247.0,86.0,,1.0
2026-02-02 10:00:00,6.2,271.0,83.0,,1.5
2026-02-02 11:00:00,6.3,304.0,83.8,0.5,1.7
2026-02-02 12:00:00,7.1,74.0,81.1,0.5,1.7
2026-02-02 13:00:00,7.2,96.0,82.0,0.9,2.7
2026-02-02 14:00:00,7.3,88.0,80.2,1.2,2.9
2026-02-02 15:00:00,7.3,96.0,78.4,1.0,2.6
2026-02-02 16:00:00,6.9,110.0,78.1,0.7,2.4
2026-02-02 17:00:00,6.6,122.0,79.3,0.9,3.0
2026-02-02 18:00:00,5.8,129.0,84.5,1.0,2.9
2026-02-02 19:00:00,5.6,110.0,89.4,1.5,4.3
2026-02-02 20:00:00,4.9,115.0,92.1,1.3,4.2
2026-02-02 21:00:00,4.5,109.0,95.6,2.1,4.8
2026-02-02 22:00:00,4.1,99.0,96.2,1.7,4.0
2026-02-02 23:00:00,3.9,71.0,96.9,1.8,4.4
2026-02-03 00:00:00,3.9,75.0,98.1,1.6,4.1
2026-02-03 01:00:00,3.9,71.0,99.2,0.8,2.4
2026-02-03 02:00:00,3.7,49.0,99.4,1.0,2.8
2026-02-03 03:00:00,3.7,41.0,99.4,1.3,3.7
2026-02-03 04:00:00,3.4,35.0,99.4,1.4,3.8
2026-02-03 05:00:00,3.5,32.0,99.4,1.7,4.7
2026-02-03 06:00:00,3.5,306.0,99.4,0.9,4.1
2026-02-03 07:00:00,3.3,289.0,99.4,0.6,2.6
2026-02-03 08:00:00,2.7,299.0,99.4,1.2,3.3
2026-02-03 09:00:00,2.7,354.0,99.4,1.0,2.5
2026-02-03 10:00:00,3.2,355.0,99.4,0.6,1.9
2026-02-03 11:00:00,3.7,1.0,99.3,0.4,2.1
2026-02-03 12:00:00,4.3,5.0,97.1,0.5,1.3
2026-02-03 13:00:00,4.9,7.0,93.0,0.6,2.0
2026-02-03 14:00:00,4.8,309.0,92.2,0.4,1.7
2026-02-03 15:00:00,5.1,359.0,92.4,,1.2
2026-02-03 16:00:00,5.4,297.0,91.0,,1.2
2026-02-03 17:00:00,4.9,223.0,93.6,0.9,2.9
2026-02-03 18:00:00,4.4,236.0,98.4,1.3,2.8
2026-02-03 19:00:00,4.3,234.0,99.4,1.1,3.8
2026-02-03 20:00:00,4.2,258.0,99.4,0.8,2.6
2026-02-03 21:00:00,4.3,251.0,99.4,0.8,2.5
2026-02-03 22:00:00,4.4,238.0,99.4,0.7,2.2
2026-02-03 23:00:00,4.5,244.0,99.4,0.6,1.9
2026-02-04 00:00:00,4.4,243.0,99.4,0.9,2.7
2026-02-04 01:00:00,4.2,233.0,99.4,0.6,2.3
2026-02-04 02:00:00,4.3,232.0,99.4,0.9,2.6
2026-02-04 03:00:00,4.3,254.0,99.4,0.9,2.6
2026-02-04 04:00:00,4.2,252.0,99.4,1.0,2.8
2026-02-04 05:00:00,4.3,289.0,99.4,0.6,1.7
2026-02-04 06:00:00,4.5,299.0,99.4,0.8,1.7
2026-02-04 07:00:00,4.8,301.0,99.4,,0.8
2026-02-04 08:00:00,5.0,316.0,99.4,,1.2
2026-02-04 09:00:00,5.4,345.0,99.4,0.4,1.6
2026-02-04 10:00:00,5.7,343.0,99.4,0.6,1.6
2026-02-04 11:00:00,6.0,337.0,99.4,0.5,1.6
2026-02-04 12:00:00,6.5,357.0,99.4,0.8,2.5
2026-02-04 13:00:00,6.6,356.0,99.4,1.2,3.7
2026-02-04 14:00:00,6.3,323.0,99.4,1.0,3.2
2026-02-04 15:00:00,6.1,313.0,99.4,1.0,3.2
2026-02-04 16:00:00,6.2,301.0,99.4,1.3,3.1
2026-02-04 17:00:00,6.3,297.0,99.4,1.0,2.5
2026-02-04 18:00:00,6.3,295.0,99.4,1.0,2.9
2026-02-04 19:00:00,6.4,285.0,99.4,0.5,1.7
2026-02-04 20:00:00,6.3,272.0,99.4,0.7,2.2
2026-02-04 21:00:00,6.2,263.0,99.4,1.2,2.7
2026-02-04 22:00:00,6.1,277.0,99.4,0.7,2.7
2026-02-04 23:00:00,6.2,249.0,99.4,0.6,2.4
2026-02-05 00:00:00,6.1,229.0,99.4,1.0,2.9
2026-02-05 01:00:00,5.8,233.0,99.4,0.9,2.7
2026-02-05 02:00:00,5.6,232.0,99.4,0.7,2.7
2026-02-05 03:00:00,5.4,235.0,99.4,0.8,2.8
2026-02-05 04:00:00,5.2,244.0,99.4,0.9,3.2
2026-02-05 05:00:00,5.0,241.0,99.4,1.0,3.4
2026-02-05 06:00:00,4.6,259.0,99.4,1.2,3.1
2026-02-05 07:00:00,4.2,247.0,99.4,1.1,3.5
2026-02-05 08:00:00,3.7,254.0,99.4,1.3,3.6
2026-02-05 09:00:00,4.3,337.0,99.4,,1.8
2026-02-05 10:00:00,5.1,245.0,99.4,,4.8
2026-02-05 11:00:00,5.9,244.0,91.9,1.1,4.0
2026-02-05 12:00:00,7.7,236.0,75.1,1.0,3.9
2026-02-05 13:00:00,9.7,252.0,63.8,0.6,3.0
2026-02-05 14:00:00,11.4,220.0,57.2,0.5,3.1
2026-02-05 15:00:00,12.4,246.0,54.7,0.8,2.8
2026-02-05 16:00:00,11.8,300.0,56.6,0.4,1.9
2026-02-05 17:00:00,10.3,347.0,63.6,0.4,1.5
2026-02-05 18:00:00,9.8,46.0,67.8,0.6,1.7
2026-02-05 19:00:00,10.2,102.0,68.3,1.4,3.1
2026-02-05 20:00:00,9.4,82.0,80.1,1.5,3.5
2026-02-05 21:00:00,8.6,82.0,89.7,1.2,3.3
2026-02-05 22:00:00,7.9,56.0,96.7,1.8,4.1
2026-02-05 23:00:00,7.7,46.0,99.0,1.5,3.4
2026-02-06 00:00:00,7.5,45.0,99.4,2.0,5.1
2026-02-06 01:00:00,7.5,47.0,99.4,1.7,4.5
2026-02-06 02:00:00,7.6,26.0,99.4,1.7,4.3
2026-02-06 03:00:00,7.3,356.0,99.4,1.5,4.8
2026-02-06 04:00:00,6.9,303.0,99.4,1.0,3.2
2026-02-06 05:00:00,6.8,296.0,99.4,1.5,3.7
2026-02-06 06:00:00,6.7,303.0,99.4,1.5,4.5
2026-02-06 07:00:00,6.9,304.0,99.4,1.2,2.7
2026-02-06 08:00:00,7.1,301.0,99.4,1.4,3.9
2026-02-06 09:00:00,7.6,297.0,97.2,1.8,3.9
2026-02-06 10:00:00,8.6,279.0,89.8,0.9,2.5
2026-02-06 11:00:00,9.8,267.0,79.5,1.6,5.0
2026-02-06 12:00:00,11.1,260.0,72.6,1.8,5.1
2026-02-06 13:00:00,12.2,253.0,66.2,2.0,5.6
2026-02-06 14:00:00,13.0,258.0,62.7,1.1,4.0
2026-02-06 15:00:00,13.9,256.0,58.2,1.4,3.9
2026-02-06 16:00:00,13.2,241.0,60.3,1.3,3.8
2026-02-06 17:00:00,11.8,229.0,67.3,1.1,3.4
2026-02-06 18:00:00,11.0,236.0,71.8,1.0,2.9
2026-02-06 19:00:00,10.4,230.0,75.2,0.6,2.4
2026-02-06 20:00:00,9.9,242.0,78.5,0.8,2.8
2026-02-06 21:00:00,9.4,278.0,80.8,0.6,1.8
2026-02-06 22:00:00,8.6,272.0,85.3,,1.2
2026-02-06 23:00:00,8.1,237.0,88.6,0.3,1.0
2026-02-07 00:00:00,7.7,323.0,90.4,0.5,1.1
2026-02-07 01:00:00,7.1,327.0,92.2,0.7,1.9
2026-02-07 02:00:00,6.5,33.0,92.9,0.5,1.3
2026-02-07 03:00:00,6.6,81.0,93.3,1.1,2.2
2026-02-07 04:00:00,6.7,78.0,92.6,1.2,2.4
2026-02-07 05:00:00,6.2,64.0,92.9,0.8,2.4
2026-02-07 06:00:00,6.0,74.0,93.9,1.1,2.3
2026-02-07 07:00:00,6.3,81.0,94.5,1.1,2.1
2026-02-07 08:00:00,6.6,53.0,94.1,1.1,2.2
2026-02-07 09:00:00,7.6,81.0,89.5,0.7,1.8
2026-02-07 10:00:00,8.7,56.0,84.6,0.8,2.0
2026-02-07 11:00:00,10.1,64.0,76.8,0.8,2.0
2026-02-07 12:00:00,11.5,96.0,68.7,0.8,2.5
2026-02-07 13:00:00,12.2,107.0,65.4,0.9,3.0
2026-02-07 14:00:00,12.9,116.0,63.6,0.7,2.2
2026-02-07 15:00:00,12.3,117.0,71.3,0.5,2.2
2026-02-07 16:00:00,12.1,68.0,74.7,0.6,2.4
2026-02-07 17:00:00,11.2,167.0,78.8,0.3,2.0
2026-02-07 18:00:00,10.6,240.0,84.0,0.9,2.6
2026-02-07 19:00:00,10.1,269.0,86.0,0.6,1.7
2026-02-07 20:00:00,9.9,304.0,86.1,,1.2
2026-02-07 21:00:00,9.8,336.0,87.1,0.4,0.9
2026-02-07 22:00:00,9.7,309.0,88.0,0.6,1.4
2026-02-07 23:00:00,9.1,284.0,92.2,0.6,1.9
2026-02-08 00:00:00,8.8,336.0,93.7,,1.2
2026-02-08 01:00:00,9.2,87.0,90.4,,1.0
2026-02-08 02:00:00,9.4,1.0,89.3,,2.2
2026-02-08 03:00:00,9.1,12.0,92.5,0.4,0.9
2026-02-08 04:00:00,9.2,12.0,93.0,,1.1
2026-02-08 05:00:00,8.6,23.0,96.0,,1.2
2026-02-08 06:00:00,8.0,46.0,98.9,0.3,0.9
2026-02-08 07:00:00,8.5,213.0,98.6,,1.5
2026-02-08 08:00:00,8.5,223.0,97.5,0.5,1.8
2026-02-08 09:00:00,8.9,245.0,97.1,,1.6
2026-02-08 10:00:00,9.4,5.0,93.5,1.0,2.7
2026-02-08 11:00:00,10.1,56.0,85.6,1.6,4.1
2026-02-08 12:00:00,11.3,78.0,77.1,1.1,3.2
2026-02-08 13:00:00,12.1,98.0,70.6,0.9,3.4
2026-02-08 14:00:00,12.2,127.0,73.6,1.1,3.0
2026-02-08 15:00:00,12.4,113.0,72.4,1.7,4.2
2026-02-08 16:00:00,11.8,104.0,77.8,0.9,2.8
2026-02-08 17:00:00,11.3,75.0,80.2,1.3,2.9
2026-02-08 18:00:00,10.4,79.0,85.8,1.4,3.4
2026-02-08 19:00:00,9.5,111.0,90.8,1.9,4.3
2026-02-08 20:00:00,8.8,91.0,93.1,1.4,3.2
2026-02-08 21:00:00,8.6,56.0,93.1,1.1,2.7
2026-02-08 22:00:00,8.5,32.0,93.5,0.7,1.9
2026-02-08 23:00:00,8.1,11.0,96.1,0.6,1.6
2026-02-09 00:00:00,8.0,20.0,98.4,0.5,1.5
2026-02-09 01:00:00,8.0,23.0,98.2,,1.3
2026-02-09 02:00:00,8.1,107.0,97.3,,0.9
2026-02-09 03:00:00,8.0,352.0,97.1,,1.0
2026-02-09 04:00:00,7.8,331.0,98.4,,0.9
2026-02-09 05:00:00,7.6,276.0,99.1,0.5,1.2
2026-02-09 06:00:00,7.4,254.0,99.3,,1.8
2026-02-09 07:00:00,7.4,283.0,99.4,0.6,1.6
2026-02-09 08:00:00,7.4,285.0,99.4,0.7,1.8
2026-02-09 09:00:00,8.2,314.0,97.2,,1.4
2026-02-09 10:00:00,9.9,68.0,82.6,,1.1
2026-02-09 11:00:00,11.3,26.0,72.1,,1.9
2026-02-09 12:00:00,12.0,315.0,67.8,0.4,1.8
2026-02-09 13:00:00,12.0,250.0,68.7,,2.1
2026-02-09 14:00:00,12.0,276.0,69.3,0.7,2.2
2026-02-09 15:00:00,11.8,300.0,70.0,1.0,2.4
2026-02-09 16:00:00,11.6,191.0,69.2,0.8,2.7
2026-02-09 17:00:00,11.1,250.0,71.8,,1.6
2026-02-09 18:00:00,11.1,233.0,69.3,,1.7
2026-02-09 19:00:00,10.9,144.0,73.7,0.7,2.5
2026-02-09 20:00:00,10.4,120.0,75.6,0.7,3.2
2026-02-09 21:00:00,9.8,81.0,79.5,1.0,2.2
2026-02-09 22:00:00,9.2,65.0,84.5,1.4,3.3
2026-02-09 23:00:00,8.4,51.0,82.8,0.7,1.8
2026-02-10 00:00:00,7.6,17.0,85.8,,1.2
2026-02-10 01:00:00,7.7,45.0,86.5,,1.3
2026-02-10 02:00:00,7.7,35.0,87.2,,0.9
2026-02-10 03:00:00,7.6,37.0,87.9,0.4,1.1
2026-02-10 04:00:00,7.6,67.0,86.1,0.8,1.8
2026-02-10 05:00:00,7.7,70.0,82.6,0.9,1.9
2026-02-10 06:00:00,7.4,58.0,84.9,0.6,1.7
2026-02-10 07:00:00,8.0,47.0,82.6,0.7,2.2
2026-02-10 08:00:00,8.5,62.0,80.4,0.8,2.5
2026-02-10 09:00:00,9.1,73.0,77.2,1.6,3.5
2026-02-10 10:00:00,9.6,100.0,77.4,1.2,2.8
2026-02-10 11:00:00,10.0,114.0,79.2,1.2,2.9
2026-02-10 12:00:00,10.2,112.0,80.1,1.3,2.9
2026-02-10 13:00:00,10.8,109.0,75.3,1.4,2.8
2026-02-10 14:00:00,10.6,124.0,77.6,0.9,2.6
2026-02-10 15:00:00,10.8,130.0,76.0,1.0,2.6
2026-02-10 16:00:00,10.5,136.0,78.3,0.8,2.9
2026-02-10 17:00:00,9.6,160.0,86.0,1.0,3.3
2026-02-10 18:00:00,9.5,127.0,86.5,0.8,2.2
2026-02-10 19:00:00,9.3,121.0,91.5,0.5,1.2
2026-02-10 20:00:00,9.1,104.0,94.8,0.9,1.9
2026-02-10 21:00:00,8.4,64.0,98.5,1.0,1.9
2026-02-10 22:00:00,8.3,71.0,99.4,1.2,2.4
2026-02-10 23:00:00,8.2,83.0,99.4,1.0,2.4
2026-02-11 00:00:00,8.1,84.0,99.4,1.0,2.5
2026-02-11 01:00:00,8.1,62.0,99.4,0.6,2.0
2026-02-11 02:00:00,8.1,84.0,99.4,0.8,2.9
2026-02-11 03:00:00,8.0,84.0,99.4,1.1,3.0
2026-02-11 04:00:00,7.8,16.0,99.4,0.7,2.4
2026-02-11 05:00:00,7.5,2.0,99.4,1.0,2.8
2026-02-11 06:00:00,7.5,342.0,99.4,0.6,1.9
2026-02-11 07:00:00,7.6,281.0,99.4,,1.6
2026-02-11 08:00:00,8.0,293.0,96.7,0.7,1.6
2026-02-11 09:00:00,8.4,312.0,92.5,0.5,1.4
2026-02-11 10:00:00,8.8,271.0,90.2,0.7,2.0
2026-02-11 11:00:00,9.1,245.0,87.2,0.8,2.7
2026-02-11 12:00:00,9.9,242.0,78.8,0.6,2.7
2026-02-11 13:00:00,10.5,249.0,77.2,0.6,2.4
2026-02-11 14:00:00,11.8,218.0,70.9,0.9,3.6
2026-02-11 15:00:00,13.0,231.0,62.9,0.9,3.9
2026-02-11 16:00:00,12.7,227.0,62.8,0.8,4.1
2026-02-11 17:00:00,11.4,230.0,68.4,0.8,3.7
2026-02-11 18:00:00,10.6,200.0,74.2,0.7,2.4
2026-02-11 19:00:00,10.1,228.0,77.3,0.7,3.1
2026-02-11 20:00:00,9.3,279.0,80.9,,1.3
2026-02-11 21:00:00,8.7,333.0,85.0,,1.3
2026-02-11 22:00:00,8.7,94.0,86.1,0.4,2.0
2026-02-11 23:00:00,8.8,104.0,85.7,0.9,2.4
2026-02-12 00:00:00,8.4,67.0,86.7,0.8,2.8
2026-02-12 01:00:00,8.1,51.0,89.0,1.2,4.4
2026-02-12 02:00:00,8.2,70.0,89.4,0.8,2.9
2026-02-12 03:00:00,8.1,80.0,92.6,1.3,3.0
2026-02-12 04:00:00,7.8,88.0,96.9,1.2,3.4
2026-02-12 05:00:00,8.0,58.0,97.2,0.7,2.0
2026-02-12 06:00:00,7.9,50.0,99.3,1.3,3.0
2026-02-12 07:00:00,8.0,68.0,99.4,1.0,3.2
2026-02-12 08:00:00,8.2,98.0,99.4,1.3,3.0
2026-02-12 09:00:00,8.2,90.0,99.4,0.5,2.9
2026-02-12 10:00:00,8.8,63.0,99.3,0.7,2.2
2026-02-12 11:00:00,9.3,356.0,94.7,0.5,1.7
2026-02-12 12:00:00,10.1,336.0,87.3,0.7,2.4
2026-02-12 13:00:00,11.0,264.0,78.7,,2.6
2026-02-12 14:00:00,11.4,275.0,73.9,0.9,3.0
2026-02-12 15:00:00,11.6,236.0,70.3,1.6,4.3
2026-02-12 16:00:00,11.1,232.0,75.0,1.6,4.6
2026-02-12 17:00:00,10.5,227.0,82.1,1.4,4.3
2026-02-12 18:00:00,9.9,226.0,88.0,1.1,3.5
2026-02-12 19:00:00,9.5,258.0,89.6,1.3,3.3
2026-02-12 20:00:00,9.3,253.0,89.1,0.8,2.8
2026-02-12 21:00:00,8.9,255.0,90.1,0.9,2.9
2026-02-12 22:00:00,8.7,248.0,90.1,0.6,2.7
2026-02-12 23:00:00,8.6,259.0,89.2,1.2,3.1
2026-02-13 00:00:00,8.3,254.0,88.7,1.3,3.6
2026-02-13 01:00:00,8.0,258.0,87.7,1.3,3.5
2026-02-13 02:00:00,7.7,257.0,84.6,0.9,3.0
2026-02-13 03:00:00,7.6,248.0,81.5,1.0,2.9
2026-02-13 04:00:00,7.6,243.0,74.9,1.0,3.1
2026-02-13 05:00:00,7.3,231.0,75.2,1.0,4.3
2026-02-13 06:00:00,6.3,236.0,80.5,1.0,3.5
2026-02-13 07:00:00,6.3,235.0,79.1,1.0,2.8
2026-02-13 08:00:00,6.8,227.0,75.8,0.9,3.6
2026-02-13 09:00:00,8.3,232.0,68.0,1.4,3.9
2026-02-13 10:00:00,10.4,233.0,59.0,1.3,3.9
2026-02-13 11:00:00,12.4,238.0,52.2,1.4,4.3
2026-02-13 12:00:00,14.1,236.0,43.5,1.2,4.1
2026-02-13 13:00:00,15.8,244.0,35.7,0.8,2.7
2026-02-13 14:00:00,17.1,89.0,25.4,,2.4
2026-02-13 15:00:00,17.2,44.0,23.5,1.1,3.3
2026-02-13 16:00:00,16.2,105.0,27.8,1.6,3.7
2026-02-13 17:00:00,15.0,114.0,39.2,2.0,4.4
2026-02-13 18:00:00,13.9,114.0,51.7,2.3,5.3
2026-02-13 19:00:00,12.8,92.0,59.0,2.2,5.9
2026-02-13 20:00:00,11.5,77.0,73.7,2.6,5.6
2026-02-13 21:00:00,10.7,85.0,75.0,2.7,6.3
2026-02-13 22:00:00,10.2,80.0,78.3,2.5,5.3
2026-02-13 23:00:00,9.2,99.0,89.1,2.6,5.4
2026-02-14 00:00:00,8.7,100.0,96.9,2.1,6.2
2026-02-14 01:00:00,8.4,53.0,99.2,1.5,3.8
2026-02-14 02:00:00,8.5,12.0,99.3,0.9,3.6
2026-02-14 03:00:00,8.5,350.0,99.4,0.6,1.7
2026-02-14 04:00:00,8.6,90.0,99.1,0.9,3.8
2026-02-14 05:00:00,8.2,85.0,98.7,0.9,3.9
2026-02-14 06:00:00,7.9,339.0,99.4,0.7,2.5
2026-02-14 07:00:00,8.1,59.0,99.4,0.2,2.6
2026-02-14 08:00:00,8.2,350.0,99.3,0.8,2.2
2026-02-14 09:00:00,8.3,15.0,99.4,1.1,3.9
2026-02-14 10:00:00,8.4,20.0,99.3,1.6,4.6
2026-02-14 11:00:00,9.0,334.0,98.2,0.9,3.1
2026-02-14 12:00:00,9.6,291.0,92.7,1.4,4.1
2026-02-14 13:00:00,10.0,279.0,86.4,1.4,4.6
2026-02-14 14:00:00,10.2,276.0,86.5,0.8,2.7
2026-02-14 15:00:00,10.6,245.0,86.1,,1.8
2026-02-14 16:00:00,10.7,223.0,84.4,0.6,2.2
2026-02-14 17:00:00,10.4,207.0,87.3,0.8,2.4
2026-02-14 18:00:00,10.0,245.0,91.1,1.0,2.7
2026-02-14 19:00:00,9.8,239.0,90.7,0.8,2.4
2026-02-14 20:00:00,9.9,234.0,89.2,0.5,2.0
2026-02-14 21:00:00,9.8,220.0,88.2,,1.7
2026-02-14 22:00:00,9.4,252.0,88.1,0.6,1.5
2026-02-14 23:00:00,8.9,258.0,91.2,0.9,2.2
2026-02-15 00:00:00,8.5,239.0,92.9,0.7,2.4
2026-02-15 01:00:00,8.0,246.0,95.8,,1.0
2026-02-15 02:00:00,7.5,351.0,97.5,0.5,1.6
2026-02-15 03:00:00,6.1,352.0,99.0,0.6,1.8
2026-02-15 04:00:00,5.2,322.0,99.4,0.5,2.0
2026-02-15 05:00:00,5.2,26.0,99.4,,1.7
2026-02-15 06:00:00,5.0,21.0,99.4,0.4,1.2
2026-02-15 07:00:00,4.9,82.0,99.4,0.8,2.1
2026-02-15 08:00:00,5.5,75.0,99.4,0.7,2.1
2026-02-15 09:00:00,6.2,64.0,99.4,0.7,1.7
2026-02-15 10:00:00,8.1,86.0,93.9,0.9,2.0
2026-02-15 11:00:00,11.4,27.0,58.9,,4.8
2026-02-15 12:00:00,14.1,18.0,22.6,1.5,5.0
2026-02-15 13:00:00,15.1,204.0,33.1,0.6,3.6
2026-02-15 14:00:00,16.1,167.0,27.2,0.6,5.3
2026-02-15 15:00:00,16.7,131.0,27.1,2.0,5.3
2026-02-15 16:00:00,15.8,161.0,32.1,1.6,5.4
2026-02-15 17:00:00,13.8,187.0,36.2,1.5,4.3
2026-02-15 18:00:00,12.7,196.0,42.2,1.1,3.4
2026-02-15 19:00:00,11.7,225.0,48.5,,1.5
2026-02-15 20:00:00,10.8,48.0,55.1,0.7,2.8
2026-02-15 21:00:00,10.3,53.0,55.6,0.7,2.0
2026-02-15 22:00:00,10.0,47.0,57.6,0.7,1.5
2026-02-15 23:00:00,9.7,56.0,61.5,0.5,1.5
2026-02-16 00:00:00,9.1,61.0,68.7,1.0,2.0
2026-02-16 01:00:00,8.2,61.0,71.7,0.9,1.7
2026-02-16 02:00:00,7.9,85.0,70.0,1.4,3.2
2026-02-16 03:00:00,7.6,55.0,69.6,1.0,2.5
2026-02-16 04:00:00,7.2,91.0,71.3,0.8,2.5
2026-02-16 05:00:00,7.3,86.0,72.8,1.4,3.3
2026-02-16 06:00:00,7.0,83.0,74.3,1.7,3.9
2026-02-16 07:00:00,7.1,70.0,73.4,1.2,2.8
2026-02-16 08:00:00,7.7,69.0,71.2,1.6,3.7
2026-02-16 09:00:00,8.4,91.0,70.1,1.5,4.3
2026-02-16 10:00:00,8.8,95.0,71.1,1.3,3.9
2026-02-16 11:00:00,8.8,65.0,71.4,0.9,4.1
2026-02-16 12:00:00,9.0,20.0,70.7,0.7,2.3
2026-02-16 13:00:00,9.4,41.0,68.2,0.4,2.2
2026-02-16 14:00:00,10.4,211.0,61.2,,2.2
2026-02-16 15:00:00,11.7,214.0,61.6,0.4,2.6
2026-02-16 16:00:00,12.0,240.0,54.7,1.1,3.8
2026-02-16 17:00:00,10.5,228.0,61.2,1.2,3.4
2026-02-16 18:00:00,9.8,253.0,67.1,1.7,5.0
2026-02-16 19:00:00,9.5,246.0,67.8,1.5,4.9
2026-02-16 20:00:00,8.7,259.0,70.6,1.9,5.3
2026-02-16 21:00:00,8.2,265.0,69.2,1.4,4.5
2026-02-16 22:00:00,7.8,248.0,68.4,1.4,4.4
2026-02-16 23:00:00,7.8,256.0,65.8,2.7,6.4
2026-02-17 00:00:00,8.6,267.0,55.1,2.1,6.0
2026-02-17 01:00:00,8.3,255.0,55.0,1.9,6.6
2026-02-17 02:00:00,6.9,251.0,64.7,1.4,5.7
2026-02-17 03:00:00,6.8,251.0,59.8,1.4,3.6
2026-02-17 04:00:00,6.5,245.0,59.0,1.2,3.9
2026-02-17 05:00:00,6.0,230.0,63.0,1.5,5.0
2026-02-17 06:00:00,5.4,230.0,67.9,2.2,5.6
2026-02-17 07:00:00,5.7,246.0,65.2,1.7,5.2
2026-02-17 08:00:00,7.6,256.0,55.3,1.1,3.4
2026-02-17 09:00:00,10.0,244.0,45.7,1.1,2.7
2026-02-17 10:00:00,12.0,278.0,37.9,1.4,4.8
2026-02-17 11:00:00,12.9,287.0,34.8,2.2,6.7
2026-02-17 12:00:00,13.9,286.0,30.1,2.4,6.8
2026-02-17 13:00:00,15.0,294.0,28.6,1.2,4.8
2026-02-17 14:00:00,15.5,279.0,27.4,2.0,8.5
2026-02-17 15:00:00,16.6,325.0,24.2,1.5,5.2
2026-02-17 16:00:00,16.0,317.0,24.9,1.3,5.0
2026-02-17 17:00:00,13.9,341.0,29.0,0.9,2.7
2026-02-17 18:00:00,12.6,306.0,32.1,1.0,3.0
2026-02-17 19:00:00,11.7,306.0,34.1,1.1,2.7
2026-02-17 20:00:00,10.5,1.0,38.3,0.6,2.5
2026-02-17 21:00:00,9.5,6.0,42.4,,1.6
2026-02-17 22:00:00,8.6,327.0,44.2,,1.6
2026-02-17 23:00:00,8.3,271.0,45.6,0.7,2.2
2026-02-18 00:00:00,7.8,272.0,49.0,0.6,1.7
2026-02-18 01:00:00,7.5,260.0,49.7,0.9,2.0
2026-02-18 02:00:00,6.7,283.0,51.9,0.5,1.2
2026-02-18 03:00:00,5.9,290.0,55.0,,1.3
2026-02-18 04:00:00,5.2,318.0,55.1,,1.1
2026-02-18 05:00:00,5.0,259.0,55.8,,1.1
2026-02-18 06:00:00,5.0,288.0,59.0,,1.0
2026-02-18 07:00:00,5.1,0.0,60.6,0.5,1.7
2026-02-18 08:00:00,6.3,46.0,54.1,1.0,3.2
2026-02-18 09:00:00,7.7,59.0,43.4,2.0,4.4
2026-02-18 10:00:00,9.0,76.0,40.1,1.6,3.9
2026-02-18 11:00:00,10.7,96.0,32.9,1.3,3.8
2026-02-18 12:00:00,11.8,112.0,30.6,2.2,5.5
2026-02-18 13:00:00,12.4,133.0,33.0,1.8,5.0
2026-02-18 14:00:00,13.0,117.0,31.6,1.3,3.9
2026-02-18 15:00:00,13.4,75.0,30.2,1.0,3.0
2026-02-18 16:00:00,12.6,90.0,34.7,1.3,3.3
2026-02-18 17:00:00,11.8,112.0,37.5,1.4,2.7
2026-02-18 18:00:00,11.4,101.0,40.9,1.0,2.6
2026-02-18 19:00:00,11.6,84.0,42.8,1.0,2.2
2026-02-18 20:00:00,11.3,67.0,44.1,1.1,2.2
2026-02-18 21:00:00,10.6,44.0,46.3,0.6,1.3
2026-02-18 22:00:00,10.2,50.0,47.7,1.0,2.3
2026-02-18 23:00:00,9.5,55.0,48.2,1.5,3.2
2026-02-19 00:00:00,9.5,84.0,50.1,1.4,4.0
2026-02-19 01:00:00,8.8,91.0,69.9,2.4,5.8
2026-02-19 02:00:00,8.3,75.0,76.2,2.0,4.8
2026-02-19 03:00:00,8.2,96.0,73.2,3.0,7.8
2026-02-19 04:00:00,6.8,75.0,95.1,3.7,9.5
2026-02-19 05:00:00,6.0,71.0,99.4,4.2,10.3
2026-02-19 06:00:00,5.2,35.0,99.4,2.8,8.8
2026-02-19 07:00:00,4.5,329.0,99.4,1.5,5.4
2026-02-19 08:00:00,3.7,300.0,99.4,2.2,5.9
2026-02-19 09:00:00,3.9,300.0,99.4,2.5,5.8
2026-02-19 10:00:00,4.4,318.0,99.4,1.0,4.1
2026-02-19 11:00:00,5.0,223.0,99.4,,4.5
2026-02-19 12:00:00,5.3,234.0,99.4,1.8,6.7
2026-02-19 13:00:00,5.4,234.0,99.3,1.7,4.9
2026-02-19 14:00:00,6.2,231.0,93.2,2.4,6.4
2026-02-19 15:00:00,6.7,249.0,85.9,1.9,6.0
2026-02-19 16:00:00,7.2,255.0,84.0,1.8,5.0
2026-02-19 17:00:00,7.1,266.0,83.2,1.3,3.7
2026-02-19 18:00:00,6.7,268.0,85.1,1.0,3.2
2026-02-19 19:00:00,6.6,258.0,86.2,0.8,2.5
2026-02-19 20:00:00,6.5,270.0,87.0,1.0,3.0
2026-02-19 21:00:00,6.2,291.0,89.1,1.1,2.9
2026-02-19 22:00:00,6.2,265.0,90.3,0.9,2.8
2026-02-19 23:00:00,6.0,258.0,91.0,0.8,2.1
2026-02-20 00:00:00,5.7,248.0,91.3,1.2,3.7
2026-02-20 01:00:00,5.1,273.0,93.2,1.0,3.3
2026-02-20 02:00:00,4.9,270.0,93.2,1.0,2.6
2026-02-20 03:00:00,4.6,270.0,93.0,1.0,2.8
2026-02-20 04:00:00,4.7,257.0,91.1,1.2,3.2
2026-02-20 05:00:00,4.7,267.0,88.9,0.7,2.1
2026-02-20 06:00:00,4.9,268.0,87.9,0.7,2.3
2026-02-20 07:00:00,5.2,256.0,83.3,1.2,3.8
2026-02-20 08:00:00,5.7,231.0,78.4,0.9,3.0
2026-02-20 09:00:00,7.9,247.0,69.0,1.2,3.4
2026-02-20 10:00:00,10.7,244.0,61.3,1.5,4.3
2026-02-20 11:00:00,14.5,250.0,48.1,1.2,5.4
2026-02-20 12:00:00,17.5,347.0,27.5,2.3,7.4
2026-02-20 13:00:00,18.5,39.0,28.8,1.7,7.4
2026-02-20 14:00:00,17.6,89.0,43.9,1.5,6.1
2026-02-20 15:00:00,19.4,72.0,36.4,0.9,4.3
2026-02-20 16:00:00,19.3,51.0,29.5,1.7,7.2
2026-02-20 17:00:00,14.9,92.0,54.6,2.9,6.2
2026-02-20 18:00:00,12.9,79.0,63.6,3.6,8.4
2026-02-20 19:00:00,11.7,78.0,70.2,3.8,8.3
2026-02-20 20:00:00,10.8,78.0,76.8,2.8,6.8
2026-02-20 21:00:00,9.9,76.0,80.0,2.7,6.1
2026-02-20 22:00:00,8.9,75.0,84.4,2.4,6.0
2026-02-20 23:00:00,8.6,65.0,78.4,2.4,4.6
2026-02-21 00:00:00,8.4,66.0,74.2,2.6,5.2
2026-02-21 01:00:00,8.0,60.0,73.5,1.7,3.6
2026-02-21 02:00:00,7.7,44.0,73.0,1.4,3.4
2026-02-21 03:00:00,7.2,37.0,72.8,1.2,3.3
2026-02-21 04:00:00,7.0,51.0,73.6,1.2,2.8
2026-02-21 05:00:00,6.5,36.0,75.2,0.7,2.7
2026-02-21 06:00:00,5.9,315.0,78.8,,1.2
2026-02-21 07:00:00,5.9,347.0,79.3,,1.4
2026-02-21 08:00:00,6.5,348.0,76.3,,1.2
2026-02-21 09:00:00,8.1,358.0,68.6,0.3,1.8
2026-02-21 10:00:00,9.3,182.0,64.3,0.6,2.9
2026-02-21 11:00:00,10.4,199.0,59.1,0.8,3.5
2026-02-21 12:00:00,11.3,211.0,57.9,1.1,4.4
2026-02-21 13:00:00,12.6,222.0,52.7,1.0,3.7
2026-02-21 14:00:00,13.6,263.0,51.1,1.2,4.1
2026-02-21 15:00:00,14.8,238.0,49.6,1.2,4.2
2026-02-21 16:00:00,14.9,250.0,50.4,1.2,3.8
2026-02-21 17:00:00,13.4,247.0,54.8,0.8,2.6
2026-02-21 18:00:00,12.4,228.0,59.6,0.5,1.9
2026-02-21 19:00:00,11.8,193.0,63.4,0.5,1.4
2026-02-21 20:00:00,11.6,190.0,66.2,0.6,3.1
2026-02-21 21:00:00,10.5,124.0,74.4,1.0,3.2
2026-02-21 22:00:00,9.5,71.0,79.4,0.8,2.3
2026-02-21 23:00:00,8.9,64.0,80.7,1.1,2.2
2026-02-22 00:00:00,8.4,68.0,80.2,1.0,1.9
2026-02-22 01:00:00,8.0,75.0,80.6,1.5,3.4
2026-02-22 02:00:00,7.4,54.0,82.5,0.8,2.6
2026-02-22 03:00:00,6.9,49.0,84.6,0.6,1.4
2026-02-22 04:00:00,6.3,321.0,87.1,,0.8
2026-02-22 05:00:00,6.2,17.0,87.5,,0.7
2026-02-22 06:00:00,5.9,333.0,88.5,,1.1
2026-02-22 07:00:00,5.7,342.0,88.8,0.4,1.1
2026-02-22 08:00:00,6.5,355.0,85.0,0.4,1.6
2026-02-22 09:00:00,8.3,63.0,77.2,0.6,2.1
2026-02-22 10:00:00,10.1,68.0,68.9,0.4,2.1
2026-02-22 11:00:00,11.5,88.0,63.2,,2.4
2026-02-22 12:00:00,12.8,202.0,59.6,0.8,3.4
2026-02-22 13:00:00,13.4,203.0,60.1,0.6,3.0
2026-02-22 14:00:00,13.8,217.0,59.3,0.5,3.0
2026-02-22 15:00:00,14.1,254.0,58.2,0.7,2.6
2026-02-22 16:00:00,14.0,231.0,59.0,0.5,1.9
2026-02-22 17:00:00,13.4,216.0,61.8,0.7,2.5
2026-02-22 18:00:00,12.3,202.0,67.7,1.1,2.3
2026-02-22 19:00:00,11.4,188.0,70.1,0.5,1.6
2026-02-22 20:00:00,10.7,200.0,73.4,0.7,1.9
2026-02-22 21:00:00,10.4,218.0,76.4,0.4,1.4
2026-02-22 22:00:00,9.5,343.0,80.4,0.5,1.1
2026-02-22 23:00:00,8.8,2.0,84.6,0.4,1.2
2026-02-23 00:00:00,8.7,348.0,85.5,,0.7
2026-02-23 01:00:00,8.2,7.0,88.3,,1.1
2026-02-23 02:00:00,8.0,3.0,89.2,,1.3
2026-02-23 03:00:00,8.0,322.0,87.2,,2.4
2026-02-23 04:00:00,8.1,306.0,85.1,0.3,1.2
2026-02-23 05:00:00,7.3,336.0,87.6,,1.2
2026-02-23 06:00:00,6.9,308.0,88.7,0.6,1.4
2026-02-23 07:00:00,6.9,9.0,89.0,,1.4
2026-02-23 08:00:00,7.7,19.0,86.1,,1.4
2026-02-23 09:00:00,8.9,343.0,81.8,,1.5
2026-02-23 10:00:00,10.7,244.0,75.1,,2.1
2026-02-23 11:00:00,12.2,239.0,69.9,0.8,2.8
2026-02-23 12:00:00,13.6,251.0,65.7,1.3,3.8
2026-02-23 13:00:00,14.8,237.0,62.4,1.5,4.3
2026-02-23 14:00:00,15.7,241.0,58.8,1.1,4.1
2026-02-23 15:00:00,16.4,241.0,56.9,1.3,4.2
2026-02-23 16:00:00,16.3,251.0,58.7,1.5,3.6
2026-02-23 17:00:00,15.4,247.0,62.9,0.9,3.6
2026-02-23 18:00:00,14.2,243.0,69.0,,2.2
2026-02-23 19:00:00,13.4,151.0,74.3,,2.9
2026-02-23 20:00:00,12.7,156.0,79.1,0.7,2.1
2026-02-23 21:00:00,12.0,182.0,81.1,,1.6
2026-02-23 22:00:00,11.2,3.0,85.2,,1.3
2026-02-23 23:00:00,10.4,346.0,88.6,0.4,1.3
2026-02-24 00:00:00,9.8,4.0,90.8,,1.2
2026-02-24 01:00:00,9.3,346.0,92.6,0.4,1.5
2026-02-24 02:00:00,8.7,5.0,93.3,,1.1
2026-02-24 03:00:00,8.4,343.0,94.8,,1.1
2026-02-24 04:00:00,8.1,315.0,94.1,,1.2
2026-02-24 05:00:00,7.8,300.0,94.1,,1.1
2026-02-24 06:00:00,7.5,286.0,93.4,0.8,2.0
2026-02-24 07:00:00,7.7,286.0,93.3,0.3,1.8
2026-02-24 08:00:00,8.8,239.0,87.4,0.8,2.7
2026-02-24 09:00:00,10.4,254.0,76.5,1.0,3.6
2026-02-24 10:00:00,12.5,246.0,68.1,1.3,4.4
2026-02-24 11:00:00,14.1,240.0,66.1,1.5,4.1
2026-02-24 12:00:00,15.4,240.0,62.9,1.2,3.8
2026-02-24 13:00:00,17.2,164.0,56.7,0.7,4.5
2026-02-24 14:00:00,16.0,101.0,66.3,3.4,7.5
2026-02-24 15:00:00,12.6,103.0,78.2,3.7,9.0
2026-02-24 16:00:00,10.9,90.0,87.1,4.0,9.1
2026-02-24 17:00:00,11.2,86.0,84.7,4.0,9.8
2026-02-24 18:00:00,10.9,86.0,83.9,3.3,7.0
2026-02-24 19:00:00,10.6,77.0,80.8,3.0,6.0
2026-02-24 20:00:00,10.2,78.0,81.0,2.2,4.9
2026-02-24 21:00:00,9.9,74.0,79.4,2.5,4.6
2026-02-24 22:00:00,9.6,66.0,79.2,2.0,4.2
2026-02-24 23:00:00,9.3,68.0,79.4,1.5,3.6
2026-02-25 00:00:00,9.0,50.0,81.3,1.0,2.5
2026-02-25 01:00:00,9.3,11.0,80.2,0.8,2.0
2026-02-25 02:00:00,9.4,13.0,80.0,,1.2
2026-02-25 03:00:00,9.6,358.0,79.6,0.5,1.5
2026-02-25 04:00:00,9.8,337.0,79.1,,1.1
2026-02-25 05:00:00,10.0,328.0,78.0,0.4,1.2
2026-02-25 06:00:00,10.1,325.0,78.0,,1.4
2026-02-25 07:00:00,10.5,308.0,76.6,,1.3
2026-02-25 08:00:00,11.1,273.0,74.7,0.6,1.8
2026-02-25 09:00:00,11.5,297.0,72.7,0.5,1.7
2026-02-25 10:00:00,12.4,5.0,68.8,,1.1
2026-02-25 11:00:00,13.2,253.0,63.0,,1.5
2026-02-25 12:00:00,14.2,55.0,58.7,0.5,2.4
2026-02-25 13:00:00,13.7,217.0,61.6,0.5,2.4
2026-02-25 14:00:00,14.2,235.0,59.8,0.8,3.0
2026-02-25 15:00:00,14.6,251.0,57.8,0.6,2.3
2026-02-25 16:00:00,14.6,234.0,58.7,0.9,2.7
2026-02-25 17:00:00,13.8,233.0,61.4,1.1,3.5
2026-02-25 18:00:00,12.9,236.0,65.6,1.0,3.0
2026-02-25 19:00:00,12.1,233.0,70.4,0.7,3.0
2026-02-25 20:00:00,11.4,229.0,75.0,0.8,3.1
2026-02-25 21:00:00,10.9,241.0,76.6,0.6,2.0
2026-02-25 22:00:00,10.5,256.0,77.9,1.2,2.9
2026-02-25 23:00:00,9.9,261.0,80.0,0.8,2.5
2026-02-26 00:00:00,9.5,265.0,80.3,0.6,1.5
2026-02-26 01:00:00,9.1,285.0,81.2,0.5,1.2
2026-02-26 02:00:00,8.4,325.0,84.0,,0.9
2026-02-26 03:00:00,7.7,337.0,86.8,,0.7
2026-02-26 04:00:00,7.3,353.0,87.9,,1.0
2026-02-26 05:00:00,6.8,,87.4,,0.6
2026-02-26 06:00:00,6.8,354.0,87.5,,0.7
2026-02-26 07:00:00,7.0,358.0,86.3,0.4,0.9
2026-02-26 08:00:00,8.0,1.0,82.1,,1.0
2026-02-26 09:00:00,9.7,6.0,75.8,,1.1
2026-02-26 10:00:00,11.9,279.0,66.5,0.6,2.3
2026-02-26 11:00:00,13.5,240.0,61.4,0.9,3.2
2026-02-26 12:00:00,14.5,236.0,59.8,1.2,3.6
2026-02-26 13:00:00,15.7,246.0,57.0,1.1,3.8
2026-02-26 14:00:00,16.9,248.0,54.0,1.3,4.1
2026-02-26 15:00:00,17.5,218.0,52.0,,3.3
2026-02-26 16:00:00,17.6,207.0,52.2,0.8,3.0
2026-02-26 17:00:00,16.0,208.0,58.3,0.8,2.5
2026-02-26 18:00:00,14.8,250.0,63.4,0.9,2.3
2026-02-26 19:00:00,14.0,235.0,67.1,0.6,1.5
2026-02-26 20:00:00,13.2,257.0,70.4,0.5,1.5
2026-02-26 21:00:00,12.5,297.0,73.8,,1.2
2026-02-26 22:00:00,11.6,317.0,77.8,,0.8
2026-02-26 23:00:00,11.3,346.0,79.8,,0.7
2026-02-27 00:00:00,11.4,341.0,78.4,,1.0
2026-02-27 01:00:00,11.2,359.0,79.8,0.5,1.1
2026-02-27 02:00:00,11.4,61.0,79.3,0.8,1.6
2026-02-27 03:00:00,11.5,55.0,77.8,0.9,2.0
2026-02-27 04:00:00,11.4,78.0,77.0,0.7,1.9
2026-02-27 05:00:00,11.3,70.0,77.3,0.5,1.2
2026-02-27 06:00:00,10.9,305.0,80.2,,1.0
2026-02-27 07:00:00,10.9,356.0,80.2,0.4,1.1
2026-02-27 08:00:00,11.3,342.0,79.0,0.4,1.3
2026-02-27 09:00:00,12.0,312.0,76.3,,1.1
2026-02-27 10:00:00,12.8,100.0,73.1,,1.6
2026-02-27 11:00:00,13.8,110.0,71.2,0.6,2.3
2026-02-27 12:00:00,14.5,207.0,67.9,0.9,2.9
2026-02-27 13:00:00,15.7,181.0,60.9,0.7,3.3
2026-02-27 14:00:00,15.7,235.0,60.0,0.7,3.4
2026-02-27 15:00:00,15.9,232.0,58.7,1.1,3.7
2026-02-27 16:00:00,16.1,252.0,58.7,1.4,3.6
2026-02-27 17:00:00,15.3,271.0,61.1,1.1,3.3
2026-02-27 18:00:00,14.5,294.0,64.5,0.7,1.7
2026-02-27 19:00:00,13.9,28.0,68.4,,0.5
2026-02-27 20:00:00,13.8,219.0,68.9,0.9,3.7
2026-02-27 21:00:00,13.4,224.0,66.6,1.6,4.5
2026-02-27 22:00:00,12.7,250.0,69.0,0.6,2.1
2026-02-27 23:00:00,12.0,271.0,72.0,1.0,2.7
2026-02-28 00:00:00,11.4,306.0,74.5,0.7,1.9
2026-02-28 01:00:00,10.7,299.0,77.9,0.5,1.2
2026-02-28 02:00:00,10.7,293.0,78.7,,1.1
2026-02-28 03:00:00,11.0,299.0,77.4,0.6,1.5
2026-02-28 04:00:00,11.2,44.0,77.0,,0.7
2026-02-28 05:00:00,11.3,57.0,76.7,,0.6
2026-02-28 06:00:00,11.8,221.0,74.9,,2.7
2026-02-28 07:00:00,11.9,242.0,75.8,0.4,1.7
2026-02-28 08:00:00,12.0,172.0,76.9,,1.7
2026-02-28 09:00:00,12.3,185.0,75.8,0.6,2.3
2026-02-28 10:00:00,12.6,212.0,74.5,0.6,2.4
2026-02-28 11:00:00,13.3,230.0,71.3,1.0,2.8
2026-02-28 12:00:00,14.0,223.0,68.4,0.8,2.9
2026-02-28 13:00:00,14.9,250.0,64.1,1.0,3.7
2026-02-28 14:00:00,15.8,246.0,58.1,1.3,4.3
2026-02-28 15:00:00,16.1,232.0,55.3,1.3,3.4
2026-02-28 16:00:00,15.9,233.0,55.7,1.1,3.1
2026-02-28 17:00:00,15.0,244.0,58.1,1.0,2.9
2026-02-28 18:00:00,14.1,290.0,61.9,0.8,2.4
2026-02-28 19:00:00,13.6,278.0,65.8,0.4,1.4
2026-02-28 20:00:00,13.3,269.0,68.0,,1.3
2026-02-28 21:00:00,12.9,275.0,70.5,,1.0
2026-02-28 22:00:00,12.3,16.0,74.5,,0.6
2026-02-28 23:00:00,12.6,24.0,74.3,0.4,0.8
2026-03-01 00:00:00,12.7,39.0,73.3,,1.3
2026-03-01 01:00:00,12.1,14.0,75.7,0.5,1.0
2026-03-01 02:00:00,11.6,95.0,77.1,1.1,2.9
2026-03-01 03:00:00,11.6,73.0,76.2,0.7,2.2
2026-03-01 04:00:00,11.3,84.0,81.4,1.3,3.1
2026-03-01 05:00:00,10.9,74.0,86.8,1.1,2.6
2026-03-01 06:00:00,10.7,72.0,89.3,1.6,3.3
2026-03-01 07:00:00,10.3,87.0,93.2,2.2,4.2
2026-03-01 08:00:00,10.0,104.0,97.4,2.0,4.3
2026-03-01 09:00:00,10.0,85.0,99.3,2.0,3.8
2026-03-01 10:00:00,10.1,80.0,99.3,2.6,5.6
2026-03-01 11:00:00,10.7,85.0,93.8,2.4,5.2
2026-03-01 12:00:00,11.0,75.0,90.3,2.7,5.5
2026-03-01 13:00:00,11.6,87.0,86.0,2.3,4.9
2026-03-01 14:00:00,11.8,93.0,83.5,2.2,4.9
2026-03-01 15:00:00,12.2,91.0,80.6,1.8,4.1
2026-03-01 16:00:00,12.3,97.0,79.9,1.6,3.4
2026-03-01 17:00:00,12.3,99.0,80.9,1.9,3.6
2026-03-01 18:00:00,12.0,75.0,83.5,1.6,3.5
2026-03-01 19:00:00,11.8,54.0,84.9,1.3,2.7
2026-03-01 20:00:00,11.7,74.0,84.5,1.9,3.7
2026-03-01 21:00:00,11.5,77.0,85.8,1.6,3.6
2026-03-01 22:00:00,11.2,79.0,87.3,1.8,3.9
2026-03-01 23:00:00,11.2,85.0,88.0,1.5,3.7
2026-03-02 00:00:00,11.2,103.0,89.8,1.8,4.1
2026-03-02 01:00:00,10.9,92.0,92.0,1.4,3.5
2026-03-02 02:00:00,10.6,91.0,93.2,1.1,2.8
2026-03-02 03:00:00,10.4,99.0,93.5,1.3,3.3
2026-03-02 04:00:00,10.3,98.0,95.8,1.6,3.3
2026-03-02 05:00:00,10.0,79.0,98.7,0.9,3.1
2026-03-02 06:00:00,10.0,72.0,99.4,1.0,2.9
2026-03-02 07:00:00,10.1,75.0,99.4,1.6,3.0
2026-03-02 08:00:00,10.3,80.0,98.8,1.7,3.0
2026-03-02 09:00:00,10.5,76.0,98.6,2.0,4.7
2026-03-02 10:00:00,10.9,88.0,96.1,2.0,4.3
2026-03-02 11:00:00,11.6,98.0,88.4,2.1,4.5
2026-03-02 12:00:00,12.2,95.0,83.2,1.6,3.5
2026-03-02 13:00:00,13.0,88.0,77.0,1.7,3.7
2026-03-02 14:00:00,13.4,97.0,73.0,1.2,4.1
2026-03-02 15:00:00,13.0,45.0,76.0,0.6,2.8
2026-03-02 16:00:00,12.9,15.0,85.7,1.0,2.9
2026-03-02 17:00:00,12.6,85.0,86.5,1.1,3.4
2026-03-02 18:00:00,11.7,70.0,91.4,1.0,2.7
2026-03-02 19:00:00,11.6,104.0,90.7,0.9,2.4
2026-03-02 20:00:00,11.2,72.0,90.8,0.7,1.7
2026-03-02 21:00:00,11.0,105.0,91.7,1.1,2.8
2026-03-02 22:00:00,11.1,67.0,90.8,0.9,2.0
2026-03-02 23:00:00,11.0,43.0,91.2,1.0,2.9
2026-03-03 00:00:00,10.9,52.0,90.7,1.1,2.2
2026-03-03 01:00:00,10.7,50.0,93.0,1.1,2.8
2026-03-03 02:00:00,10.7,67.0,90.7,0.6,1.6
2026-03-03 03:00:00,10.5,346.0,89.8,,1.3
2026-03-03 04:00:00,10.1,329.0,92.8,,1.7
2026-03-03 05:00:00,9.5,317.0,95.9,0.5,1.1
2026-03-03 06:00:00,9.5,354.0,95.1,0.5,1.2
2026-03-03 07:00:00,9.3,328.0,94.7,,1.2
2026-03-03 08:00:00,10.4,352.0,88.7,0.4,1.0
2026-03-03 09:00:00,11.4,67.0,82.2,,1.2
2026-03-03 10:00:00,12.5,143.0,76.9,,2.6
2026-03-03 11:00:00,12.9,208.0,74.2,0.6,2.7
2026-03-03 12:00:00,14.4,158.0,66.0,0.8,3.2
2026-03-03 13:00:00,14.8,193.0,64.7,0.9,3.6
2026-03-03 14:00:00,15.6,173.0,60.2,0.9,3.8
2026-03-03 15:00:00,16.5,189.0,55.9,1.0,5.1
2026-03-03 16:00:00,15.6,196.0,58.0,1.2,4.1
2026-03-03 17:00:00,14.8,201.0,62.1,1.3,3.3
2026-03-03 18:00:00,13.8,199.0,66.4,1.4,3.1
2026-03-03 19:00:00,13.2,165.0,71.1,0.7,2.9
2026-03-03 20:00:00,12.6,145.0,74.0,,2.3
2026-03-03 21:00:00,12.2,79.0,76.6,0.4,1.0
2026-03-03 22:00:00,12.0,58.0,78.2,,1.2
2026-03-03 23:00:00,11.9,78.0,78.3,0.7,1.5
2026-03-04 00:00:00,11.6,73.0,78.5,0.6,1.7
2026-03-04 01:00:00,11.1,45.0,81.8,0.7,1.6
2026-03-04 02:00:00,10.4,59.0,85.9,,1.3
2026-03-04 03:00:00,10.2,37.0,87.0,,1.2
2026-03-04 04:00:00,9.7,344.0,89.3,0.3,1.6
2026-03-04 05:00:00,9.3,86.0,90.9,0.4,0.9
2026-03-04 06:00:00,9.2,6.0,91.7,0.5,1.6
2026-03-04 07:00:00,9.5,57.0,89.9,,1.2
2026-03-04 08:00:00,11.2,72.0,83.4,0.7,1.8
2026-03-04 09:00:00,11.9,81.0,78.7,1.1,2.4
2026-03-04 10:00:00,12.7,60.0,72.8,0.6,2.1
2026-03-04 11:00:00,13.6,26.0,68.0,0.6,2.2
2026-03-04 12:00:00,14.3,200.0,64.3,,1.9
2026-03-04 13:00:00,15.3,280.0,58.7,,2.2
2026-03-04 14:00:00,15.3,269.0,58.3,,2.0
2026-03-04 15:00:00,15.7,233.0,54.8,0.9,2.9
2026-03-04 16:00:00,15.8,169.0,54.7,0.8,2.7
2026-03-04 17:00:00,14.9,155.0,59.0,0.9,2.9
2026-03-04 18:00:00,13.9,157.0,66.0,0.9,2.7
2026-03-04 19:00:00,13.2,133.0,69.9,0.8,1.9
2026-03-04 20:00:00,12.8,145.0,72.2,0.9,2.8
2026-03-04 21:00:00,12.4,126.0,74.1,0.8,2.5
2026-03-04 22:00:00,12.1,111.0,75.2,0.6,1.9
2026-03-04 23:00:00,11.5,65.0,77.9,0.8,1.8
2026-03-05 00:00:00,10.9,86.0,81.9,1.3,3.1
2026-03-05 01:00:00,10.0,101.0,87.8,2.0,4.3
2026-03-05 02:00:00,9.2,83.0,93.7,2.4,4.4
2026-03-05 03:00:00,8.8,74.0,97.2,1.8,4.4
2026-03-05 04:00:00,9.2,99.0,94.9,1.5,3.4
2026-03-05 05:00:00,9.3,105.0,92.1,1.2,3.3
2026-03-05 06:00:00,9.2,81.0,92.1,1.3,3.2
2026-03-05 07:00:00,9.4,73.0,91.8,1.7,3.2
2026-03-05 08:00:00,9.8,71.0,89.5,1.8,3.8
2026-03-05 09:00:00,10.4,86.0,86.8,1.4,3.9
2026-03-05 10:00:00,10.8,102.0,84.9,1.6,3.5
2026-03-05 11:00:00,11.0,113.0,83.0,1.3,3.4
2026-03-05 12:00:00,11.3,133.0,80.1,1.0,3.6
2026-03-05 13:00:00,12.0,71.0,74.8,1.1,2.9
2026-03-05 14:00:00,11.9,95.0,74.8,1.0,2.7
2026-03-05 15:00:00,12.3,137.0,71.5,,2.0
2026-03-05 16:00:00,12.4,107.0,72.1,1.4,3.5
2026-03-05 17:00:00,12.2,85.0,72.0,1.1,3.1
2026-03-05 18:00:00,11.7,118.0,74.5,1.3,3.1
2026-03-05 19:00:00,11.3,120.0,75.2,1.3,2.8
2026-03-05 20:00:00,10.6,104.0,78.7,1.0,2.4
2026-03-05 21:00:00,10.3,134.0,78.6,0.8,2.1
2026-03-05 22:00:00,10.5,170.0,77.2,,1.6
2026-03-05 23:00:00,10.4,307.0,78.0,,1.0
2026-03-06 00:00:00,10.5,349.0,79.6,,1.1
2026-03-06 01:00:00,10.5,73.0,79.5,0.5,1.5
2026-03-06 02:00:00,10.2,158.0,77.7,0.5,1.9
2026-03-06 03:00:00,9.5,293.0,81.8,,1.8
2026-03-06 04:00:00,9.1,289.0,86.0,0.6,1.3
2026-03-06 05:00:00,9.3,289.0,85.8,0.6,1.6
2026-03-06 06:00:00,9.4,297.0,84.2,,1.0
2026-03-06 07:00:00,9.5,280.0,82.8,,1.2
2026-03-06 08:00:00,10.1,237.0,79.4,0.6,1.7
2026-03-06 09:00:00,10.7,262.0,76.6,0.7,2.0
2026-03-06 10:00:00,11.7,13.0,72.6,,2.1
2026-03-06 11:00:00,12.8,104.0,65.8,0.1,2.8
2026-03-06 12:00:00,14.5,96.0,54.4,1.3,4.5
2026-03-06 13:00:00,16.4,100.0,47.2,1.3,3.8
2026-03-06 14:00:00,15.9,98.0,48.5,1.2,3.9
2026-03-06 15:00:00,15.9,100.0,50.5,1.2,3.6
2026-03-06 16:00:00,14.9,68.0,54.6,1.6,3.5
2026-03-06 17:00:00,14.1,83.0,55.9,1.2,2.9
2026-03-06 18:00:00,13.2,110.0,59.0,1.3,3.2
2026-03-06 19:00:00,12.6,140.0,64.2,0.9,2.2
2026-03-06 20:00:00,12.0,153.0,69.0,0.6,2.1
2026-03-06 21:00:00,11.5,97.0,73.0,0.8,1.9
2026-03-06 22:00:00,11.0,69.0,76.8,1.0,2.7
2026-03-06 23:00:00,10.5,55.0,79.0,0.6,1.6
2026-03-07 00:00:00,9.9,31.0,82.1,0.4,1.1
2026-03-07 01:00:00,9.4,345.0,84.1,0.5,1.5
2026-03-07 02:00:00,8.8,350.0,85.6,0.5,1.0
2026-03-07 03:00:00,8.3,347.0,86.9,,1.3
2026-03-07 04:00:00,7.9,311.0,86.6,,0.8
2026-03-07 05:00:00,7.6,329.0,87.3,0.4,1.0
2026-03-07 06:00:00,7.2,335.0,87.3,,1.0
2026-03-07 07:00:00,7.4,338.0,86.0,,1.3
2026-03-07 08:00:00,8.7,357.0,78.1,,1.4
2026-03-07 09:00:00,10.7,351.0,71.1,,1.2
2026-03-07 10:00:00,12.3,231.0,63.7,0.9,2.9
2026-03-07 11:00:00,13.6,211.0,59.3,0.6,2.9
2026-03-07 12:00:00,15.1,190.0,53.1,0.4,2.5
2026-03-07 13:00:00,16.7,231.0,44.5,0.4,3.3
2026-03-07 14:00:00,18.0,185.0,41.0,0.2,2.7
2026-03-07 15:00:00,18.4,125.0,36.0,0.9,4.1
2026-03-07 16:00:00,17.6,142.0,36.5,1.5,4.3
2026-03-07 17:00:00,15.8,161.0,42.5,1.2,3.7
2026-03-07 18:00:00,14.8,128.0,45.8,1.3,4.0
2026-03-07 19:00:00,13.9,104.0,51.7,1.0,2.4
2026-03-07 20:00:00,13.3,66.0,55.5,0.6,2.1
2026-03-07 21:00:00,12.3,3.0,60.9,0.5,0.9
2026-03-07 22:00:00,11.6,21.0,64.9,,0.5
2026-03-07 23:00:00,11.0,29.0,67.8,,1.0
2026-03-08 00:00:00,10.6,13.0,70.1,0.5,1.1
2026-03-08 01:00:00,9.9,357.0,72.4,0.5,1.1
2026-03-08 02:00:00,9.1,332.0,73.8,0.4,0.9
2026-03-08 03:00:00,8.6,6.0,74.9,0.4,1.3
2026-03-08 04:00:00,8.3,311.0,75.7,,0.8
2026-03-08 05:00:00,8.2,16.0,76.7,0.5,1.0
2026-03-08 06:00:00,7.9,12.0,78.8,0.6,1.0
2026-03-08 07:00:00,7.9,16.0,78.9,,0.7
2026-03-08 08:00:00,9.4,2.0,72.3,,1.1
2026-03-08 09:00:00,11.0,54.0,65.3,0.7,2.4
2026-03-08 10:00:00,12.4,101.0,60.2,0.6,2.3
2026-03-08 11:00:00,14.0,113.0,54.7,0.6,3.0
2026-03-08 12:00:00,15.2,99.0,49.7,,3.1
2026-03-08 13:00:00,17.2,70.0,40.4,0.8,4.8
2026-03-08 14:00:00,17.8,115.0,36.3,1.2,5.1
2026-03-08 15:00:00,18.1,107.0,34.4,1.3,4.8
2026-03-08 16:00:00,17.4,114.0,36.1,1.6,3.9
2026-03-08 17:00:00,15.8,110.0,42.8,1.7,4.0
2026-03-08 18:00:00,14.8,113.0,48.4,1.9,4.0
2026-03-08 19:00:00,13.9,116.0,53.9,1.7,3.4
2026-03-08 20:00:00,13.2,109.0,60.9,1.2,2.6
2026-03-08 21:00:00,12.8,83.0,65.9,1.0,1.9
2026-03-08 22:00:00,12.3,56.0,69.6,1.0,2.0
2026-03-08 23:00:00,11.7,60.0,71.9,1.0,1.9
2026-03-09 00:00:00,11.3,53.0,74.3,0.9,1.9
2026-03-09 01:00:00,11.0,57.0,76.1,0.9,1.9
2026-03-09 02:00:00,10.4,53.0,76.8,,1.0
2026-03-09 03:00:00,9.9,20.0,78.1,,1.1
2026-03-09 04:00:00,10.1,304.0,75.1,0.5,1.1
2026-03-09 05:00:00,10.2,332.0,73.9,0.5,1.2
2026-03-09 06:00:00,10.3,7.0,72.2,,1.1
2026-03-09 07:00:00,10.6,353.0,71.6,,0.8
2026-03-09 08:00:00,11.6,4.0,68.7,,1.4
2026-03-09 09:00:00,12.3,321.0,67.1,0.4,1.6
2026-03-09 10:00:00,13.0,291.0,65.0,,1.7
2026-03-09 11:00:00,14.1,166.0,59.6,,2.0
2026-03-09 12:00:00,15.5,63.0,51.9,0.4,2.7
2026-03-09 13:00:00,17.1,83.0,44.7,0.7,3.5
2026-03-09 14:00:00,17.7,93.0,42.7,1.1,3.6
2026-03-09 15:00:00,17.4,126.0,42.5,0.5,3.4
2026-03-09 16:00:00,16.6,200.0,45.0,0.8,3.4
2026-03-09 17:00:00,15.4,227.0,61.5,1.1,3.1
2026-03-09 18:00:00,14.8,244.0,65.3,0.8,2.2
2026-03-09 19:00:00,14.2,234.0,71.2,0.7,2.6
2026-03-09 20:00:00,13.7,257.0,74.0,0.9,2.5
2026-03-09 21:00:00,13.3,287.0,73.4,0.5,1.8
2026-03-09 22:00:00,13.1,296.0,71.1,,1.6
2026-03-09 23:00:00,12.6,290.0,74.5,0.4,0.7
2026-03-10 00:00:00,12.4,6.0,76.8,,1.3
2026-03-10 01:00:00,12.5,8.0,76.9,,1.6
2026-03-10 02:00:00,12.2,311.0,77.5,,0.9
2026-03-10 03:00:00,11.9,,79.4,,0.6
2026-03-10 04:00:00,11.5,212.0,81.4,,1.8
2026-03-10 05:00:00,11.6,241.0,78.8,0.3,1.5
2026-03-10 06:00:00,11.3,68.0,77.0,1.3,4.8
2026-03-10 07:00:00,10.3,73.0,77.9,2.7,5.4
2026-03-10 08:00:00,10.6,81.0,78.9,3.4,8.0
2026-03-10 09:00:00,10.9,92.0,79.6,3.2,5.9
2026-03-10 10:00:00,9.8,96.0,83.1,3.1,6.9
2026-03-10 11:00:00,10.3,115.0,82.5,2.3,5.4
2026-03-10 12:00:00,10.5,128.0,82.7,1.0,2.9
2026-03-10 13:00:00,11.4,73.0,81.2,1.7,3.8
2026-03-10 14:00:00,11.8,93.0,78.8,1.0,3.2
2026-03-10 15:00:00,11.8,147.0,77.4,0.6,2.0
2026-03-10 16:00:00,12.5,314.0,74.0,0.3,1.8
2026-03-10 17:00:00,12.2,247.0,77.2,0.9,2.7
2026-03-10 18:00:00,11.6,205.0,82.7,1.2,3.2
2026-03-10 19:00:00,11.0,198.0,90.4,0.8,2.2
2026-03-10 20:00:00,10.9,214.0,91.5,0.6,1.7
2026-03-10 21:00:00,10.8,253.0,90.9,0.9,2.3
2026-03-10 22:00:00,10.7,256.0,89.4,0.9,2.3
2026-03-10 23:00:00,10.6,243.0,89.4,0.9,2.6
2026-03-11 00:00:00,10.5,260.0,90.3,1.2,2.5
2026-03-11 01:00:00,10.3,261.0,93.1,1.0,2.5
2026-03-11 02:00:00,10.0,282.0,94.6,0.8,1.9
2026-03-11 03:00:00,10.0,300.0,95.1,0.6,1.4
2026-03-11 04:00:00,10.2,319.0,87.4,0.4,1.4
2026-03-11 05:00:00,9.6,29.0,87.4,,1.2
2026-03-11 06:00:00,9.8,264.0,90.4,0.8,2.3
2026-03-11 07:00:00,9.8,258.0,91.3,1.2,2.8
2026-03-11 08:00:00,10.3,239.0,87.1,0.7,2.2
2026-03-11 09:00:00,10.8,249.0,85.3,0.9,2.5
2026-03-11 10:00:00,11.1,244.0,82.3,0.8,2.5
2026-03-11 11:00:00,11.8,277.0,77.2,0.6,1.9
2026-03-11 12:00:00,12.4,263.0,74.1,0.7,2.8
2026-03-11 13:00:00,13.5,224.0,69.0,0.8,2.7
2026-03-11 14:00:00,14.0,236.0,64.0,0.6,2.6
2026-03-11 15:00:00,14.3,206.0,59.1,,2.1
2026-03-11 16:00:00,14.3,186.0,56.1,0.4,2.0
2026-03-11 17:00:00,13.9,250.0,60.5,0.8,2.9
2026-03-11 18:00:00,13.4,246.0,63.9,0.9,2.4
2026-03-11 19:00:00,13.0,239.0,66.9,,2.1
2026-03-11 20:00:00,12.6,201.0,69.5,,1.4
2026-03-11 21:00:00,12.7,216.0,68.2,,1.5
2026-03-11 22:00:00,12.4,357.0,70.8,0.5,1.3
2026-03-11 23:00:00,11.7,8.0,75.7,0.6,1.4
2026-03-12 00:00:00,11.5,58.0,75.7,0.7,2.1
2026-03-12 01:00:00,11.2,48.0,79.5,0.6,1.8
2026-03-12 02:00:00,11.0,68.0,82.2,0.4,1.0
2026-03-12 03:00:00,11.0,147.0,83.8,,1.0
2026-03-12 04:00:00,10.6,295.0,90.4,,1.3
2026-03-12 05:00:00,10.3,18.0,96.0,0.4,1.3
2026-03-12 06:00:00,10.1,,93.9,,0.6
2026-03-12 07:00:00,10.6,54.0,86.6,0.5,1.3
2026-03-12 08:00:00,11.3,92.0,78.2,1.0,2.0
2026-03-12 09:00:00,12.6,81.0,71.2,,2.1
2026-03-12 10:00:00,13.2,198.0,66.7,,1.6
2026-03-12 11:00:00,14.1,256.0,62.6,0.5,2.1
2026-03-12 12:00:00,15.0,185.0,60.8,0.6,2.9
2026-03-12 13:00:00,16.2,202.0,57.7,0.8,3.3
2026-03-12 14:00:00,17.2,222.0,53.0,0.8,3.6
2026-03-12 15:00:00,18.0,187.0,48.9,0.7,3.0
2026-03-12 16:00:00,17.7,144.0,49.4,1.1,3.8
2026-03-12 17:00:00,16.2,142.0,56.7,1.4,3.9
2026-03-12 18:00:00,15.2,159.0,62.2,1.1,2.9
2026-03-12 19:00:00,14.6,165.0,66.4,0.7,1.9
2026-03-12 20:00:00,14.0,201.0,70.5,0.7,1.8
2026-03-12 21:00:00,13.3,206.0,72.5,0.6,1.5
2026-03-12 22:00:00,12.7,297.0,75.2,,0.8
2026-03-12 23:00:00,12.3,121.0,78.9,,0.7
2026-03-13 00:00:00,11.6,351.0,81.0,0.5,1.4
2026-03-13 01:00:00,11.4,66.0,82.1,0.7,1.6
2026-03-13 02:00:00,11.2,71.0,83.5,0.5,1.3
2026-03-13 03:00:00,10.8,44.0,86.2,0.8,1.7
2026-03-13 04:00:00,10.4,26.0,86.4,,1.5
2026-03-13 05:00:00,10.1,337.0,86.5,,1.7
2026-03-13 06:00:00,10.1,41.0,85.2,,1.7
2026-03-13 07:00:00,10.4,333.0,84.4,,1.1
2026-03-13 08:00:00,11.3,10.0,79.4,,1.3
2026-03-13 09:00:00,12.9,1.0,73.4,,1.5
2026-03-13 10:00:00,13.9,225.0,69.0,0.6,2.6
2026-03-13 11:00:00,14.7,207.0,63.6,0.6,2.5
2026-03-13 12:00:00,15.2,157.0,64.4,0.6,2.4
2026-03-13 13:00:00,16.3,212.0,58.3,0.8,3.2
2026-03-13 14:00:00,17.4,182.0,52.0,1.0,4.2
2026-03-13 15:00:00,18.4,142.0,46.8,1.4,3.6
2026-03-13 16:00:00,17.9,152.0,46.5,0.8,3.5
2026-03-13 17:00:00,16.7,149.0,46.7,0.8,2.8
2026-03-13 18:00:00,15.7,137.0,52.5,1.2,3.5
2026-03-13 19:00:00,14.9,122.0,58.2,1.6,3.7
2026-03-13 20:00:00,14.2,105.0,63.5,1.2,3.4
2026-03-13 21:00:00,14.2,106.0,63.4,1.5,3.2
2026-03-13 22:00:00,14.0,112.0,63.9,1.5,3.4
2026-03-13 23:00:00,13.6,78.0,65.2,1.3,2.9
2026-03-14 00:00:00,13.0,64.0,68.9,0.8,2.2
2026-03-14 01:00:00,12.8,75.0,71.4,1.3,3.0
2026-03-14 02:00:00,12.5,66.0,71.3,1.5,3.4
2026-03-14 03:00:00,12.4,101.0,71.1,2.0,5.6
2026-03-14 04:00:00,11.8,112.0,76.7,2.1,5.6
2026-03-14 05:00:00,10.5,76.0,90.2,2.5,5.1
2026-03-14 06:00:00,10.3,78.0,89.7,3.0,6.7
2026-03-14 07:00:00,10.1,79.0,87.3,2.9,5.7
2026-03-14 08:00:00,11.0,81.0,79.5,3.0,7.1
2026-03-14 09:00:00,12.5,83.0,70.1,3.4,7.2
2026-03-14 10:00:00,13.1,95.0,68.8,3.4,8.2
2026-03-14 11:00:00,12.7,101.0,76.2,3.9,8.0
2026-03-14 12:00:00,12.1,91.0,90.6,2.7,5.8
2026-03-14 13:00:00,11.6,101.0,97.3,2.9,6.8
2026-03-14 14:00:00,10.9,103.0,98.6,3.9,10.4
2026-03-14 15:00:00,10.3,102.0,99.0,4.1,8.8
2026-03-14 16:00:00,10.0,78.0,99.4,3.7,8.6
2026-03-14 17:00:00,9.9,67.0,99.4,3.7,7.6
2026-03-14 18:00:00,9.7,68.0,99.4,3.3,7.5
2026-03-14 19:00:00,9.7,90.0,99.4,2.4,6.1
2026-03-14 20:00:00,10.0,106.0,99.4,2.6,6.0
2026-03-14 21:00:00,10.1,108.0,99.4,3.5,12.9
2026-03-14 22:00:00,9.9,123.0,99.4,2.6,8.9
2026-03-14 23:00:00,10.0,106.0,99.4,2.9,6.9
2026-03-15 00:00:00,10.0,60.0,99.4,2.1,4.3
2026-03-15 01:00:00,9.9,70.0,99.4,3.1,8.2
2026-03-15 02:00:00,9.6,56.0,99.4,2.9,7.7
2026-03-15 03:00:00,9.0,49.0,99.4,2.6,6.5
2026-03-15 04:00:00,8.6,26.0,99.4,2.1,5.8
2026-03-15 05:00:00,7.6,330.0,99.4,1.1,3.3
2026-03-15 06:00:00,7.7,3.0,99.4,1.7,4.5
2026-03-15 07:00:00,7.5,344.0,99.4,1.2,5.8
2026-03-15 08:00:00,7.8,312.0,98.4,1.0,3.6
2026-03-15 09:00:00,8.7,307.0,90.1,1.2,3.3
2026-03-15 10:00:00,10.6,322.0,76.5,1.0,4.2
2026-03-15 11:00:00,12.4,338.0,66.8,1.2,3.9
2026-03-15 12:00:00,14.1,357.0,60.1,1.1,3.9
2026-03-15 13:00:00,14.5,358.0,61.4,0.9,3.4
2026-03-15 14:00:00,14.5,35.0,65.4,1.0,4.4
2026-03-15 15:00:00,14.4,74.0,64.8,1.4,3.3
2026-03-15 16:00:00,14.2,36.0,66.0,0.6,2.4
2026-03-15 17:00:00,13.8,69.0,68.4,0.5,4.2
2026-03-15 18:00:00,13.3,66.0,66.0,1.5,5.0
2026-03-15 19:00:00,12.5,3.0,72.3,1.1,4.1
2026-03-15 20:00:00,11.8,345.0,78.5,0.9,2.5
2026-03-15 21:00:00,11.2,342.0,80.3,0.8,2.7
2026-03-15 22:00:00,10.7,313.0,81.0,1.0,2.1
2026-03-15 23:00:00,10.2,299.0,82.8,0.8,2.0
2026-03-16 00:00:00,9.9,293.0,84.5,0.9,2.0
2026-03-16 01:00:00,9.8,292.0,84.2,0.5,1.2
2026-03-16 02:00:00,9.4,284.0,84.9,0.5,1.2
2026-03-16 03:00:00,8.9,279.0,86.6,,2.1
2026-03-16 04:00:00,8.7,288.0,86.8,0.7,1.9
2026-03-16 05:00:00,8.3,285.0,87.4,0.6,1.4
2026-03-16 06:00:00,8.3,241.0,87.7,0.6,1.9
2026-03-16 07:00:00,8.7,264.0,83.8,0.7,2.2
2026-03-16 08:00:00,9.8,275.0,77.8,0.7,2.0
2026-03-16 09:00:00,11.8,281.0,68.7,0.4,2.1
2026-03-16 10:00:00,13.7,254.0,61.8,0.8,3.0
2026-03-16 11:00:00,16.1,245.0,51.0,1.4,4.3
2026-03-16 12:00:00,17.8,238.0,41.4,1.7,5.3
2026-03-16 13:00:00,19.5,247.0,36.6,1.8,6.3
2026-03-16 14:00:00,19.4,233.0,41.9,2.3,6.6
2026-03-16 15:00:00,20.0,239.0,40.8,2.2,6.4
2026-03-16 16:00:00,19.5,250.0,40.2,1.8,5.2
2026-03-16 17:00:00,19.0,310.0,20.6,1.8,7.0
2026-03-16 18:00:00,17.8,328.0,18.3,1.5,5.2
2026-03-16 19:00:00,17.0,357.0,17.7,2.1,7.9
2026-03-16 20:00:00,15.9,5.0,19.1,2.0,5.9
2026-03-16 21:00:00,14.9,7.0,21.6,2.1,4.5
2026-03-16 22:00:00,14.7,9.0,20.7,2.6,5.3
2026-03-16 23:00:00,14.2,353.0,22.1,1.6,8.6
2026-03-17 00:00:00,14.4,351.0,22.2,1.6,5.4
2026-03-17 01:00:00,14.2,352.0,23.5,1.6,5.8
2026-03-17 02:00:00,13.4,49.0,27.1,1.5,5.8
2026-03-17 03:00:00,11.6,85.0,33.9,,5.0
2026-03-17 04:00:00,11.0,101.0,45.9,2.1,5.0
2026-03-17 05:00:00,10.4,108.0,65.5,1.9,4.3
2026-03-17 06:00:00,9.8,68.0,70.9,1.3,3.4
2026-03-17 07:00:00,10.2,76.0,72.2,1.6,4.6
2026-03-17 08:00:00,11.4,78.0,65.4,2.3,5.7
2026-03-17 09:00:00,12.5,80.0,57.6,3.5,7.1
2026-03-17 10:00:00,13.1,87.0,54.6,2.9,8.2
2026-03-17 11:00:00,13.9,97.0,53.8,2.5,5.8
2026-03-17 12:00:00,15.1,100.0,47.9,2.1,6.2
2026-03-17 13:00:00,17.2,112.0,40.9,1.9,5.3
2026-03-17 14:00:00,17.7,91.0,37.8,1.5,4.5
2026-03-17 15:00:00,17.5,122.0,36.4,1.1,4.7
2026-03-17 16:00:00,17.0,121.0,38.5,1.4,5.5
2026-03-17 17:00:00,15.5,115.0,43.7,2.4,5.8
2026-03-17 18:00:00,14.7,107.0,46.5,2.3,5.0
2026-03-17 19:00:00,14.0,104.0,50.1,1.9,3.9
2026-03-17 20:00:00,13.3,89.0,52.0,1.6,3.6
2026-03-17 21:00:00,12.8,89.0,52.1,3.4,8.0
2026-03-17 22:00:00,12.0,95.0,48.9,2.9,6.9
2026-03-17 23:00:00,11.5,98.0,47.4,3.3,7.3
2026-03-18 00:00:00,11.1,87.0,48.5,2.9,7.3
2026-03-18 01:00:00,10.7,89.0,51.6,3.4,8.8
2026-03-18 02:00:00,10.2,89.0,56.2,3.5,7.6
2026-03-18 03:00:00,9.7,79.0,62.1,3.4,8.5
2026-03-18 04:00:00,9.1,73.0,69.4,3.0,6.3
2026-03-18 05:00:00,9.1,71.0,62.0,3.1,8.7
2026-03-18 06:00:00,8.7,34.0,58.0,2.0,4.8
2026-03-18 07:00:00,8.5,12.0,60.4,1.2,3.4
2026-03-18 08:00:00,10.2,34.0,52.6,1.3,4.6
2026-03-18 09:00:00,11.7,39.0,43.7,1.4,4.6
2026-03-18 10:00:00,12.4,329.0,41.3,0.9,4.1
2026-03-18 11:00:00,13.6,106.0,34.8,1.2,5.5
2026-03-18 12:00:00,14.2,118.0,32.6,3.4,9.0
2026-03-18 13:00:00,13.1,137.0,35.8,1.9,5.6
2026-03-18 14:00:00,14.0,155.0,35.7,1.0,3.6
2026-03-18 15:00:00,14.3,239.0,35.5,1.2,4.2
2026-03-18 16:00:00,14.1,255.0,36.6,1.4,5.6
2026-03-18 17:00:00,13.7,250.0,37.6,1.2,4.2
2026-03-18 18:00:00,13.0,226.0,41.1,1.2,3.3
2026-03-18 19:00:00,12.4,228.0,43.3,0.8,2.9
2026-03-18 20:00:00,12.0,284.0,45.7,1.1,2.7
2026-03-18 21:00:00,11.4,286.0,48.8,0.8,2.3
2026-03-18 22:00:00,11.0,319.0,51.1,0.5,1.7
2026-03-18 23:00:00,10.4,345.0,53.9,0.6,1.8
2026-03-19 00:00:00,10.1,341.0,54.3,0.7,2.6
2026-03-19 01:00:00,9.7,345.0,55.1,0.8,3.1
2026-03-19 02:00:00,9.2,336.0,56.7,0.8,2.6
2026-03-19 03:00:00,8.9,321.0,57.2,0.6,2.1
2026-03-19 04:00:00,8.3,324.0,59.5,0.6,2.1
2026-03-19 05:00:00,7.9,311.0,60.4,0.9,2.1
2026-03-19 06:00:00,7.8,328.0,60.6,0.8,2.6
2026-03-19 07:00:00,8.5,325.0,59.3,0.6,1.8
2026-03-19 08:00:00,10.8,357.0,52.0,0.6,2.1
2026-03-19 09:00:00,13.1,60.0,43.2,0.7,2.0
2026-03-19 10:00:00,14.5,198.0,36.7,,3.0
2026-03-19 11:00:00,15.6,263.0,33.1,0.6,3.1
2026-03-19 12:00:00,16.7,269.0,30.1,0.8,3.8
2026-03-19 13:00:00,18.2,268.0,26.8,0.8,4.7
2026-03-19 14:00:00,18.9,231.0,24.7,0.7,4.6
2026-03-19 15:00:00,19.0,232.0,24.2,1.2,4.0
2026-03-19 16:00:00,18.3,252.0,26.0,1.4,4.5
2026-03-19 17:00:00,17.1,189.0,29.7,1.4,5.4
2026-03-19 18:00:00,15.8,160.0,34.2,1.4,5.0
2026-03-19 19:00:00,14.9,158.0,33.7,1.1,4.5
2026-03-19 20:00:00,14.2,140.0,31.8,1.0,3.2
2026-03-19 21:00:00,13.0,73.0,38.2,1.1,2.1
2026-03-19 22:00:00,12.2,73.0,42.4,2.2,7.2
2026-03-19 23:00:00,11.3,67.0,45.3,1.7,4.7
2026-03-20 00:00:00,10.4,67.0,48.7,1.4,3.2
2026-03-20 01:00:00,10.0,59.0,48.7,1.5,3.1
2026-03-20 02:00:00,9.7,62.0,49.2,1.4,2.9
2026-03-20 03:00:00,9.3,48.0,50.2,0.9,2.8
2026-03-20 04:00:00,9.0,59.0,52.0,1.0,2.2
2026-03-20 05:00:00,8.9,70.0,52.6,1.0,2.4
2026-03-20 06:00:00,8.7,64.0,52.6,0.6,1.9
2026-03-20 07:00:00,9.2,10.0,53.5,0.4,1.2
2026-03-20 08:00:00,11.1,72.0,44.6,1.1,5.0
2026-03-20 09:00:00,12.6,97.0,37.4,1.6,4.2
2026-03-20 10:00:00,13.1,110.0,34.5,1.6,4.4
2026-03-20 11:00:00,13.7,133.0,32.3,1.1,4.6
2026-03-20 12:00:00,14.7,113.0,31.1,1.2,5.0
2026-03-20 13:00:00,16.3,138.0,29.5,0.8,4.5
2026-03-20 14:00:00,16.9,150.0,28.7,1.2,4.5
2026-03-20 15:00:00,16.7,166.0,29.3,0.9,4.2
2026-03-20 16:00:00,16.0,184.0,30.5,0.6,3.9
2026-03-20 17:00:00,15.0,152.0,32.7,1.4,4.1
2026-03-20 18:00:00,14.1,146.0,35.1,1.5,4.1
2026-03-20 19:00:00,13.5,125.0,37.1,1.5,3.8
2026-03-20 20:00:00,12.9,100.0,39.5,1.4,3.1
2026-03-20 21:00:00,12.2,82.0,42.6,1.3,3.0
2026-03-20 22:00:00,11.6,61.0,46.1,1.1,2.4
2026-03-20 23:00:00,11.0,63.0,48.6,1.1,2.5
2026-03-21 00:00:00,10.5,52.0,50.6,1.1,2.6
2026-03-21 01:00:00,10.3,55.0,51.3,1.3,3.4
2026-03-21 02:00:00,10.0,45.0,51.5,1.4,3.3
2026-03-21 03:00:00,10.4,47.0,48.5,1.7,4.1
2026-03-21 04:00:00,10.6,44.0,48.0,1.8,4.4
2026-03-21 05:00:00,10.6,58.0,47.6,1.6,3.6
2026-03-21 06:00:00,10.2,41.0,49.2,1.3,2.7
2026-03-21 07:00:00,10.5,92.0,50.0,0.8,1.8
2026-03-21 08:00:00,11.3,117.0,47.8,0.4,2.1
2026-03-21 09:00:00,10.6,241.0,54.9,0.8,3.0
2026-03-21 10:00:00,11.8,196.0,49.8,,1.8
2026-03-21 11:00:00,13.6,99.0,36.2,1.4,4.2
2026-03-21 12:00:00,14.7,97.0,33.2,2.0,5.0
2026-03-21 13:00:00,16.0,96.0,31.2,1.9,5.3
2026-03-21 14:00:00,16.3,93.0,31.5,2.2,5.3
2026-03-21 15:00:00,16.3,116.0,34.8,2.4,6.5
2026-03-21 16:00:00,15.2,122.0,35.2,2.8,6.7
2026-03-21 17:00:00,14.3,108.0,40.3,2.8,6.7
2026-03-21 18:00:00,13.5,108.0,39.8,2.8,6.3
2026-03-21 19:00:00,12.7,107.0,41.5,2.7,6.3
2026-03-21 20:00:00,12.4,99.0,44.1,2.7,6.3
2026-03-21 21:00:00,12.1,98.0,46.0,2.5,5.8
2026-03-21 22:00:00,11.9,101.0,46.2,3.1,7.2
2026-03-21 23:00:00,11.5,97.0,47.8,3.1,8.6
2026-03-22 00:00:00,11.3,94.0,45.7,2.4,5.9
2026-03-22 01:00:00,11.0,85.0,44.1,2.3,6.2
2026-03-22 02:00:00,10.5,79.0,45.8,2.6,6.3
2026-03-22 03:00:00,10.2,93.0,49.2,3.0,7.4
2026-03-22 04:00:00,10.0,93.0,54.0,3.1,6.9
2026-03-22 05:00:00,9.4,76.0,57.0,2.3,4.4
2026-03-22 06:00:00,9.1,82.0,58.2,1.4,4.0
2026-03-22 07:00:00,9.5,94.0,56.3,1.6,3.8
2026-03-22 08:00:00,10.3,111.0,53.9,2.0,4.4
2026-03-22 09:00:00,11.3,99.0,48.8,2.3,6.2
2026-03-22 10:00:00,12.2,102.0,43.6,2.4,6.3
2026-03-22 11:00:00,13.0,115.0,38.5,2.0,6.0
2026-03-22 12:00:00,13.5,131.0,37.7,2.0,6.6
2026-03-22 13:00:00,14.6,104.0,36.4,1.6,5.3
2026-03-22 14:00:00,13.8,138.0,37.3,1.4,4.9
2026-03-22 15:00:00,13.6,158.0,37.1,,3.0
2026-03-22 16:00:00,13.5,32.0,37.9,1.0,5.7
2026-03-22 17:00:00,13.2,340.0,39.2,0.7,2.8
2026-03-22 18:00:00,12.8,359.0,40.4,1.0,2.9
2026-03-22 19:00:00,12.4,23.0,43.8,0.8,2.3
2026-03-22 20:00:00,12.0,85.0,46.2,1.2,3.5
2026-03-22 21:00:00,11.4,14.0,49.3,0.5,1.5
2026-03-22 22:00:00,10.8,334.0,53.2,0.5,1.3
2026-03-22 23:00:00,10.3,47.0,55.8,,1.8
2026-03-23 00:00:00,9.8,185.0,62.0,,1.9
2026-03-23 01:00:00,9.2,206.0,74.9,0.6,1.8
2026-03-23 02:00:00,8.6,237.0,78.6,0.6,1.8
2026-03-23 03:00:00,7.9,229.0,79.6,,1.3
2026-03-23 04:00:00,7.6,258.0,77.9,0.6,1.6
2026-03-23 05:00:00,7.4,276.0,76.7,0.6,1.6
2026-03-23 06:00:00,7.2,283.0,75.3,0.9,2.0
2026-03-23 07:00:00,7.7,355.0,69.9,0.4,1.6
2026-03-23 08:00:00,9.2,345.0,63.4,,1.7
2026-03-23 09:00:00,10.8,260.0,57.0,0.1,2.1
2026-03-23 10:00:00,12.4,239.0,46.5,0.7,2.8
2026-03-23 11:00:00,13.9,234.0,40.2,1.2,4.7
2026-03-23 12:00:00,15.1,236.0,35.1,1.6,5.6
2026-03-23 13:00:00,16.6,244.0,31.4,1.4,5.1
2026-03-23 14:00:00,17.1,214.0,32.3,1.5,6.2
2026-03-23 15:00:00,17.2,220.0,31.2,1.4,6.1
2026-03-23 16:00:00,16.7,205.0,31.3,1.1,6.1
2026-03-23 17:00:00,16.0,195.0,31.1,1.1,4.1
2026-03-23 18:00:00,15.4,195.0,33.2,1.1,3.0
2026-03-23 19:00:00,14.7,207.0,37.2,0.8,2.0
2026-03-23 20:00:00,13.7,203.0,41.3,0.7,1.8
2026-03-23 21:00:00,13.0,206.0,44.9,,1.0
2026-03-23 22:00:00,12.0,333.0,50.7,,0.8
2026-03-23 23:00:00,11.1,358.0,55.1,0.5,1.1
2026-03-24 00:00:00,10.3,337.0,58.0,,1.1
2026-03-24 01:00:00,9.7,304.0,59.6,,1.6
2026-03-24 02:00:00,9.1,307.0,61.8,,1.5
2026-03-24 03:00:00,8.5,306.0,62.9,,1.1
2026-03-24 04:00:00,8.1,,64.8,,0.7
2026-03-24 05:00:00,7.8,351.0,66.7,0.4,0.9
2026-03-24 06:00:00,7.8,20.0,68.7,0.4,1.1
2026-03-24 07:00:00,9.0,47.0,63.6,0.6,2.0
2026-03-24 08:00:00,11.4,74.0,52.6,1.3,3.3
2026-03-24 09:00:00,13.1,93.0,46.4,1.6,4.0
2026-03-24 10:00:00,13.9,95.0,43.9,1.0,3.8
2026-03-24 11:00:00,15.0,99.0,41.2,0.9,3.8
2026-03-24 12:00:00,16.3,96.0,37.3,0.8,3.5
2026-03-24 13:00:00,18.4,85.0,32.3,,5.3
2026-03-24 14:00:00,19.0,181.0,30.6,0.6,2.7
2026-03-24 15:00:00,18.7,183.0,30.5,0.9,4.1
2026-03-24 16:00:00,17.9,206.0,31.3,1.0,4.5
2026-03-24 17:00:00,17.3,196.0,31.3,1.1,3.1
2026-03-24 18:00:00,16.6,204.0,33.2,1.4,3.3
2026-03-24 19:00:00,15.7,206.0,35.6,0.8,2.3
2026-03-24 20:00:00,14.8,234.0,39.1,,1.1
2026-03-24 21:00:00,13.7,298.0,43.8,0.5,1.0
2026-03-24 22:00:00,12.8,9.0,49.3,,1.1
2026-03-24 23:00:00,12.2,59.0,52.3,0.6,1.5
2026-03-25 00:00:00,11.7,44.0,54.7,0.7,1.4
2026-03-25 01:00:00,10.9,41.0,58.7,0.7,1.3
2026-03-25 02:00:00,10.3,32.0,61.0,0.5,1.0
2026-03-25 03:00:00,9.9,2.0,62.7,0.5,1.3
2026-03-25 04:00:00,9.0,340.0,65.5,,1.2
2026-03-25 05:00:00,8.7,296.0,65.7,,1.4
2026-03-25 06:00:00,8.7,298.0,64.8,,1.3
2026-03-25 07:00:00,9.4,299.0,62.5,,1.4
2026-03-25 08:00:00,11.4,213.0,55.0,,1.6
2026-03-25 09:00:00,12.8,205.0,47.6,0.9,3.2
2026-03-25 10:00:00,14.2,213.0,42.6,1.0,4.9
2026-03-25 11:00:00,15.6,232.0,42.8,1.8,5.3
2026-03-25 12:00:00,16.5,242.0,40.3,1.8,5.6
2026-03-25 13:00:00,17.7,237.0,41.5,1.8,5.5
2026-03-25 14:00:00,17.5,228.0,45.3,1.5,4.4
2026-03-25 15:00:00,17.8,213.0,46.1,1.7,7.0
2026-03-25 16:00:00,17.3,211.0,47.6,2.3,8.9
2026-03-25 17:00:00,16.6,215.0,52.1,1.9,6.9
2026-03-25 18:00:00,15.9,217.0,54.7,2.1,5.9
2026-03-25 19:00:00,14.8,278.0,56.3,1.4,7.8
2026-03-25 20:00:00,10.1,310.0,76.7,2.1,7.7
2026-03-25 21:00:00,9.7,13.0,77.4,1.7,4.4
2026-03-25 22:00:00,10.4,320.0,61.4,1.4,5.8
2026-03-25 23:00:00,11.7,300.0,28.9,3.2,8.4
2026-03-26 00:00:00,11.4,300.0,24.7,2.8,8.1
2026-03-26 01:00:00,10.9,297.0,25.6,3.4,9.8
2026-03-26 02:00:00,10.7,294.0,26.2,4.1,11.0
2026-03-26 03:00:00,10.3,295.0,27.7,4.1,10.6
2026-03-26 04:00:00,10.1,289.0,28.8,4.3,12.4
2026-03-26 05:00:00,10.2,291.0,27.5,4.6,11.6
2026-03-26 06:00:00,10.3,293.0,26.9,4.8,13.2
2026-03-26 07:00:00,10.5,290.0,26.4,4.5,13.4
2026-03-26 08:00:00,11.1,294.0,24.7,4.1,12.5
2026-03-26 09:00:00,11.8,289.0,23.0,3.0,11.2
2026-03-26 10:00:00,12.5,286.0,21.8,2.4,9.7
2026-03-26 11:00:00,13.5,298.0,19.7,2.2,10.4
2026-03-26 12:00:00,14.1,350.0,17.4,2.1,12.9
2026-03-26 13:00:00,14.6,360.0,15.4,3.1,15.9
2026-03-26 14:00:00,14.3,2.0,15.4,3.9,12.3
2026-03-26 15:00:00,14.4,359.0,14.3,5.8,16.1
2026-03-26 16:00:00,13.9,360.0,14.3,5.0,16.6
2026-03-26 17:00:00,12.8,357.0,14.2,5.6,16.1
2026-03-26 18:00:00,11.9,357.0,14.5,4.2,16.9
2026-03-26 19:00:00,11.0,342.0,16.2,2.7,11.8
2026-03-26 20:00:00,10.1,308.0,19.9,1.5,9.5
2026-03-26 21:00:00,9.2,297.0,22.1,1.8,6.5
2026-03-26 22:00:00,8.8,302.0,22.2,1.5,5.8
2026-03-26 23:00:00,8.6,302.0,22.4,1.7,5.3
2026-03-27 00:00:00,8.4,307.0,23.0,1.4,4.0
2026-03-27 01:00:00,8.0,301.0,23.8,1.4,3.7
2026-03-27 02:00:00,7.6,299.0,24.7,1.9,4.6
2026-03-27 03:00:00,7.4,301.0,24.8,1.7,6.0
2026-03-27 04:00:00,7.1,300.0,25.7,1.5,3.6
2026-03-27 05:00:00,7.0,298.0,25.8,1.5,3.9
2026-03-27 06:00:00,7.0,301.0,26.3,1.0,5.2
2026-03-27 07:00:00,8.2,301.0,24.8,1.0,3.5
2026-03-27 08:00:00,10.6,346.0,19.0,2.0,7.5
2026-03-27 09:00:00,11.9,3.0,16.7,2.4,8.0
2026-03-27 10:00:00,12.7,355.0,14.8,1.8,6.1
2026-03-27 11:00:00,13.2,357.0,13.6,1.6,5.7
2026-03-27 12:00:00,14.3,4.0,12.8,1.0,5.2
2026-03-27 13:00:00,16.5,350.0,11.2,0.9,5.2
2026-03-27 14:00:00,16.9,287.0,12.3,1.4,6.7
2026-03-27 15:00:00,17.3,272.0,13.5,1.5,6.2
2026-03-27 16:00:00,16.5,301.0,15.4,1.4,4.8
2026-03-27 17:00:00,15.7,293.0,17.5,2.2,6.1
2026-03-27 18:00:00,14.6,299.0,20.3,2.6,6.3
2026-03-27 19:00:00,13.2,299.0,23.2,2.0,4.7
2026-03-27 20:00:00,11.9,300.0,26.5,1.4,3.7
2026-03-27 21:00:00,10.9,294.0,29.2,1.6,4.3
2026-03-27 22:00:00,10.3,299.0,30.2,1.9,4.5
2026-03-27 23:00:00,9.8,301.0,31.4,0.9,3.6
2026-03-28 00:00:00,9.1,332.0,34.0,0.6,1.9
2026-03-28 01:00:00,8.5,9.0,37.6,0.8,1.7
2026-03-28 02:00:00,8.2,9.0,40.5,1.3,2.7
2026-03-28 03:00:00,7.8,29.0,42.5,0.8,1.8
2026-03-28 04:00:00,7.4,324.0,44.0,,1.0
2026-03-28 05:00:00,7.1,341.0,45.4,,0.8
2026-03-28 06:00:00,7.0,346.0,45.9,,1.0
2026-03-28 07:00:00,8.3,355.0,43.6,,1.3
2026-03-28 08:00:00,10.5,60.0,34.8,0.5,2.3
2026-03-28 09:00:00,11.6,152.0,31.5,0.6,3.6
2026-03-28 10:00:00,12.4,201.0,29.8,0.6,3.5
2026-03-28 11:00:00,13.3,182.0,27.9,0.9,3.9
2026-03-28 12:00:00,15.0,221.0,25.3,0.9,4.8
2026-03-28 13:00:00,16.6,233.0,23.9,0.8,5.1
2026-03-28 14:00:00,17.7,223.0,22.8,0.9,4.3
2026-03-28 15:00:00,17.7,246.0,23.2,1.2,4.8
2026-03-28 16:00:00,16.8,246.0,24.6,1.4,4.9
2026-03-28 17:00:00,16.0,242.0,26.2,1.6,5.1
2026-03-28 18:00:00,15.5,231.0,26.4,0.8,3.2
2026-03-28 19:00:00,15.1,228.0,27.2,1.0,3.5
2026-03-28 20:00:00,14.6,245.0,29.5,1.1,3.1
2026-03-28 21:00:00,13.9,268.0,32.4,0.7,2.1
2026-03-28 22:00:00,13.5,4.0,32.1,0.6,3.5
2026-03-28 23:00:00,12.8,336.0,35.8,0.4,1.7
2026-03-29 00:00:00,12.4,67.0,38.6,,2.0
2026-03-29 01:00:00,11.7,41.0,43.9,1.4,3.0
2026-03-29 02:00:00,10.8,357.0,47.1,0.7,3.1
2026-03-29 03:00:00,10.6,329.0,47.7,0.5,2.3
2026-03-29 04:00:00,11.2,310.0,35.7,0.8,2.1
2026-03-29 05:00:00,11.2,292.0,33.9,,1.5
2026-03-29 06:00:00,11.6,359.0,29.1,1.1,4.2
2026-03-29 07:00:00,13.0,3.0,23.7,1.6,5.3
2026-03-29 08:00:00,14.1,12.0,22.0,1.2,4.2
2026-03-29 09:00:00,15.4,7.0,18.4,2.2,6.2
2026-03-29 10:00:00,16.0,28.0,16.9,1.7,5.4
2026-03-29 11:00:00,16.7,14.0,16.1,1.1,4.9
2026-03-29 12:00:00,17.5,26.0,15.6,1.4,5.3
2026-03-29 13:00:00,17.9,351.0,15.3,0.6,5.4
2026-03-29 14:00:00,19.4,264.0,14.6,0.9,5.6
2026-03-29 15:00:00,19.4,330.0,14.3,0.9,5.7
2026-03-29 16:00:00,18.4,295.0,15.8,1.1,7.6
2026-03-29 17:00:00,17.6,292.0,17.6,2.6,7.3
2026-03-29 18:00:00,16.4,305.0,19.5,1.8,5.4
2026-03-29 19:00:00,15.3,329.0,22.3,1.2,4.5
2026-03-29 20:00:00,14.1,346.0,25.0,1.0,3.6
2026-03-29 21:00:00,13.2,330.0,27.1,1.0,3.1
2026-03-29 22:00:00,12.1,323.0,30.4,0.7,2.6
2026-03-29 23:00:00,11.4,310.0,32.1,0.9,3.0
2026-03-30 00:00:00,10.8,339.0,33.9,0.8,2.6
2026-03-30 01:00:00,10.6,339.0,34.6,0.7,2.6
2026-03-30 02:00:00,10.4,309.0,35.1,0.8,2.4
2026-03-30 03:00:00,10.0,284.0,36.6,0.7,2.0
2026-03-30 04:00:00,10.0,257.0,36.4,0.5,1.7
2026-03-30 05:00:00,10.0,250.0,37.2,0.5,1.7
2026-03-30 06:00:00,9.6,262.0,38.2,1.0,3.2
2026-03-30 07:00:00,10.0,281.0,38.0,1.2,3.0
2026-03-30 08:00:00,12.0,288.0,33.0,1.4,4.0
2026-03-30 09:00:00,14.0,246.0,26.6,1.5,5.5
2026-03-30 10:00:00,15.0,247.0,26.1,2.3,6.9
2026-03-30 11:00:00,16.1,234.0,26.4,2.2,7.5
2026-03-30 12:00:00,18.0,226.0,24.8,2.3,6.7
2026-03-30 13:00:00,19.4,239.0,21.4,2.0,7.3
2026-03-30 14:00:00,20.7,281.0,17.7,1.8,8.0
2026-03-30 15:00:00,19.5,337.0,10.7,3.3,12.5
2026-03-30 16:00:00,17.9,347.0,11.9,3.4,10.2
2026-03-30 17:00:00,16.8,356.0,14.3,2.9,9.1
2026-03-30 18:00:00,15.5,344.0,18.0,2.2,9.3
2026-03-30 19:00:00,13.6,323.0,25.5,2.2,10.0
2026-03-30 20:00:00,12.3,313.0,30.0,2.2,6.7
2026-03-30 21:00:00,11.6,327.0,32.9,2.1,6.9
2026-03-30 22:00:00,11.4,341.0,32.9,1.0,5.6
2026-03-30 23:00:00,11.0,15.0,32.1,0.8,4.6
2026-03-31 00:00:00,10.6,327.0,28.0,1.2,4.6
2026-03-31 01:00:00,10.1,6.0,28.0,1.3,5.4
2026-03-31 02:00:00,10.0,15.0,26.9,2.0,7.2
2026-03-31 03:00:00,9.7,318.0,28.5,1.3,6.8
2026-03-31 04:00:00,9.0,300.0,31.8,1.6,6.3
2026-03-31 05:00:00,8.7,327.0,33.3,1.0,6.8
2026-03-31 06:00:00,9.3,353.0,29.8,1.1,7.0
2026-03-31 07:00:00,10.3,318.0,28.9,1.5,8.2
2026-03-31 08:00:00,12.0,333.0,24.9,1.7,11.4
2026-03-31 09:00:00,13.1,325.0,22.8,2.4,9.4
2026-03-31 10:00:00,14.0,355.0,17.4,3.8,15.0
2026-03-31 11:00:00,14.4,356.0,15.0,4.9,15.5
2026-03-31 12:00:00,15.5,355.0,12.6,4.7,15.1
2026-03-31 13:00:00,16.1,360.0,11.7,4.8,14.5
2026-03-31 14:00:00,16.1,350.0,12.0,5.1,16.0
2026-03-31 15:00:00,15.9,358.0,12.4,5.7,14.6
2026-03-31 16:00:00,14.9,360.0,13.1,5.5,15.3
2026-03-31 17:00:00,14.0,354.0,14.5,4.8,15.3
2026-03-31 18:00:00,12.9,356.0,16.4,4.7,15.7
2026-03-31 19:00:00,11.9,354.0,17.7,3.5,12.6
2026-03-31 20:00:00,11.3,350.0,18.5,2.7,11.9
2026-03-31 21:00:00,10.9,357.0,19.2,3.6,11.6
2026-03-31 22:00:00,10.6,4.0,19.7,3.2,8.3
2026-03-31 23:00:00,10.4,358.0,19.7,2.6,8.6
2026-04-01 00:00:00,9.9,348.0,20.2,1.3,5.8
2026-04-01 01:00:00,9.4,344.0,20.4,1.2,5.3
2026-04-01 02:00:00,8.9,326.0,21.1,0.7,3.8
2026-04-01 03:00:00,8.0,318.0,24.0,0.6,2.5
2026-04-01 04:00:00,7.4,351.0,26.8,,0.9
2026-04-01 05:00:00,7.1,336.0,30.0,0.5,1.5
2026-04-01 06:00:00,7.5,334.0,29.5,0.5,1.8
2026-04-01 07:00:00,8.9,5.0,26.9,0.8,2.9
2026-04-01 08:00:00,10.4,4.0,22.5,1.4,4.8
2026-04-01 09:00:00,11.8,9.0,20.5,1.2,3.5
2026-04-01 10:00:00,13.3,34.0,17.7,0.9,3.0
2026-04-01 11:00:00,14.4,76.0,15.2,0.8,4.2
2026-04-01 12:00:00,15.0,94.0,15.3,1.1,4.8
2026-04-01 13:00:00,16.0,51.0,15.9,1.4,5.8
2026-04-01 14:00:00,15.8,45.0,17.2,0.7,2.6
2026-04-01 15:00:00,16.2,50.0,16.5,,2.7
2026-04-01 16:00:00,15.9,237.0,16.9,0.6,3.8
2026-04-01 17:00:00,15.6,183.0,18.5,0.7,4.2
2026-04-01 18:00:00,15.0,192.0,20.2,1.0,3.8
2026-04-01 19:00:00,14.2,202.0,23.1,1.1,3.7
2026-04-01 20:00:00,13.3,220.0,25.0,0.9,4.0
2026-04-01 21:00:00,12.2,208.0,26.9,0.6,2.7
2026-04-01 22:00:00,11.6,197.0,28.9,,1.6
2026-04-01 23:00:00,10.5,343.0,34.2,0.5,2.0
2026-04-02 00:00:00,9.5,349.0,39.1,0.4,2.5
2026-04-02 01:00:00,8.6,319.0,43.8,,1.4
2026-04-02 02:00:00,8.3,,44.6,,1.1
2026-04-02 03:00:00,8.0,1.0,44.8,,1.4
2026-04-02 04:00:00,7.6,9.0,47.5,0.3,1.3
2026-04-02 05:00:00,7.3,353.0,49.5,0.4,1.6
2026-04-02 06:00:00,7.3,11.0,49.1,0.4,2.4
2026-04-02 07:00:00,8.8,50.0,44.4,0.6,2.6
2026-04-02 08:00:00,11.5,82.0,35.3,1.8,4.7
2026-04-02 09:00:00,12.7,105.0,33.8,1.9,4.1
2026-04-02 10:00:00,13.7,100.0,31.3,1.0,4.6
2026-04-02 11:00:00,14.4,111.0,30.3,,3.0
2026-04-02 12:00:00,16.0,204.0,27.1,0.4,3.6
2026-04-02 13:00:00,17.6,187.0,24.9,0.4,4.2
2026-04-02 14:00:00,18.0,218.0,24.2,1.2,5.9
2026-04-02 15:00:00,18.5,240.0,24.3,0.9,4.5
2026-04-02 16:00:00,17.8,236.0,25.3,0.8,3.5
2026-04-02 17:00:00,17.3,194.0,26.5,1.2,3.5
2026-04-02 18:00:00,16.6,185.0,27.8,1.1,3.3
2026-04-02 19:00:00,15.7,154.0,29.4,1.0,3.4
2026-04-02 20:00:00,14.9,152.0,34.3,0.9,3.7
2026-04-02 21:00:00,13.8,65.0,38.1,0.6,2.1
2026-04-02 22:00:00,12.9,44.0,43.1,0.7,1.8
2026-04-02 23:00:00,11.9,360.0,47.7,,1.2
2026-04-03 00:00:00,11.1,298.0,50.1,,2.1
2026-04-03 01:00:00,10.5,316.0,51.8,,0.9
2026-04-03 02:00:00,9.9,8.0,54.7,,0.8
2026-04-03 03:00:00,9.4,321.0,57.4,,1.8
2026-04-03 04:00:00,8.8,332.0,58.7,0.4,1.3
2026-04-03 05:00:00,8.5,305.0,58.0,,2.0
2026-04-03 06:00:00,9.1,299.0,49.6,,2.1
2026-04-03 07:00:00,11.6,334.0,38.4,,1.8
2026-04-03 08:00:00,14.6,23.0,30.9,,2.2
2026-04-03 09:00:00,16.5,195.0,25.7,,3.6
2026-04-03 10:00:00,17.8,220.0,22.8,0.7,2.8
2026-04-03 11:00:00,18.2,217.0,20.3,,3.7
2026-04-03 12:00:00,20.1,278.0,18.1,0.4,3.7
2026-04-03 13:00:00,21.7,226.0,17.0,0.5,4.5
2026-04-03 14:00:00,22.8,231.0,15.6,0.9,4.4
2026-04-03 15:00:00,23.0,195.0,14.8,0.9,4.7
2026-04-03 16:00:00,22.1,201.0,16.6,1.4,5.8
2026-04-03 17:00:00,21.4,204.0,17.6,1.7,6.4
2026-04-03 18:00:00,20.5,213.0,18.6,1.4,4.1
2026-04-03 19:00:00,19.3,224.0,21.3,0.8,3.0
2026-04-03 20:00:00,18.0,248.0,24.5,1.2,4.3
2026-04-03 21:00:00,16.8,261.0,27.4,,2.7
2026-04-03 22:00:00,15.3,300.0,30.3,0.5,2.3
2026-04-03 23:00:00,14.5,31.0,32.6,,3.5
2026-04-04 00:00:00,13.5,193.0,36.5,,0.9
2026-04-04 01:00:00,12.8,44.0,40.2,0.6,2.0
2026-04-04 02:00:00,12.2,43.0,42.5,0.8,1.6
2026-04-04 03:00:00,12.0,35.0,40.2,,2.1
2026-04-04 04:00:00,12.4,25.0,36.1,,1.4
2026-04-04 05:00:00,12.4,270.0,35.8,,1.1
2026-04-04 06:00:00,11.8,,41.4,,0.8
2026-04-04 07:00:00,12.9,49.0,41.2,0.4,2.0
2026-04-04 08:00:00,15.4,79.0,30.4,1.5,4.3
2026-04-04 09:00:00,16.4,86.0,30.6,2.3,6.4
2026-04-04 10:00:00,18.0,93.0,32.1,2.0,5.2
2026-04-04 11:00:00,18.1,88.0,30.5,1.7,4.7
2026-04-04 12:00:00,20.1,105.0,28.7,1.3,4.5
2026-04-04 13:00:00,21.9,70.0,25.4,0.9,4.4
2026-04-04 14:00:00,22.7,91.0,23.4,0.8,3.3
2026-04-04 15:00:00,23.0,105.0,23.6,1.2,3.8
2026-04-04 16:00:00,22.1,128.0,25.3,1.1,3.8
2026-04-04 17:00:00,21.7,117.0,26.1,1.0,3.8
2026-04-04 18:00:00,20.9,100.0,27.7,1.6,3.5
2026-04-04 19:00:00,19.4,92.0,32.3,1.5,3.7
2026-04-04 20:00:00,18.2,90.0,36.0,1.3,3.5
2026-04-04 21:00:00,17.5,90.0,38.7,1.3,2.9
2026-04-04 22:00:00,16.6,59.0,41.7,1.3,2.2
2026-04-04 23:00:00,15.6,64.0,45.6,1.2,2.4
2026-04-05 00:00:00,14.9,48.0,48.2,0.9,2.0
2026-04-05 01:00:00,14.0,36.0,51.6,0.8,1.9
2026-04-05 02:00:00,13.6,49.0,53.2,1.1,2.6
2026-04-05 03:00:00,13.2,51.0,54.1,0.9,1.6
2026-04-05 04:00:00,12.6,38.0,57.0,0.6,1.4
2026-04-05 05:00:00,12.0,8.0,61.0,,0.9
2026-04-05 06:00:00,12.1,300.0,60.7,,1.1
2026-04-05 07:00:00,12.9,307.0,59.2,,0.9
2026-04-05 08:00:00,15.0,,50.8,,1.3
2026-04-05 09:00:00,17.0,111.0,41.5,,2.6
2026-04-05 10:00:00,19.2,79.0,33.9,0.7,2.7
2026-04-05 11:00:00,19.8,137.0,33.7,0.7,3.6
2026-04-05 12:00:00,21.9,139.0,30.3,0.7,3.1
2026-04-05 13:00:00,23.8,164.0,26.5,0.5,3.3
2026-04-05 14:00:00,24.7,186.0,24.4,0.7,3.5
2026-04-05 15:00:00,24.5,210.0,23.7,0.6,3.8
2026-04-05 16:00:00,23.7,185.0,25.8,0.8,4.2
2026-04-05 17:00:00,23.1,187.0,26.8,0.7,2.4
2026-04-05 18:00:00,22.3,230.0,29.0,0.6,2.3
2026-04-05 19:00:00,20.8,240.0,32.5,,1.7
2026-04-05 20:00:00,19.5,187.0,37.8,,3.0
2026-04-05 21:00:00,19.3,213.0,39.2,1.2,4.3
2026-04-05 22:00:00,17.8,234.0,44.1,0.9,3.8
2026-04-05 23:00:00,16.7,256.0,47.3,1.3,4.1
2026-04-06 00:00:00,16.0,265.0,50.7,0.9,2.6
2026-04-06 01:00:00,15.8,259.0,52.6,1.2,3.5
2026-04-06 02:00:00,15.6,249.0,54.1,1.1,3.6
2026-04-06 03:00:00,14.8,267.0,58.0,0.9,2.5
2026-04-06 04:00:00,14.4,257.0,61.4,1.0,2.7
2026-04-06 05:00:00,13.8,268.0,65.6,0.8,2.1
2026-04-06 06:00:00,13.7,276.0,66.9,0.7,2.5
2026-04-06 07:00:00,14.1,248.0,67.5,0.8,2.6
2026-04-06 08:00:00,15.5,241.0,63.9,0.9,3.7
2026-04-06 09:00:00,17.1,197.0,58.4,0.8,4.1
2026-04-06 10:00:00,18.7,205.0,53.9,0.9,3.6
2026-04-06 11:00:00,20.0,223.0,49.4,0.8,3.5
2026-04-06 12:00:00,22.5,199.0,41.6,0.9,3.7
2026-04-06 13:00:00,24.4,211.0,36.0,1.1,4.7
2026-04-06 14:00:00,25.7,225.0,32.4,1.1,4.3
2026-04-06 15:00:00,25.9,236.0,31.8,1.4,4.5
2026-04-06 16:00:00,25.4,247.0,31.1,1.3,4.4
2026-04-06 17:00:00,25.2,247.0,28.9,1.1,3.6
2026-04-06 18:00:00,24.4,228.0,31.4,0.7,3.2
2026-04-06 19:00:00,23.0,203.0,37.2,1.1,4.8
2026-04-06 20:00:00,20.9,213.0,48.3,1.7,5.3
2026-04-06 21:00:00,19.1,226.0,50.9,1.5,5.1
2026-04-06 22:00:00,17.8,258.0,56.0,1.5,3.8
2026-04-06 23:00:00,16.7,270.0,59.8,1.3,4.2
2026-04-07 00:00:00,15.9,290.0,62.3,1.0,3.2
2026-04-07 01:00:00,15.2,272.0,64.3,0.9,2.9
2026-04-07 02:00:00,14.8,270.0,66.8,0.9,2.5
2026-04-07 03:00:00,14.3,264.0,69.6,0.9,3.0
2026-04-07 04:00:00,13.9,264.0,71.9,0.7,2.5
2026-04-07 05:00:00,14.0,250.0,73.0,0.8,2.7
2026-04-07 06:00:00,14.0,250.0,74.9,1.0,3.2
2026-04-07 07:00:00,14.6,238.0,73.4,1.2,4.4
2026-04-07 08:00:00,15.8,230.0,67.6,1.6,6.0
2026-04-07 09:00:00,17.4,240.0,60.9,1.2,3.4
2026-04-07 10:00:00,19.2,214.0,55.1,0.8,3.7
2026-04-07 11:00:00,20.0,215.0,51.8,0.8,4.4
2026-04-07 12:00:00,22.3,208.0,45.2,0.8,3.9
2026-04-07 13:00:00,24.3,211.0,39.8,1.0,3.9
2026-04-07 14:00:00,25.3,216.0,38.5,1.2,4.9
2026-04-07 15:00:00,25.4,235.0,38.1,1.4,4.9
2026-04-07 16:00:00,25.1,239.0,37.8,1.6,5.4
2026-04-07 17:00:00,24.5,242.0,40.0,1.7,5.8
2026-04-07 18:00:00,22.5,210.0,47.9,2.1,6.2
2026-04-07 19:00:00,20.0,219.0,55.3,2.4,5.8
2026-04-07 20:00:00,18.0,236.0,60.3,1.9,6.5
2026-04-07 21:00:00,16.6,236.0,64.9,1.9,6.5
2026-04-07 22:00:00,15.9,250.0,67.5,1.7,5.9
2026-04-07 23:00:00,15.2,256.0,71.0,1.8,5.6
2026-04-08 00:00:00,14.7,257.0,72.5,1.3,4.4
2026-04-08 01:00:00,14.4,264.0,74.5,1.3,3.5
2026-04-08 02:00:00,14.0,261.0,76.8,1.3,3.6
2026-04-08 03:00:00,13.5,271.0,79.7,0.9,3.2
2026-04-08 04:00:00,13.3,275.0,81.6,0.8,2.2
2026-04-08 05:00:00,13.3,268.0,82.2,0.8,3.0
2026-04-08 06:00:00,13.5,292.0,82.0,,1.5
2026-04-08 07:00:00,14.7,217.0,75.4,0.4,2.2
2026-04-08 08:00:00,15.8,206.0,66.3,0.9,3.7
2026-04-08 09:00:00,17.2,188.0,59.8,0.6,3.3
2026-04-08 10:00:00,18.9,216.0,52.6,0.6,3.3
2026-04-08 11:00:00,20.0,156.0,49.6,0.4,2.9
2026-04-08 12:00:00,22.1,176.0,44.2,,3.2
2026-04-08 13:00:00,24.0,172.0,39.8,0.4,3.7
2026-04-08 14:00:00,25.3,107.0,38.1,0.9,3.7
2026-04-08 15:00:00,25.3,128.0,38.7,0.8,3.2
2026-04-08 16:00:00,24.3,106.0,41.9,1.5,4.7
2026-04-08 17:00:00,23.6,98.0,44.6,1.6,4.6
2026-04-08 18:00:00,22.9,116.0,46.4,1.4,3.3
2026-04-08 19:00:00,21.8,104.0,52.2,2.1,4.3
2026-04-08 20:00:00,21.0,107.0,55.1,2.1,4.6
2026-04-08 21:00:00,20.0,108.0,57.2,2.1,5.4
2026-04-08 22:00:00,18.8,97.0,61.3,2.9,7.4
2026-04-08 23:00:00,17.1,78.0,64.6,2.7,5.9
2026-04-09 00:00:00,15.9,73.0,61.1,2.7,5.9
2026-04-09 01:00:00,15.3,73.0,58.9,2.3,5.3
2026-04-09 02:00:00,14.6,72.0,53.5,2.6,5.2
2026-04-09 03:00:00,14.2,67.0,52.6,2.2,4.3
2026-04-09 04:00:00,14.0,67.0,52.0,2.4,4.4
2026-04-09 05:00:00,13.8,65.0,51.5,1.7,3.5
2026-04-09 06:00:00,14.3,60.0,53.3,1.1,2.5
2026-04-09 07:00:00,15.5,76.0,47.5,2.0,5.0
2026-04-09 08:00:00,16.6,85.0,44.0,2.3,5.4
2026-04-09 09:00:00,17.5,87.0,42.2,2.3,5.1
2026-04-09 10:00:00,18.6,107.0,42.7,1.6,4.7
2026-04-09 11:00:00,18.7,93.0,41.8,1.3,4.3
2026-04-09 12:00:00,20.6,100.0,38.4,0.8,4.5
2026-04-09 13:00:00,22.1,117.0,35.6,0.8,3.3
2026-04-09 14:00:00,23.2,118.0,34.3,0.8,4.4
2026-04-09 15:00:00,22.9,168.0,35.8,0.7,3.6
2026-04-09 16:00:00,22.5,126.0,37.2,,5.7
2026-04-09 17:00:00,22.0,119.0,39.5,1.7,4.3
2026-04-09 18:00:00,21.2,112.0,42.0,2.1,4.6
2026-04-09 19:00:00,20.2,111.0,44.8,1.9,4.3
2026-04-09 20:00:00,19.4,109.0,46.8,2.2,4.9
2026-04-09 21:00:00,18.6,109.0,47.2,2.3,5.1
2026-04-09 22:00:00,17.6,91.0,50.0,2.1,4.9
2026-04-09 23:00:00,16.1,83.0,56.8,2.5,5.7
2026-04-10 00:00:00,14.6,75.0,62.4,2.6,5.5
2026-04-10 01:00:00,14.0,70.0,64.1,2.4,5.7
2026-04-10 02:00:00,13.4,67.0,64.2,2.1,3.9
2026-04-10 03:00:00,13.1,75.0,63.2,1.9,4.5
2026-04-10 04:00:00,13.0,82.0,63.4,1.6,3.7
2026-04-10 05:00:00,12.8,82.0,63.8,1.9,4.2
2026-04-10 06:00:00,12.7,92.0,63.9,1.9,4.3
2026-04-10 07:00:00,13.7,93.0,61.2,2.0,4.5
2026-04-10 08:00:00,14.8,91.0,57.2,1.8,3.8
2026-04-10 09:00:00,15.4,84.0,54.1,1.4,3.7
2026-04-10 10:00:00,16.5,79.0,48.7,1.3,3.5
2026-04-10 11:00:00,17.5,82.0,47.2,0.7,2.9
2026-04-10 12:00:00,19.0,134.0,44.7,,2.8
2026-04-10 13:00:00,20.1,116.0,42.8,,2.5
2026-04-10 14:00:00,21.2,184.0,41.7,,2.3
2026-04-10 15:00:00,21.5,82.0,42.5,1.3,3.7
2026-04-10 16:00:00,21.2,129.0,44.9,1.3,3.9
2026-04-10 17:00:00,20.9,112.0,46.6,1.9,3.8
2026-04-10 18:00:00,19.9,99.0,48.9,2.7,5.2
2026-04-10 19:00:00,19.0,99.0,52.6,2.6,5.1
2026-04-10 20:00:00,18.3,93.0,54.2,2.4,4.8
2026-04-10 21:00:00,17.5,95.0,58.0,2.8,6.3
2026-04-10 22:00:00,16.8,82.0,60.3,2.7,6.3
2026-04-10 23:00:00,15.4,83.0,61.3,3.5,7.8
2026-04-11 00:00:00,14.7,75.0,58.3,2.5,5.2
2026-04-11 01:00:00,14.2,67.0,58.3,2.2,4.6
2026-04-11 02:00:00,13.8,67.0,58.5,2.3,4.1
2026-04-11 03:00:00,13.4,64.0,58.8,2.0,4.4
2026-04-11 04:00:00,12.9,73.0,56.6,2.0,4.3
2026-04-11 05:00:00,12.7,59.0,56.7,1.3,3.5
2026-04-11 06:00:00,12.9,47.0,58.1,1.0,2.4
2026-04-11 07:00:00,14.2,82.0,51.9,1.6,4.5
2026-04-11 08:00:00,15.5,90.0,46.5,1.6,3.6
2026-04-11 09:00:00,16.9,100.0,39.3,2.0,5.0
2026-04-11 10:00:00,18.5,120.0,31.4,1.6,4.2
2026-04-11 11:00:00,18.6,116.0,31.6,1.6,5.2
2026-04-11 12:00:00,20.3,94.0,31.1,1.6,5.8
2026-04-11 13:00:00,22.1,100.0,30.3,1.7,5.5
2026-04-11 14:00:00,22.2,110.0,31.2,1.6,5.3
2026-04-11 15:00:00,21.9,87.0,32.7,1.3,5.7
2026-04-11 16:00:00,21.5,99.0,35.4,1.2,3.8
2026-04-11 17:00:00,20.8,113.0,38.1,1.0,3.6
2026-04-11 18:00:00,20.1,111.0,40.0,1.3,3.3
2026-04-11 19:00:00,19.5,117.0,42.3,1.1,2.7
2026-04-11 20:00:00,18.9,124.0,44.2,0.8,1.9
2026-04-11 21:00:00,18.3,113.0,46.0,0.7,2.0
2026-04-11 22:00:00,17.7,83.0,48.7,0.7,2.3
2026-04-11 23:00:00,17.1,60.0,51.2,1.3,2.8
2026-04-12 00:00:00,16.4,62.0,53.6,1.6,3.9
2026-04-12 01:00:00,15.5,70.0,61.7,2.5,5.7
2026-04-12 02:00:00,14.8,68.0,71.1,2.1,4.6
2026-04-12 03:00:00,14.6,76.0,71.6,2.4,5.4
2026-04-12 04:00:00,14.6,76.0,70.8,1.6,3.2
2026-04-12 05:00:00,14.3,91.0,70.7,1.4,5.2
2026-04-12 06:00:00,14.2,100.0,65.8,2.2,5.1
2026-04-12 07:00:00,14.3,106.0,65.9,2.6,6.7
2026-04-12 08:00:00,14.8,88.0,58.2,2.5,6.2
2026-04-12 09:00:00,15.8,78.0,51.4,2.7,6.8
2026-04-12 10:00:00,16.4,76.0,51.4,3.1,7.1
2026-04-12 11:00:00,16.9,85.0,49.9,2.8,6.3
2026-04-12 12:00:00,17.7,69.0,39.7,2.6,6.2
2026-04-12 13:00:00,18.7,82.0,34.3,3.0,8.1
2026-04-12 14:00:00,18.9,105.0,35.6,2.8,6.5
2026-04-12 15:00:00,17.8,123.0,40.2,2.4,5.6
2026-04-12 16:00:00,17.2,104.0,41.9,2.0,6.0
2026-04-12 17:00:00,17.4,73.0,42.8,1.8,4.3
2026-04-12 18:00:00,17.3,72.0,44.7,1.8,3.5
2026-04-12 19:00:00,17.1,70.0,48.9,1.6,4.0
2026-04-12 20:00:00,16.8,59.0,50.8,1.6,3.9
2026-04-12 21:00:00,16.6,65.0,51.2,1.8,4.7
2026-04-12 22:00:00,16.2,78.0,54.6,2.7,6.3
2026-04-12 23:00:00,15.6,81.0,67.3,3.3,8.0
2026-04-13 00:00:00,15.0,73.0,77.1,3.0,6.5
2026-04-13 01:00:00,14.8,69.0,80.0,2.9,6.0
2026-04-13 02:00:00,14.7,70.0,79.4,2.3,5.3
2026-04-13 03:00:00,14.6,71.0,74.5,1.9,3.8
2026-04-13 04:00:00,14.6,52.0,71.7,1.7,3.9
2026-04-13 05:00:00,14.5,38.0,73.9,1.4,3.3
2026-04-13 06:00:00,13.7,35.0,83.9,1.7,3.8
2026-04-13 07:00:00,13.3,48.0,91.1,1.6,4.5
2026-04-13 08:00:00,13.1,14.0,91.4,1.5,4.5
2026-04-13 09:00:00,13.4,357.0,94.4,1.3,4.6
2026-04-13 10:00:00,14.0,4.0,88.8,1.1,4.1
2026-04-13 11:00:00,14.6,352.0,84.8,0.7,2.8
2026-04-13 12:00:00,15.4,351.0,79.7,1.3,4.1
2026-04-13 13:00:00,15.8,334.0,76.5,0.9,3.3
2026-04-13 14:00:00,15.6,332.0,79.9,0.9,3.5
2026-04-13 15:00:00,16.0,345.0,78.5,0.9,3.7
2026-04-13 16:00:00,16.4,346.0,73.2,1.0,3.4
2026-04-13 17:00:00,16.2,333.0,72.5,0.7,3.5
2026-04-13 18:00:00,15.8,333.0,70.8,0.8,3.2
2026-04-13 19:00:00,15.4,320.0,71.8,0.9,2.9
2026-04-13 20:00:00,14.8,0.0,77.5,1.2,2.8
2026-04-13 21:00:00,14.9,40.0,80.0,1.2,3.7
2026-04-13 22:00:00,13.9,0.0,91.0,1.0,2.7
2026-04-13 23:00:00,13.9,314.0,88.5,0.6,3.1
2026-04-14 00:00:00,13.7,28.0,87.4,0.2,2.8
2026-04-14 01:00:00,13.4,72.0,94.8,,2.1
2026-04-14 02:00:00,13.5,124.0,95.7,0.6,1.8
2026-04-14 03:00:00,13.2,217.0,97.5,0.7,2.0
2026-04-14 04:00:00,13.1,257.0,98.7,1.0,3.2
2026-04-14 05:00:00,12.9,239.0,99.3,0.9,3.6
2026-04-14 06:00:00,12.8,216.0,99.4,0.8,3.3
2026-04-14 07:00:00,13.1,211.0,96.9,0.6,2.4
2026-04-14 08:00:00,13.4,208.0,92.8,0.9,2.7
2026-04-14 09:00:00,13.9,194.0,88.9,0.4,2.0
2026-04-14 10:00:00,14.6,185.0,82.9,0.6,2.0
2026-04-14 11:00:00,15.8,244.0,75.1,0.6,2.8
2026-04-14 12:00:00,16.4,213.0,72.8,,2.8
2026-04-14 13:00:00,17.3,171.0,67.9,0.6,3.4
2026-04-14 14:00:00,17.9,149.0,62.3,1.6,5.7
2026-04-14 15:00:00,18.1,148.0,58.6,2.0,7.1
2026-04-14 16:00:00,17.8,143.0,60.2,2.1,6.3
2026-04-14 17:00:00,17.6,114.0,64.3,3.1,7.5
2026-04-14 18:00:00,16.6,120.0,70.9,2.4,6.5
2026-04-14 19:00:00,15.2,109.0,78.1,2.2,6.0
2026-04-14 20:00:00,14.2,102.0,91.6,1.5,4.5
2026-04-14 21:00:00,13.6,100.0,99.1,1.2,2.8
2026-04-14 22:00:00,13.4,56.0,99.4,0.6,2.2
2026-04-14 23:00:00,13.5,44.0,99.3,,1.4
2026-04-15 00:00:00,13.4,332.0,99.3,0.5,1.6
2026-04-15 01:00:00,13.4,324.0,99.3,0.6,1.5
2026-04-15 02:00:00,13.3,314.0,99.4,0.5,1.3
2026-04-15 03:00:00,13.3,302.0,99.4,0.6,1.6
2026-04-15 04:00:00,13.4,275.0,99.4,0.7,2.2
2026-04-15 05:00:00,13.4,298.0,97.8,0.9,2.2
2026-04-15 06:00:00,13.7,305.0,96.1,,0.9
2026-04-15 07:00:00,14.5,311.0,89.7,0.5,1.6
2026-04-15 08:00:00,15.4,254.0,81.8,0.5,2.5
2026-04-15 09:00:00,16.6,233.0,73.4,1.1,3.4
2026-04-15 10:00:00,18.1,245.0,66.5,1.2,4.9
2026-04-15 11:00:00,18.6,243.0,62.7,1.1,5.4
2026-04-15 12:00:00,20.2,235.0,56.3,0.9,3.6
2026-04-15 13:00:00,20.8,233.0,53.8,1.1,3.8
2026-04-15 14:00:00,20.8,192.0,54.1,0.7,3.9
2026-04-15 15:00:00,20.5,139.0,54.5,1.3,4.3
2026-04-15 16:00:00,21.1,144.0,50.5,1.2,4.0
2026-04-15 17:00:00,20.8,128.0,51.5,0.9,3.1
2026-04-15 18:00:00,19.6,32.0,62.6,1.0,3.0
2026-04-15 19:00:00,19.4,44.0,63.2,1.1,2.2
2026-04-15 20:00:00,18.5,66.0,67.7,1.3,3.1
2026-04-15 21:00:00,17.3,94.0,74.4,1.2,3.9
2026-04-15 22:00:00,16.6,82.0,78.9,0.9,2.1
2026-04-15 23:00:00,16.0,72.0,81.7,0.9,1.9
2026-04-16 00:00:00,15.5,27.0,83.5,0.6,1.4
2026-04-16 01:00:00,15.1,336.0,85.8,0.4,1.6
2026-04-16 02:00:00,14.8,324.0,86.2,,1.3
2026-04-16 03:00:00,14.4,309.0,88.2,0.5,1.4
2026-04-16 04:00:00,14.0,310.0,89.0,,0.9
2026-04-16 05:00:00,13.8,338.0,89.7,0.4,0.9
2026-04-16 06:00:00,14.0,358.0,88.4,,1.3
2026-04-16 07:00:00,15.2,14.0,82.9,,1.7
2026-04-16 08:00:00,16.6,252.0,76.1,,1.9
2026-04-16 09:00:00,18.5,253.0,67.0,0.6,2.4
2026-04-16 10:00:00,20.3,236.0,60.2,0.9,3.6
2026-04-16 11:00:00,20.7,240.0,57.4,0.5,3.5
2026-04-16 12:00:00,22.4,262.0,51.6,0.7,3.9
2026-04-16 13:00:00,24.2,168.0,45.6,0.4,2.8
2026-04-16 14:00:00,24.1,220.0,45.5,0.9,5.6
2026-04-16 15:00:00,24.2,165.0,44.4,0.9,4.1
2026-04-16 16:00:00,23.5,154.0,45.2,0.9,4.2
2026-04-16 17:00:00,23.2,133.0,46.1,1.4,4.1
2026-04-16 18:00:00,22.5,108.0,47.0,1.6,4.3
2026-04-16 19:00:00,21.6,110.0,51.5,1.7,3.5
2026-04-16 20:00:00,20.7,111.0,55.0,1.5,2.8
2026-04-16 21:00:00,20.0,121.0,57.6,1.2,3.0
2026-04-16 22:00:00,19.3,111.0,61.7,1.4,2.7
2026-04-16 23:00:00,18.4,67.0,66.4,1.1,2.2
2026-04-17 00:00:00,17.7,38.0,69.9,1.0,2.4
2026-04-17 01:00:00,17.0,52.0,72.8,0.9,2.3
2026-04-17 02:00:00,16.4,54.0,76.1,0.9,1.5
2026-04-17 03:00:00,15.8,32.0,79.1,0.7,1.5
2026-04-17 04:00:00,16.3,61.0,76.6,1.1,2.1
2026-04-17 05:00:00,16.6,65.0,74.5,1.2,2.7
2026-04-17 06:00:00,17.2,69.0,70.0,1.5,4.0
2026-04-17 07:00:00,18.0,79.0,63.7,2.1,4.5
2026-04-17 08:00:00,19.1,95.0,58.8,2.2,5.8
2026-04-17 09:00:00,20.2,100.0,53.1,2.2,5.8
2026-04-17 10:00:00,21.8,121.0,48.1,1.9,5.1
2026-04-17 11:00:00,22.0,74.0,46.0,1.6,4.1
2026-04-17 12:00:00,23.2,154.0,41.5,0.8,4.7
2026-04-17 13:00:00,24.2,206.0,39.8,0.6,3.3
2026-04-17 14:00:00,25.2,129.0,37.8,0.9,3.9
2026-04-17 15:00:00,24.7,134.0,38.6,1.1,3.5
2026-04-17 16:00:00,24.1,199.0,39.2,0.7,3.0
2026-04-17 17:00:00,23.9,196.0,40.5,,2.1
2026-04-17 18:00:00,23.3,181.0,42.1,0.5,2.0
2026-04-17 19:00:00,22.4,167.0,44.9,0.5,1.9
2026-04-17 20:00:00,21.4,139.0,48.1,0.7,2.4
2026-04-17 21:00:00,20.6,154.0,51.0,,1.2
2026-04-17 22:00:00,19.6,35.0,57.4,,0.7
2026-04-17 23:00:00,19.0,52.0,61.1,1.0,2.6
2026-04-18 00:00:00,18.3,70.0,63.1,1.4,2.8
2026-04-18 01:00:00,17.6,51.0,66.1,0.9,2.9
2026-04-18 02:00:00,16.9,39.0,69.8,0.5,1.5
2026-04-18 03:00:00,16.6,0.0,71.2,0.4,1.2
2026-04-18 04:00:00,16.6,5.0,71.6,,1.2
2026-04-18 05:00:00,16.5,347.0,71.8,,0.9
2026-04-18 06:00:00,16.7,348.0,72.3,0.5,1.6
2026-04-18 07:00:00,17.7,6.0,69.4,0.3,1.3
2026-04-18 08:00:00,19.7,81.0,60.4,1.1,3.5
2026-04-18 09:00:00,21.0,104.0,55.3,0.9,3.0
2026-04-18 10:00:00,23.1,118.0,47.1,1.3,3.8
2026-04-18 11:00:00,22.9,133.0,42.5,1.0,3.7
2026-04-18 12:00:00,24.2,158.0,41.3,1.0,5.1
2026-04-18 13:00:00,25.8,119.0,37.1,1.1,4.3
2026-04-18 14:00:00,25.9,192.0,36.2,1.0,4.0
2026-04-18 15:00:00,25.7,216.0,35.7,1.0,4.0
2026-04-18 16:00:00,25.3,203.0,35.5,0.7,4.6
2026-04-18 17:00:00,25.0,254.0,35.5,0.5,3.1
2026-04-18 18:00:00,24.5,206.0,36.6,0.8,2.9
2026-04-18 19:00:00,23.4,237.0,40.7,0.5,2.2
2026-04-18 20:00:00,22.6,144.0,41.7,0.9,2.8
2026-04-18 21:00:00,21.9,124.0,42.6,1.2,2.6
2026-04-18 22:00:00,21.4,121.0,43.4,1.2,3.7
2026-04-18 23:00:00,20.5,58.0,48.6,1.2,2.5
2026-04-19 00:00:00,19.5,56.0,53.5,1.6,3.4
2026-04-19 01:00:00,19.0,65.0,56.0,2.1,3.8
2026-04-19 02:00:00,18.6,67.0,56.4,1.9,4.3
2026-04-19 03:00:00,18.2,72.0,56.8,2.0,3.9
2026-04-19 04:00:00,18.0,67.0,56.9,1.5,2.9
2026-04-19 05:00:00,18.1,57.0,57.6,1.7,4.6
2026-04-19 06:00:00,17.4,35.0,66.2,1.6,7.0
2026-04-19 07:00:00,16.4,58.0,70.0,1.9,6.7
2026-04-19 08:00:00,16.9,66.0,68.3,2.0,5.1
2026-04-19 09:00:00,18.8,92.0,61.8,1.6,4.1
2026-04-19 10:00:00,20.6,121.0,53.6,1.7,4.2
2026-04-19 11:00:00,20.9,132.0,51.4,1.8,5.2
2026-04-19 12:00:00,23.1,124.0,44.6,1.7,4.9
2026-04-19 13:00:00,24.3,72.0,40.7,1.3,6.0
2026-04-19 14:00:00,24.5,85.0,39.8,2.1,6.3
2026-04-19 15:00:00,24.1,98.0,41.6,2.4,5.9
2026-04-19 16:00:00,24.0,107.0,41.3,1.9,5.6
2026-04-19 17:00:00,22.8,73.0,44.5,3.1,6.2
2026-04-19 18:00:00,21.7,85.0,47.1,3.1,7.3
2026-04-19 19:00:00,20.4,77.0,46.3,3.2,6.5
2026-04-19 20:00:00,20.1,65.0,46.1,3.0,10.6
2026-04-19 21:00:00,19.6,86.0,49.2,2.2,5.4
2026-04-19 22:00:00,16.9,67.0,74.4,1.5,4.7
2026-04-19 23:00:00,14.8,4.0,90.2,0.8,4.1
2026-04-20 00:00:00,14.5,50.0,97.9,0.9,4.2
2026-04-20 01:00:00,14.5,61.0,96.1,1.2,3.5
2026-04-20 02:00:00,14.5,65.0,93.7,1.1,2.5
2026-04-20 03:00:00,14.4,43.0,94.3,0.5,1.3
2026-04-20 04:00:00,14.3,336.0,95.5,0.5,1.6
2026-04-20 05:00:00,14.2,51.0,94.8,1.0,2.4
2026-04-20 06:00:00,14.4,65.0,87.6,1.4,2.4
2026-04-20 07:00:00,15.3,79.0,82.0,1.7,3.7
2026-04-20 08:00:00,16.7,94.0,75.7,1.8,6.2
2026-04-20 09:00:00,17.5,112.0,71.6,2.9,6.3
2026-04-20 10:00:00,18.7,98.0,66.7,2.3,6.3
2026-04-20 11:00:00,19.1,93.0,63.8,1.9,4.6
2026-04-20 12:00:00,20.8,84.0,57.1,1.6,4.7
2026-04-20 13:00:00,21.7,81.0,51.0,1.1,4.2
2026-04-20 14:00:00,22.1,109.0,49.3,0.9,4.7
2026-04-20 15:00:00,22.3,204.0,49.8,0.9,4.7
2026-04-20 16:00:00,22.1,186.0,50.5,0.9,4.2
2026-04-20 17:00:00,22.3,239.0,48.3,1.2,4.3
2026-04-20 18:00:00,21.8,250.0,49.4,1.2,4.1
2026-04-20 19:00:00,21.0,211.0,55.8,1.4,4.7
2026-04-20 20:00:00,19.7,228.0,59.9,1.6,5.6
2026-04-20 21:00:00,19.0,213.0,61.7,0.6,3.0
2026-04-20 22:00:00,18.4,227.0,62.0,0.7,3.5
2026-04-20 23:00:00,17.5,271.0,66.5,0.9,2.9
2026-04-21 00:00:00,17.2,237.0,68.7,,2.2
2026-04-21 01:00:00,17.0,75.0,66.5,1.5,3.4
2026-04-21 02:00:00,16.5,80.0,69.6,3.0,7.4
2026-04-21 03:00:00,15.7,86.0,76.1,3.6,8.8
2026-04-21 04:00:00,14.2,90.0,92.8,3.7,9.2
2026-04-21 05:00:00,13.8,100.0,98.2,3.1,7.9
2026-04-21 06:00:00,13.5,74.0,95.9,3.0,7.6
2026-04-21 07:00:00,13.9,82.0,84.0,3.4,7.8
2026-04-21 08:00:00,15.1,86.0,72.3,2.9,7.5
2026-04-21 09:00:00,15.6,87.0,69.3,3.4,7.4
2026-04-21 10:00:00,17.5,97.0,62.3,3.2,7.3
2026-04-21 11:00:00,17.8,105.0,60.3,3.0,7.4
2026-04-21 12:00:00,18.8,85.0,56.6,3.2,7.8
2026-04-21 13:00:00,19.8,96.0,52.3,2.6,6.4
2026-04-21 14:00:00,20.3,98.0,49.0,2.1,5.8
2026-04-21 15:00:00,20.3,111.0,48.9,2.9,7.3
2026-04-21 16:00:00,19.3,115.0,51.1,3.3,7.6
2026-04-21 17:00:00,19.0,101.0,53.8,3.5,7.4
2026-04-21 18:00:00,18.1,100.0,55.7,4.1,9.2
2026-04-21 19:00:00,17.0,78.0,59.4,3.5,8.1
2026-04-21 20:00:00,15.2,77.0,63.8,3.7,8.9
2026-04-21 21:00:00,14.8,84.0,62.7,3.4,8.7
2026-04-21 22:00:00,14.5,77.0,62.7,3.3,7.4
2026-04-21 23:00:00,13.6,80.0,76.1,2.3,6.1
2026-04-22 00:00:00,12.8,67.0,83.6,3.2,6.9
2026-04-22 01:00:00,12.5,70.0,79.2,2.9,7.3
2026-04-22 02:00:00,12.3,74.0,76.1,3.2,8.4
2026-04-22 03:00:00,12.2,88.0,75.3,2.6,6.8
2026-04-22 04:00:00,12.1,72.0,76.6,2.4,5.4
2026-04-22 05:00:00,12.1,78.0,75.5,2.5,5.6
2026-04-22 06:00:00,12.0,90.0,70.6,3.1,7.8
2026-04-22 07:00:00,12.2,92.0,66.5,2.8,6.2
2026-04-22 08:00:00,13.0,100.0,60.9,2.4,6.9
2026-04-22 09:00:00,13.6,75.0,57.8,3.0,7.2
2026-04-22 10:00:00,16.3,86.0,49.6,2.4,6.4
2026-04-22 11:00:00,16.8,76.0,47.0,2.2,6.0
2026-04-22 12:00:00,17.0,74.0,45.8,2.0,6.3
2026-04-22 13:00:00,17.6,77.0,43.1,1.7,5.3
2026-04-22 14:00:00,18.8,121.0,39.7,1.5,6.8
2026-04-22 15:00:00,18.6,123.0,40.6,1.0,4.4
2026-04-22 16:00:00,17.8,86.0,41.6,0.9,3.5
2026-04-22 17:00:00,17.9,114.0,41.1,1.2,4.3
2026-04-22 18:00:00,17.5,108.0,41.9,1.3,3.8
2026-04-22 19:00:00,16.7,108.0,43.4,1.8,3.8
2026-04-22 20:00:00,16.1,100.0,45.4,1.2,3.7
2026-04-22 21:00:00,15.8,137.0,47.3,1.0,3.1
2026-04-22 22:00:00,15.9,151.0,45.2,1.2,3.6
2026-04-22 23:00:00,15.6,134.0,45.5,0.8,3.2
2026-04-23 00:00:00,14.7,91.0,50.0,1.1,2.8
2026-04-23 01:00:00,14.2,64.0,53.9,1.4,2.7
2026-04-23 02:00:00,14.2,68.0,54.7,1.2,2.5
2026-04-23 03:00:00,13.6,73.0,55.1,1.8,3.5
2026-04-23 04:00:00,13.1,78.0,55.3,1.6,3.6
2026-04-23 05:00:00,12.9,88.0,55.4,1.2,3.7
2026-04-23 06:00:00,13.0,102.0,54.4,1.3,3.0
2026-04-23 07:00:00,13.8,113.0,50.6,1.9,4.1
2026-04-23 08:00:00,14.9,104.0,47.4,1.7,4.6
2026-04-23 09:00:00,15.7,102.0,45.1,1.3,4.3
2026-04-23 10:00:00,18.0,147.0,38.6,0.5,2.7
2026-04-23 11:00:00,18.3,232.0,39.4,0.8,5.2
2026-04-23 12:00:00,19.7,230.0,37.5,1.0,5.3
2026-04-23 13:00:00,21.0,239.0,35.7,1.2,6.3
2026-04-23 14:00:00,21.5,248.0,34.3,1.3,5.4
2026-04-23 15:00:00,21.6,226.0,33.7,1.0,4.8
2026-04-23 16:00:00,21.5,240.0,32.3,1.3,5.3
2026-04-23 17:00:00,21.4,244.0,31.4,1.4,5.2
2026-04-23 18:00:00,21.0,243.0,31.8,1.3,3.8
2026-04-23 19:00:00,20.3,232.0,34.9,0.8,2.7
2026-04-23 20:00:00,19.3,207.0,39.2,0.9,2.2
2026-04-23 21:00:00,18.3,202.0,42.7,0.8,1.8
2026-04-23 22:00:00,17.4,263.0,47.0,,1.0
2026-04-23 23:00:00,16.3,354.0,53.0,0.5,1.2
2026-04-24 00:00:00,15.3,327.0,58.4,,1.0
2026-04-24 01:00:00,14.6,324.0,62.6,,1.5
2026-04-24 02:00:00,13.8,302.0,67.2,,1.2
2026-04-24 03:00:00,13.1,1.0,71.3,,1.1
2026-04-24 04:00:00,12.5,13.0,74.0,0.4,0.9
2026-04-24 05:00:00,12.2,35.0,76.1,,1.4
2026-04-24 06:00:00,13.1,91.0,71.0,0.9,2.1
2026-04-24 07:00:00,15.2,98.0,59.7,1.2,3.1
2026-04-24 08:00:00,17.3,85.0,53.1,1.6,3.5
2026-04-24 09:00:00,18.6,70.0,49.1,0.9,2.9
2026-04-24 10:00:00,21.8,78.0,40.0,0.7,2.9
2026-04-24 11:00:00,21.9,155.0,35.7,0.5,3.6
2026-04-24 12:00:00,23.5,203.0,25.1,1.2,5.3
2026-04-24 13:00:00,25.1,221.0,21.0,1.3,5.1
2026-04-24 14:00:00,25.7,244.0,19.2,2.1,6.2
2026-04-24 15:00:00,25.8,251.0,18.2,1.8,6.3
2026-04-24 16:00:00,25.6,235.0,18.6,1.3,4.6
2026-04-24 17:00:00,25.1,227.0,21.9,1.8,5.8
2026-04-24 18:00:00,23.6,202.0,27.5,2.4,6.6
2026-04-24 19:00:00,21.7,206.0,30.4,2.0,7.3
2026-04-24 20:00:00,20.3,219.0,31.4,1.5,5.4
2026-04-24 21:00:00,19.0,243.0,34.4,1.5,4.6
2026-04-24 22:00:00,17.6,263.0,40.9,1.9,4.3
2026-04-24 23:00:00,16.7,278.0,47.0,1.6,4.4
2026-04-25 00:00:00,15.9,292.0,51.4,1.5,3.0
2026-04-25 01:00:00,15.3,291.0,51.4,1.2,3.0
2026-04-25 02:00:00,14.9,298.0,51.5,1.1,2.4
2026-04-25 03:00:00,14.4,293.0,53.9,0.9,1.9
2026-04-25 04:00:00,13.9,346.0,56.6,0.3,1.1
2026-04-25 05:00:00,13.3,348.0,62.0,,1.1
2026-04-25 06:00:00,14.2,258.0,63.5,0.7,2.0
2026-04-25 07:00:00,15.6,246.0,59.3,1.1,3.1
2026-04-25 08:00:00,16.9,222.0,50.0,0.7,3.0
2026-04-25 09:00:00,18.4,218.0,40.0,0.9,3.8
2026-04-25 10:00:00,20.7,239.0,34.9,0.8,4.9
2026-04-25 11:00:00,21.2,211.0,32.5,0.6,5.1
2026-04-25 12:00:00,23.2,223.0,28.8,0.8,3.9
2026-04-25 13:00:00,24.3,203.0,26.9,0.7,3.8
2026-04-25 14:00:00,25.5,218.0,26.0,0.9,5.4
2026-04-25 15:00:00,25.2,207.0,26.5,0.8,4.4
2026-04-25 16:00:00,25.1,227.0,25.6,1.0,4.2
2026-04-25 17:00:00,24.9,241.0,26.9,1.2,3.8
2026-04-25 18:00:00,24.2,248.0,28.8,1.2,4.5
2026-04-25 19:00:00,22.6,210.0,42.7,1.9,6.4
2026-04-25 20:00:00,20.4,221.0,48.1,1.8,5.6
2026-04-25 21:00:00,18.8,231.0,53.8,1.6,5.6
2026-04-25 22:00:00,17.5,257.0,58.8,1.9,5.3
2026-04-25 23:00:00,16.8,265.0,60.9,1.4,4.5
2026-04-26 00:00:00,16.1,257.0,63.7,1.6,4.4
2026-04-26 01:00:00,15.6,261.0,65.5,1.2,3.7
2026-04-26 02:00:00,15.2,280.0,67.7,0.9,2.8
2026-04-26 03:00:00,14.7,265.0,70.9,1.0,2.6
2026-04-26 04:00:00,14.6,243.0,73.1,1.1,3.2
2026-04-26 05:00:00,14.2,263.0,75.2,0.9,2.9
2026-04-26 06:00:00,14.6,238.0,74.8,0.8,3.0
2026-04-26 07:00:00,15.8,252.0,70.8,1.4,3.4
2026-04-26 08:00:00,17.1,216.0,65.2,1.3,3.8
2026-04-26 09:00:00,18.4,232.0,59.7,0.6,2.6
2026-04-26 10:00:00,20.9,195.0,51.9,,3.3
2026-04-26 11:00:00,22.2,166.0,49.1,0.8,3.3
2026-04-26 12:00:00,24.7,134.0,42.5,1.3,4.3
2026-04-26 13:00:00,25.8,192.0,37.8,0.8,4.4
2026-04-26 14:00:00,26.3,155.0,35.6,1.1,3.9
2026-04-26 15:00:00,26.1,179.0,33.9,1.0,5.1
2026-04-26 16:00:00,25.6,136.0,33.8,0.7,3.4
2026-04-26 17:00:00,25.4,115.0,33.4,1.1,3.5
2026-04-26 18:00:00,24.6,200.0,38.0,0.9,2.8
2026-04-26 19:00:00,23.8,208.0,40.0,0.8,1.9
2026-04-26 20:00:00,22.7,217.0,44.4,0.8,3.3
2026-04-26 21:00:00,21.2,232.0,57.0,1.3,4.5
2026-04-26 22:00:00,20.0,247.0,58.8,1.1,3.6
2026-04-26 23:00:00,19.1,268.0,61.4,0.9,2.5
2026-04-27 00:00:00,18.3,279.0,64.6,1.0,2.4
2026-04-27 01:00:00,17.6,271.0,64.0,1.1,2.8
2026-04-27 02:00:00,17.1,272.0,59.1,1.1,3.0
2026-04-27 03:00:00,16.3,339.0,63.6,,1.4
2026-04-27 04:00:00,15.9,50.0,68.9,0.4,1.1
2026-04-27 05:00:00,15.8,95.0,69.8,0.5,1.2
2026-04-27 06:00:00,16.5,47.0,68.6,0.4,1.3
2026-04-27 07:00:00,18.2,89.0,59.6,0.9,2.2
2026-04-27 08:00:00,19.7,90.0,51.0,0.7,2.7
2026-04-27 09:00:00,20.9,111.0,48.3,1.1,4.5
2026-04-27 10:00:00,23.0,103.0,44.9,1.7,4.8
2026-04-27 11:00:00,23.8,112.0,41.6,1.4,5.2
2026-04-27 12:00:00,25.0,85.0,39.8,0.5,4.8
2026-04-27 13:00:00,26.2,115.0,37.1,0.9,4.2
2026-04-27 14:00:00,26.5,96.0,35.2,0.9,4.1
2026-04-27 15:00:00,26.5,199.0,31.7,0.8,5.2
2026-04-27 16:00:00,26.0,148.0,30.7,1.1,4.2
2026-04-27 17:00:00,25.8,134.0,30.3,1.3,3.8
2026-04-27 18:00:00,25.3,170.0,31.0,0.6,3.0
2026-04-27 19:00:00,24.4,159.0,36.7,0.9,2.8
2026-04-27 20:00:00,23.3,164.0,43.6,0.7,2.2
2026-04-27 21:00:00,22.1,209.0,43.1,1.6,6.3
2026-04-27 22:00:00,21.0,223.0,43.3,0.9,3.8
2026-04-27 23:00:00,20.1,294.0,46.4,0.6,2.3
2026-04-28 00:00:00,19.0,351.0,51.8,0.7,1.7
2026-04-28 01:00:00,18.4,4.0,54.4,0.8,2.1
2026-04-28 02:00:00,18.4,75.0,58.4,1.6,4.3
2026-04-28 03:00:00,18.1,63.0,60.6,1.2,3.5
2026-04-28 04:00:00,17.8,65.0,59.7,1.3,4.1
2026-04-28 05:00:00,17.7,59.0,57.4,1.5,3.4
2026-04-28 06:00:00,18.0,64.0,55.2,1.7,4.2
2026-04-28 07:00:00,18.4,22.0,53.9,1.3,4.3
2026-04-28 08:00:00,19.7,66.0,50.7,2.5,6.0
2026-04-28 09:00:00,20.5,82.0,49.0,3.1,7.1
2026-04-28 10:00:00,22.1,79.0,45.0,2.5,6.6
2026-04-28 11:00:00,23.0,87.0,42.8,2.4,6.4
2026-04-28 12:00:00,23.5,114.0,40.3,1.8,5.0
2026-04-28 13:00:00,23.8,122.0,37.0,0.8,3.7
2026-04-28 14:00:00,24.0,127.0,35.9,0.7,3.9
2026-04-28 15:00:00,24.1,128.0,35.9,0.8,3.7
2026-04-28 16:00:00,23.5,161.0,36.2,0.7,2.8
2026-04-28 17:00:00,23.4,144.0,36.1,0.7,3.1
2026-04-28 18:00:00,23.0,243.0,36.6,0.4,2.9
2026-04-28 19:00:00,22.0,305.0,46.0,1.1,2.9
2026-04-28 20:00:00,20.9,352.0,52.1,0.6,2.5
2026-04-28 21:00:00,20.6,,53.9,,1.6
2026-04-28 22:00:00,18.9,355.0,70.6,0.8,2.4
2026-04-28 23:00:00,18.6,42.0,72.0,1.5,5.6
2026-04-29 00:00:00,17.6,34.0,77.2,2.7,7.4
2026-04-29 01:00:00,16.5,49.0,79.6,2.6,6.7
2026-04-29 02:00:00,16.6,55.0,77.0,2.1,5.1
2026-04-29 03:00:00,16.6,68.0,78.4,1.1,2.9
2026-04-29 04:00:00,16.6,89.0,78.8,1.1,2.8
2026-04-29 05:00:00,16.6,49.0,79.6,1.5,3.5
2026-04-29 06:00:00,17.1,42.0,75.1,1.7,4.6
2026-04-29 07:00:00,18.0,85.0,64.5,1.8,5.1
2026-04-29 08:00:00,19.0,103.0,56.3,2.1,5.6
2026-04-29 09:00:00,19.4,64.0,56.8,1.1,3.5
2026-04-29 10:00:00,21.2,72.0,51.4,1.1,3.7
2026-04-29 11:00:00,22.0,85.0,48.2,1.5,5.7
2026-04-29 12:00:00,22.7,84.0,44.7,1.4,4.8
2026-04-29 13:00:00,24.4,112.0,41.0,0.6,3.3
2026-04-29 14:00:00,23.7,123.0,41.7,0.5,2.8
2026-04-29 15:00:00,22.6,281.0,43.9,0.8,3.0
2026-04-29 16:00:00,23.1,58.0,40.9,,3.7
2026-04-29 17:00:00,22.7,76.0,45.2,2.5,8.1
2026-04-29 18:00:00,20.8,85.0,53.2,3.5,7.4
2026-04-29 19:00:00,20.1,94.0,54.2,3.9,8.9
2026-04-29 20:00:00,19.2,87.0,55.9,4.1,9.3
2026-04-29 21:00:00,18.1,94.0,59.3,3.4,9.5
2026-04-29 22:00:00,17.7,103.0,57.6,3.5,8.8
2026-04-29 23:00:00,16.9,88.0,63.1,3.3,9.0
2026-04-30 00:00:00,15.0,88.0,80.3,3.7,9.0
2026-04-30 01:00:00,14.4,81.0,79.7,4.7,11.7
2026-04-30 02:00:00,13.5,76.0,84.7,3.5,9.5
2026-04-30 03:00:00,13.3,79.0,83.5,2.9,7.8
2026-04-30 04:00:00,13.2,71.0,77.9,3.0,7.0
2026-04-30 05:00:00,13.3,80.0,73.9,2.7,6.1
2026-04-30 06:00:00,13.5,85.0,67.9,2.6,6.9
2026-04-30 07:00:00,14.0,94.0,58.6,3.5,9.5
2026-04-30 08:00:00,14.8,89.0,49.3,3.1,7.5
2026-04-30 09:00:00,15.0,78.0,47.2,3.2,9.1
2026-04-30 10:00:00,17.8,84.0,34.1,4.4,12.4
2026-04-30 11:00:00,17.8,65.0,33.3,3.6,9.5
2026-04-30 12:00:00,19.4,80.0,30.2,3.2,8.1
2026-04-30 13:00:00,20.1,85.0,31.3,2.3,8.0
2026-04-30 14:00:00,20.0,87.0,34.9,1.9,6.4
2026-04-30 15:00:00,19.5,86.0,34.1,1.9,5.8
2026-04-30 16:00:00,19.4,66.0,34.3,1.5,5.9
2026-04-30 17:00:00,19.1,93.0,36.2,1.9,6.2
2026-04-30 18:00:00,18.7,91.0,37.8,1.8,5.6
2026-04-30 19:00:00,17.9,114.0,40.0,2.0,4.1
2026-04-30 20:00:00,17.4,115.0,41.7,1.9,4.4
2026-04-30 21:00:00,16.8,123.0,40.0,2.0,5.6
2026-04-30 22:00:00,15.8,120.0,35.3,2.6,6.3
2026-04-30 23:00:00,14.9,85.0,37.5,2.2,4.8
2026-05-01 00:00:00,14.1,71.0,40.7,2.4,5.1
2026-05-01 01:00:00,13.4,65.0,43.9,2.0,4.4
2026-05-01 02:00:00,12.8,66.0,43.6,2.0,4.5
2026-05-01 03:00:00,12.3,62.0,44.2,1.6,3.3
2026-05-01 04:00:00,11.9,57.0,45.1,1.3,2.5
2026-05-01 05:00:00,12.3,61.0,44.5,1.7,3.8
2026-05-01 06:00:00,13.1,73.0,41.3,1.9,4.3
2026-05-01 07:00:00,13.9,88.0,38.6,2.4,5.8
2026-05-01 08:00:00,15.2,89.0,32.3,3.6,7.9
2026-05-01 09:00:00,16.0,78.0,32.4,3.2,6.9
2026-05-01 10:00:00,18.5,100.0,29.2,2.4,6.6
2026-05-01 11:00:00,19.4,81.0,27.2,1.9,5.3
2026-05-01 12:00:00,19.8,59.0,26.6,1.4,5.3
2026-05-01 13:00:00,21.3,73.0,26.3,1.1,4.4
2026-05-01 14:00:00,20.8,30.0,27.4,0.9,4.0
2026-05-01 15:00:00,21.1,68.0,27.3,0.8,4.2
2026-05-01 16:00:00,20.5,350.0,28.5,0.3,3.1
2026-05-01 17:00:00,20.4,133.0,28.7,1.0,3.7
2026-05-01 18:00:00,20.1,155.0,29.4,1.0,3.5
2026-05-01 19:00:00,19.5,167.0,30.5,1.1,3.1
2026-05-01 20:00:00,18.7,185.0,32.1,0.9,3.5
2026-05-01 21:00:00,17.9,188.0,33.7,0.8,2.6
2026-05-01 22:00:00,16.9,165.0,36.3,0.4,1.9
2026-05-01 23:00:00,16.2,343.0,38.8,,1.8
2026-05-02 00:00:00,15.0,11.0,48.6,0.5,1.4
2026-05-02 01:00:00,14.2,50.0,52.0,0.9,1.5
2026-05-02 02:00:00,13.7,54.0,54.9,0.8,1.7
2026-05-02 03:00:00,13.5,48.0,55.8,0.8,1.9
2026-05-02 04:00:00,12.4,35.0,60.6,,1.7
2026-05-02 05:00:00,11.9,55.0,62.8,,1.5
2026-05-02 06:00:00,12.8,87.0,59.6,,1.3
2026-05-02 07:00:00,15.1,105.0,49.4,0.8,3.0
2026-05-02 08:00:00,17.3,97.0,40.7,1.5,3.4
2026-05-02 09:00:00,18.5,118.0,35.7,0.5,3.5
2026-05-02 10:00:00,21.1,129.0,28.6,0.7,3.4
2026-05-02 11:00:00,21.7,204.0,27.7,0.4,3.3
2026-05-02 12:00:00,22.5,238.0,24.8,,4.2
2026-05-02 13:00:00,23.9,193.0,23.2,0.4,3.4
2026-05-02 14:00:00,24.7,194.0,21.4,0.9,5.0
2026-05-02 15:00:00,24.3,222.0,20.9,0.9,4.5
2026-05-02 16:00:00,23.9,235.0,20.3,0.9,4.8
2026-05-02 17:00:00,23.8,255.0,21.1,1.3,4.2
2026-05-02 18:00:00,23.1,267.0,23.2,1.1,3.1
2026-05-02 19:00:00,21.8,261.0,25.9,0.8,2.8
2026-05-02 20:00:00,20.5,265.0,29.8,,0.7
2026-05-02 21:00:00,19.3,10.0,35.1,0.4,0.8
2026-05-02 22:00:00,18.4,358.0,39.6,0.5,1.4
2026-05-02 23:00:00,17.4,338.0,43.8,0.5,1.5
2026-05-03 00:00:00,16.9,348.0,47.2,,1.5
2026-05-03 01:00:00,15.9,338.0,51.7,0.5,1.3
2026-05-03 02:00:00,15.3,316.0,54.3,0.4,1.1
2026-05-03 03:00:00,14.7,299.0,57.2,,1.4
2026-05-03 04:00:00,14.3,299.0,58.8,0.6,1.5
2026-05-03 05:00:00,14.0,337.0,60.2,,1.1
2026-05-03 06:00:00,14.9,351.0,58.3,,1.1
2026-05-03 07:00:00,16.7,296.0,51.4,,1.3
2026-05-03 08:00:00,18.7,201.0,37.1,0.7,3.6
2026-05-03 09:00:00,19.8,166.0,33.8,0.6,2.8
2026-05-03 10:00:00,22.3,193.0,26.9,0.4,3.1
2026-05-03 11:00:00,22.4,207.0,27.8,1.1,5.2
2026-05-03 12:00:00,22.7,210.0,26.3,2.0,5.9
2026-05-03 13:00:00,23.7,245.0,26.5,1.9,6.1
2026-05-03 14:00:00,23.9,230.0,25.5,1.3,6.4
2026-05-03 15:00:00,23.7,267.0,27.7,1.0,5.6
2026-05-03 16:00:00,23.8,254.0,28.8,,3.8
2026-05-03 17:00:00,23.4,267.0,29.5,0.6,2.7
2026-05-03 18:00:00,23.1,234.0,25.5,1.3,4.2
2026-05-03 19:00:00,22.1,239.0,28.3,1.8,5.0
2026-05-03 20:00:00,21.0,232.0,29.2,1.5,4.9
2026-05-03 21:00:00,20.2,251.0,30.7,1.6,4.7
2026-05-03 22:00:00,19.6,255.0,33.0,1.5,4.2
2026-05-03 23:00:00,19.1,258.0,32.0,1.6,3.8
2026-05-04 00:00:00,18.6,267.0,34.4,1.1,3.5
2026-05-04 01:00:00,17.9,298.0,39.7,1.0,2.1
2026-05-04 02:00:00,17.2,287.0,43.4,0.8,1.9
2026-05-04 03:00:00,16.3,264.0,46.6,0.7,2.2
2026-05-04 04:00:00,16.1,263.0,45.6,1.1,2.7
2026-05-04 05:00:00,15.9,278.0,44.4,0.8,1.8
2026-05-04 06:00:00,16.5,303.0,43.8,0.6,1.5
2026-05-04 07:00:00,17.6,281.0,38.2,1.0,3.7
2026-05-04 08:00:00,18.6,282.0,36.0,1.1,3.5
2026-05-04 09:00:00,19.4,265.0,34.8,1.1,3.7
2026-05-04 10:00:00,20.9,236.0,33.0,1.3,4.9
2026-05-04 11:00:00,21.4,262.0,32.6,1.6,5.2
2026-05-04 12:00:00,21.6,249.0,32.1,1.5,5.8
2026-05-04 13:00:00,21.8,261.0,33.7,1.7,5.7
2026-05-04 14:00:00,23.0,273.0,31.9,0.8,3.9
2026-05-04 15:00:00,22.7,248.0,31.9,1.0,4.2
2026-05-04 16:00:00,22.6,272.0,33.6,1.6,4.8
2026-05-04 17:00:00,22.0,277.0,33.5,1.4,3.7
2026-05-04 18:00:00,21.8,272.0,34.8,1.0,3.4
2026-05-04 19:00:00,21.2,264.0,35.9,1.3,6.6
2026-05-04 20:00:00,20.0,236.0,34.0,2.0,7.7
2026-05-04 21:00:00,19.0,239.0,33.4,1.3,5.2
2026-05-04 22:00:00,18.4,246.0,40.3,1.0,4.3
2026-05-04 23:00:00,17.6,257.0,50.1,1.9,5.5
2026-05-05 00:00:00,17.0,256.0,55.8,1.4,5.0
2026-05-05 01:00:00,17.0,256.0,54.8,1.8,5.4
2026-05-05 02:00:00,16.6,267.0,57.5,1.8,5.7
2026-05-05 03:00:00,16.6,281.0,55.0,1.0,2.7
2026-05-05 04:00:00,16.6,273.0,54.6,0.8,2.3
2026-05-05 05:00:00,16.4,249.0,56.5,1.0,3.0
2026-05-05 06:00:00,15.1,235.0,69.0,1.5,4.1
2026-05-05 07:00:00,13.5,257.0,86.8,1.2,4.0
2026-05-05 08:00:00,13.4,4.0,95.3,0.7,2.7
2026-05-05 09:00:00,13.6,59.0,96.8,1.3,3.0
2026-05-05 10:00:00,13.6,353.0,96.0,0.7,2.4
2026-05-05 11:00:00,13.5,7.0,98.3,1.1,3.0
2026-05-05 12:00:00,14.1,45.0,97.0,1.3,3.1
2026-05-05 13:00:00,15.0,48.0,91.3,1.9,4.6
2026-05-05 14:00:00,15.0,73.0,89.7,2.1,5.1
2026-05-05 15:00:00,15.2,81.0,90.5,1.7,4.0
2026-05-05 16:00:00,14.5,76.0,97.0,2.4,4.6
2026-05-05 17:00:00,14.3,82.0,99.3,1.9,5.0
2026-05-05 18:00:00,14.3,79.0,99.3,1.9,3.8
2026-05-05 19:00:00,14.0,81.0,99.3,1.7,3.7
2026-05-05 20:00:00,14.0,106.0,99.4,1.6,4.1
2026-05-05 21:00:00,13.9,72.0,99.4,1.2,2.7
2026-05-05 22:00:00,13.9,52.0,99.4,1.0,2.0
2026-05-05 23:00:00,14.0,68.0,99.4,1.3,3.7
2026-05-06 00:00:00,14.0,91.0,99.4,1.3,3.4
2026-05-06 01:00:00,13.9,104.0,99.4,1.7,4.3
2026-05-06 02:00:00,13.7,86.0,99.4,1.6,3.9
2026-05-06 03:00:00,13.6,98.0,99.4,2.2,5.5
2026-05-06 04:00:00,13.6,98.0,99.4,2.2,4.5
2026-05-06 05:00:00,13.7,102.0,99.4,3.1,6.5
2026-05-06 06:00:00,13.6,88.0,99.4,2.9,7.0
2026-05-06 07:00:00,13.8,95.0,99.4,3.6,9.8
2026-05-06 08:00:00,14.0,93.0,99.4,4.3,11.0
2026-05-06 09:00:00,13.8,116.0,99.4,2.1,7.3
2026-05-06 10:00:00,14.7,98.0,99.4,4.3,9.9
2026-05-06 11:00:00,16.1,99.0,98.4,4.6,10.7
2026-05-06 12:00:00,17.9,101.0,83.0,4.7,10.3
2026-05-06 13:00:00,19.0,99.0,74.6,4.7,11.5
2026-05-06 14:00:00,19.5,105.0,72.1,4.2,9.2
2026-05-06 15:00:00,19.6,107.0,70.1,3.5,9.8
2026-05-06 16:00:00,17.6,358.0,64.2,2.4,8.7
2026-05-06 17:00:00,15.9,11.0,67.0,2.1,6.7
2026-05-06 18:00:00,15.3,4.0,71.2,0.7,2.8
2026-05-06 19:00:00,15.1,324.0,72.0,1.4,9.2
2026-05-06 20:00:00,15.1,33.0,66.5,1.6,4.4
2026-05-06 21:00:00,13.7,8.0,79.6,1.3,5.5
2026-05-06 22:00:00,13.3,338.0,80.6,0.8,3.1
2026-05-06 23:00:00,13.6,354.0,76.9,,3.2
2026-05-07 00:00:00,13.8,358.0,76.5,0.8,2.6
2026-05-07 01:00:00,13.5,266.0,78.6,0.4,2.4
2026-05-07 02:00:00,12.4,301.0,87.9,0.7,2.2
2026-05-07 03:00:00,12.5,346.0,85.7,1.4,4.7
2026-05-07 04:00:00,12.6,348.0,82.7,1.1,4.1
2026-05-07 05:00:00,12.0,350.0,93.4,0.6,2.4
2026-05-07 06:00:00,12.1,317.0,97.6,,1.6
2026-05-07 07:00:00,12.9,265.0,93.0,,2.2
2026-05-07 08:00:00,13.8,292.0,82.4,,1.9
2026-05-07 09:00:00,16.0,258.0,70.3,0.6,2.7
2026-05-07 10:00:00,18.6,243.0,56.6,0.6,3.6
2026-05-07 11:00:00,19.1,249.0,54.8,1.4,5.4
2026-05-07 12:00:00,20.2,243.0,51.4,1.8,5.2
2026-05-07 13:00:00,21.2,234.0,46.9,1.4,4.6
2026-05-07 14:00:00,21.6,235.0,44.2,1.7,5.1
2026-05-07 15:00:00,21.6,223.0,41.1,0.8,4.2
2026-05-07 16:00:00,21.4,199.0,43.1,1.1,4.2
2026-05-07 17:00:00,21.2,243.0,42.5,1.1,4.5
2026-05-07 18:00:00,20.9,209.0,43.8,1.0,3.3
2026-05-07 19:00:00,20.1,203.0,46.2,1.0,3.3
2026-05-07 20:00:00,19.0,201.0,51.5,0.8,1.6
2026-05-07 21:00:00,18.4,223.0,58.0,0.8,4.1
2026-05-07 22:00:00,17.5,232.0,64.9,0.7,2.5
2026-05-07 23:00:00,16.4,334.0,71.4,0.4,1.3
2026-05-08 00:00:00,15.6,336.0,75.8,,1.1
2026-05-08 01:00:00,15.2,35.0,77.1,0.6,3.9
2026-05-08 02:00:00,15.1,66.0,74.4,1.5,3.3
2026-05-08 03:00:00,14.9,68.0,74.1,1.8,3.7
2026-05-08 04:00:00,14.8,62.0,73.4,1.5,3.0
2026-05-08 05:00:00,14.4,68.0,74.3,,2.5
2026-05-08 06:00:00,15.0,65.0,72.9,0.8,2.2
2026-05-08 07:00:00,15.6,122.0,71.9,1.8,4.3
2026-05-08 08:00:00,16.7,100.0,71.4,1.4,4.3
2026-05-08 09:00:00,18.3,93.0,63.2,2.1,5.0
2026-05-08 10:00:00,19.7,98.0,58.5,2.2,5.5
2026-05-08 11:00:00,20.9,100.0,54.8,2.2,5.4
2026-05-08 12:00:00,20.9,124.0,55.9,1.2,4.2
2026-05-08 13:00:00,21.7,107.0,51.5,1.0,4.4
2026-05-08 14:00:00,21.7,102.0,49.2,1.2,5.4
2026-05-08 15:00:00,21.8,124.0,48.5,0.8,3.3
2026-05-08 16:00:00,21.2,285.0,49.9,1.0,6.4
2026-05-08 17:00:00,20.1,334.0,51.9,1.5,6.1
2026-05-08 18:00:00,18.9,319.0,52.9,0.8,2.1
2026-05-08 19:00:00,18.4,305.0,55.4,0.7,1.6
2026-05-08 20:00:00,17.5,295.0,61.4,0.8,1.5
2026-05-08 21:00:00,16.9,291.0,66.4,0.4,0.8
2026-05-08 22:00:00,16.5,311.0,69.9,0.8,1.7
2026-05-08 23:00:00,15.8,324.0,73.9,0.6,1.6
2026-05-09 00:00:00,15.1,340.0,76.9,0.4,1.2
2026-05-09 01:00:00,14.6,301.0,79.0,0.7,1.5
2026-05-09 02:00:00,14.0,303.0,79.2,0.7,1.6
2026-05-09 03:00:00,13.6,5.0,79.3,0.8,2.3
2026-05-09 04:00:00,13.3,316.0,80.8,,0.9
2026-05-09 05:00:00,13.4,341.0,81.8,,1.0
2026-05-09 06:00:00,14.0,301.0,78.4,0.7,1.4
2026-05-09 07:00:00,15.7,315.0,72.8,,1.2
2026-05-09 08:00:00,18.1,78.0,61.5,0.6,2.3
2026-05-09 09:00:00,19.8,88.0,54.7,0.7,2.5
2026-05-09 10:00:00,22.4,271.0,44.9,0.2,2.4
2026-05-09 11:00:00,23.1,264.0,41.7,0.3,3.1
2026-05-09 12:00:00,24.1,137.0,38.9,1.1,4.0
2026-05-09 13:00:00,24.6,205.0,37.0,0.9,4.6
2026-05-09 14:00:00,24.6,213.0,36.7,1.2,5.0
2026-05-09 15:00:00,24.8,218.0,32.9,1.1,5.1
2026-05-09 16:00:00,24.6,214.0,31.4,0.8,5.8
2026-05-09 17:00:00,24.4,198.0,32.0,1.0,3.8
2026-05-09 18:00:00,23.7,191.0,35.9,1.1,3.1
2026-05-09 19:00:00,23.0,229.0,38.2,0.7,2.6
2026-05-09 20:00:00,21.7,232.0,41.6,0.4,1.3
2026-05-09 21:00:00,21.0,157.0,46.1,,1.7
2026-05-09 22:00:00,20.9,202.0,51.3,0.9,2.5
2026-05-09 23:00:00,20.5,42.0,54.7,1.0,3.2
2026-05-10 00:00:00,19.9,60.0,54.6,1.7,3.7
2026-05-10 01:00:00,19.2,69.0,54.9,1.9,3.7
2026-05-10 02:00:00,18.7,68.0,56.5,1.8,3.7
2026-05-10 03:00:00,17.8,79.0,63.7,1.4,3.9
2026-05-10 04:00:00,17.5,67.0,64.2,1.7,3.7
2026-05-10 05:00:00,17.7,110.0,61.1,1.5,4.0
2026-05-10 06:00:00,16.9,187.0,69.2,0.9,4.0
2026-05-10 07:00:00,16.4,230.0,73.9,0.6,3.5
2026-05-10 08:00:00,16.3,351.0,77.7,,1.7
2026-05-10 09:00:00,15.1,329.0,90.8,0.5,1.9
2026-05-10 10:00:00,15.2,40.0,96.1,0.8,2.7
2026-05-10 11:00:00,14.8,28.0,97.1,0.9,2.6
2026-05-10 12:00:00,14.8,35.0,95.4,1.7,4.9
2026-05-10 13:00:00,14.8,6.0,90.9,1.5,4.8
2026-05-10 14:00:00,16.0,20.0,83.6,0.7,3.3
2026-05-10 15:00:00,16.9,45.0,74.6,1.5,4.3
2026-05-10 16:00:00,16.7,62.0,74.5,1.4,3.5
2026-05-10 17:00:00,15.7,54.0,83.6,1.5,3.1
2026-05-10 18:00:00,15.5,43.0,88.2,1.3,3.0
2026-05-10 19:00:00,15.5,34.0,88.9,1.4,3.7
2026-05-10 20:00:00,15.2,47.0,86.7,1.0,2.6
2026-05-10 21:00:00,15.2,39.0,87.5,0.8,2.8
2026-05-10 22:00:00,15.2,44.0,84.0,0.7,2.1
2026-05-10 23:00:00,15.1,53.0,86.5,0.8,2.0
2026-05-11 00:00:00,14.7,39.0,91.3,,1.0
2026-05-11 01:00:00,14.0,334.0,98.2,0.4,1.0
2026-05-11 02:00:00,13.8,62.0,99.3,0.7,1.5
2026-05-11 03:00:00,13.7,65.0,99.4,1.2,2.6
2026-05-11 04:00:00,13.8,75.0,99.4,1.0,2.8
2026-05-11 05:00:00,13.9,101.0,99.4,1.7,3.8
2026-05-11 06:00:00,14.3,99.0,99.4,1.5,4.0
2026-05-11 07:00:00,14.7,106.0,99.4,1.8,4.3
2026-05-11 08:00:00,15.1,114.0,99.3,1.5,3.9
2026-05-11 09:00:00,16.2,123.0,93.1,1.1,2.9
2026-05-11 10:00:00,17.4,150.0,79.9,0.8,4.2
2026-05-11 11:00:00,19.5,194.0,66.2,1.8,5.7
2026-05-11 12:00:00,20.9,191.0,58.6,1.5,5.9
2026-05-11 13:00:00,21.3,230.0,57.5,1.6,6.4
2026-05-11 14:00:00,21.4,233.0,58.0,2.2,7.9
2026-05-11 15:00:00,21.9,264.0,55.3,2.4,7.1
2026-05-11 16:00:00,20.6,324.0,53.5,1.9,6.4
2026-05-11 17:00:00,20.4,353.0,47.0,2.2,5.6
2026-05-11 18:00:00,19.4,353.0,49.3,0.9,3.4
2026-05-11 19:00:00,18.9,71.0,50.4,0.8,2.0
2026-05-11 20:00:00,18.1,86.0,52.9,0.7,2.5
2026-05-11 21:00:00,17.5,59.0,60.4,1.1,2.7
2026-05-11 22:00:00,16.6,73.0,62.3,1.4,3.3
2026-05-11 23:00:00,15.7,44.0,65.5,0.7,1.9
2026-05-12 00:00:00,14.9,354.0,68.3,0.6,2.1
2026-05-12 01:00:00,14.1,343.0,70.9,0.6,2.4
2026-05-12 02:00:00,13.6,311.0,72.8,0.9,1.9
2026-05-12 03:00:00,13.2,306.0,73.3,0.8,2.0
2026-05-12 04:00:00,13.0,266.0,75.7,0.7,2.0
2026-05-12 05:00:00,13.2,277.0,75.5,0.9,2.9
2026-05-12 06:00:00,13.9,270.0,71.4,0.8,2.6
2026-05-12 07:00:00,15.8,266.0,60.4,1.0,4.8
2026-05-12 08:00:00,19.3,334.0,29.1,2.2,11.3
2026-05-12 09:00:00,20.3,338.0,18.3,3.0,12.4
2026-05-12 10:00:00,21.2,349.0,16.1,4.0,14.9
2026-05-12 11:00:00,21.2,359.0,17.0,4.1,13.8
2026-05-12 12:00:00,21.4,357.0,17.5,3.9,11.8
2026-05-12 13:00:00,21.2,13.0,16.7,4.3,12.2
2026-05-12 14:00:00,20.8,5.0,15.6,4.1,11.8
2026-05-12 15:00:00,20.7,9.0,14.4,4.2,11.1
2026-05-12 16:00:00,20.5,5.0,14.1,3.6,12.0
2026-05-12 17:00:00,20.0,3.0,14.5,3.2,9.9
2026-05-12 18:00:00,19.4,2.0,15.8,3.1,9.3
2026-05-12 19:00:00,18.3,2.0,17.9,2.2,6.4
2026-05-12 20:00:00,17.0,9.0,19.8,1.9,4.7
2026-05-12 21:00:00,16.2,42.0,22.4,1.7,5.5
2026-05-12 22:00:00,15.9,73.0,40.3,2.9,7.5
2026-05-12 23:00:00,15.0,77.0,56.5,3.4,7.6
2026-05-13 00:00:00,14.6,64.0,55.5,3.6,6.9
2026-05-13 01:00:00,14.2,73.0,55.4,3.0,7.3
2026-05-13 02:00:00,14.0,67.0,52.8,3.1,7.2
2026-05-13 03:00:00,13.6,85.0,51.6,2.4,6.2
2026-05-13 04:00:00,13.2,58.0,55.3,2.0,4.8
2026-05-13 05:00:00,13.3,48.0,51.7,2.2,5.5
2026-05-13 06:00:00,14.0,58.0,46.4,2.2,4.8
2026-05-13 07:00:00,14.8,63.0,43.6,2.4,6.1
2026-05-13 08:00:00,15.9,90.0,44.1,3.2,8.6
2026-05-13 09:00:00,16.6,96.0,43.3,3.2,7.5
2026-05-13 10:00:00,18.2,97.0,35.8,2.7,7.2
2026-05-13 11:00:00,19.3,105.0,32.7,2.3,7.1
2026-05-13 12:00:00,18.9,86.0,35.0,1.8,5.5
2026-05-13 13:00:00,19.4,102.0,36.0,1.0,5.8
2026-05-13 14:00:00,19.5,84.0,36.1,1.2,4.7
2026-05-13 15:00:00,19.1,136.0,38.4,1.2,5.3
2026-05-13 16:00:00,18.9,136.0,39.8,1.4,6.2
2026-05-13 17:00:00,19.1,190.0,39.3,1.2,5.3
2026-05-13 18:00:00,19.0,122.0,38.8,1.0,3.4
2026-05-13 19:00:00,18.4,166.0,41.1,0.7,2.8
2026-05-13 20:00:00,17.7,142.0,46.0,1.1,2.6
2026-05-13 21:00:00,16.9,136.0,49.4,0.6,1.6
2026-05-13 22:00:00,17.1,136.0,49.7,0.8,2.0
2026-05-13 23:00:00,16.8,126.0,50.3,1.0,2.2
2026-05-14 00:00:00,16.7,196.0,54.8,0.6,3.1
2026-05-14 01:00:00,15.6,333.0,63.3,0.3,1.9
2026-05-14 02:00:00,14.7,59.0,61.9,1.1,2.4
2026-05-14 03:00:00,14.3,68.0,66.0,1.6,3.1
2026-05-14 04:00:00,13.6,82.0,72.5,1.8,3.9
2026-05-14 05:00:00,13.3,86.0,75.2,2.0,4.4
2026-05-14 06:00:00,13.8,96.0,71.3,2.0,5.3
2026-05-14 07:00:00,14.5,107.0,67.6,2.1,5.2
2026-05-14 08:00:00,15.3,114.0,65.2,2.0,4.9
2026-05-14 09:00:00,16.8,111.0,60.1,1.8,4.8
2026-05-14 10:00:00,18.0,158.0,55.9,1.2,5.2
2026-05-14 11:00:00,19.3,155.0,49.9,1.4,5.3
2026-05-14 12:00:00,18.9,292.0,47.8,0.5,7.7
2026-05-14 13:00:00,16.3,3.0,48.1,3.5,7.9
2026-05-14 14:00:00,17.3,358.0,45.8,2.5,7.2
2026-05-14 15:00:00,16.7,34.0,49.2,1.4,5.6
2026-05-14 16:00:00,14.8,95.0,71.3,4.0,9.7
2026-05-14 17:00:00,15.0,77.0,64.6,4.1,8.3
2026-05-14 18:00:00,14.2,90.0,67.4,4.2,10.0
2026-05-14 19:00:00,13.3,98.0,73.7,2.2,8.6
2026-05-14 20:00:00,11.6,303.0,92.6,1.4,6.0
2026-05-14 21:00:00,10.0,76.0,98.5,3.0,9.6
2026-05-14 22:00:00,10.0,45.0,98.6,0.9,5.2
2026-05-14 23:00:00,9.9,256.0,98.5,,1.6
2026-05-15 00:00:00,9.7,342.0,99.3,0.5,1.4
2026-05-15 01:00:00,9.6,20.0,99.4,0.6,2.1
2026-05-15 02:00:00,9.8,101.0,99.4,1.2,3.8
2026-05-15 03:00:00,9.9,60.0,98.9,1.0,2.2
2026-05-15 04:00:00,9.9,36.0,96.9,0.8,2.0
2026-05-15 05:00:00,10.0,16.0,95.3,1.2,3.1
2026-05-15 06:00:00,10.3,60.0,90.2,1.3,3.6
2026-05-15 07:00:00,10.5,79.0,86.1,1.1,2.7
2026-05-15 08:00:00,10.1,89.0,93.2,0.4,2.0
2026-05-15 09:00:00,10.3,67.0,98.7,1.5,3.5
2026-05-15 10:00:00,10.2,98.0,99.3,1.7,4.5
2026-05-15 11:00:00,10.0,74.0,99.4,1.2,3.1
2026-05-15 12:00:00,10.3,68.0,99.4,2.9,7.4
2026-05-15 13:00:00,11.7,74.0,92.4,2.7,6.5
2026-05-15 14:00:00,12.5,74.0,78.2,1.6,4.8
2026-05-15 15:00:00,12.3,107.0,77.9,2.2,4.5
2026-05-15 16:00:00,12.6,87.0,75.3,1.7,4.4
2026-05-15 17:00:00,13.2,101.0,69.1,1.1,3.1
2026-05-15 18:00:00,12.5,125.0,71.2,2.0,5.0
2026-05-15 19:00:00,12.0,132.0,74.1,1.2,3.8
2026-05-15 20:00:00,12.0,213.0,77.2,0.7,2.5
2026-05-15 21:00:00,12.0,264.0,78.9,0.9,2.3
2026-05-15 22:00:00,11.9,256.0,79.4,,1.6
2026-05-15 23:00:00,11.9,279.0,79.8,0.6,1.4
2026-05-16 00:00:00,11.7,275.0,81.6,0.7,1.8
2026-05-16 01:00:00,11.4,289.0,86.2,,1.5
2026-05-16 02:00:00,11.2,266.0,90.3,0.8,1.9
2026-05-16 03:00:00,10.8,264.0,92.7,0.9,2.4
2026-05-16 04:00:00,10.6,242.0,92.8,0.5,1.6
2026-05-16 05:00:00,10.7,257.0,92.6,0.8,2.7
2026-05-16 06:00:00,10.5,261.0,93.5,1.1,3.0
2026-05-16 07:00:00,10.9,248.0,89.1,1.3,4.1
2026-05-16 08:00:00,11.5,220.0,84.3,0.9,3.1
2026-05-16 09:00:00,13.5,244.0,71.8,1.4,4.5
2026-05-16 10:00:00,14.6,221.0,67.6,1.1,3.1
2026-05-16 11:00:00,15.9,181.0,66.2,1.3,4.0
2026-05-16 12:00:00,19.1,168.0,52.6,1.4,5.3
2026-05-16 13:00:00,20.8,165.0,36.8,1.0,3.9
2026-05-16 14:00:00,21.8,273.0,20.5,1.4,6.3
2026-05-16 15:00:00,21.9,317.0,18.5,1.4,5.7
2026-05-16 16:00:00,21.4,340.0,17.4,1.7,5.1
2026-05-16 17:00:00,20.6,55.0,26.3,2.4,7.0
2026-05-16 18:00:00,19.7,78.0,31.0,1.9,4.4
2026-05-16 19:00:00,18.9,49.0,30.5,1.2,3.1
2026-05-16 20:00:00,17.6,11.0,33.9,0.9,3.2
2026-05-16 21:00:00,16.7,1.0,28.2,1.4,5.5
2026-05-16 22:00:00,15.4,356.0,31.4,1.2,3.2
2026-05-16 23:00:00,14.5,350.0,35.2,0.6,2.1
2026-05-17 00:00:00,14.4,326.0,35.8,0.6,1.6
2026-05-17 01:00:00,14.1,306.0,35.9,0.7,2.0
2026-05-17 02:00:00,12.9,224.0,42.2,,1.2
2026-05-17 03:00:00,12.2,176.0,49.3,,1.2
2026-05-17 04:00:00,11.7,48.0,55.4,0.6,1.1
2026-05-17 05:00:00,12.3,55.0,54.8,,0.9
2026-05-17 06:00:00,12.9,66.0,54.7,,1.3
2026-05-17 07:00:00,14.2,110.0,48.4,0.7,3.1
2026-05-17 08:00:00,16.4,110.0,38.1,1.8,4.1
2026-05-17 09:00:00,17.6,78.0,32.9,,3.2
2026-05-17 10:00:00,20.3,96.0,26.3,1.8,6.4
2026-05-17 11:00:00,21.2,117.0,28.0,2.1,6.0
2026-05-17 12:00:00,21.3,130.0,28.5,1.8,6.3
2026-05-17 13:00:00,21.4,165.0,27.4,0.9,6.8
2026-05-17 14:00:00,21.7,170.0,27.7,1.0,6.1
2026-05-17 15:00:00,21.6,232.0,26.8,1.0,5.0
2026-05-17 16:00:00,21.5,228.0,27.2,1.3,4.8
2026-05-17 17:00:00,21.4,245.0,29.4,1.2,4.9
2026-05-17 18:00:00,21.2,248.0,31.3,1.2,4.9
2026-05-17 19:00:00,20.4,203.0,33.3,2.4,6.1
2026-05-17 20:00:00,19.1,201.0,36.3,2.4,6.2
2026-05-17 21:00:00,17.9,212.0,39.0,2.1,5.4
2026-05-17 22:00:00,17.1,229.0,39.6,1.6,5.4
2026-05-17 23:00:00,16.2,259.0,45.4,1.2,3.8
2026-05-18 00:00:00,15.1,295.0,51.3,1.3,3.1
2026-05-18 01:00:00,14.4,308.0,55.1,0.9,2.2
2026-05-18 02:00:00,14.3,293.0,56.2,1.1,2.3
2026-05-18 03:00:00,14.2,279.0,55.7,0.6,1.6
2026-05-18 04:00:00,13.8,272.0,58.4,0.8,1.6
2026-05-18 05:00:00,13.8,310.0,60.8,0.7,1.6
2026-05-18 06:00:00,14.4,3.0,60.4,0.5,1.4
2026-05-18 07:00:00,15.7,102.0,56.4,,2.6
2026-05-18 08:00:00,16.9,96.0,48.9,,2.6
2026-05-18 09:00:00,18.3,228.0,44.2,,3.4
2026-05-18 10:00:00,19.5,250.0,38.3,,3.6
2026-05-18 11:00:00,20.7,248.0,34.3,0.4,4.0
2026-05-18 12:00:00,21.7,194.0,30.2,0.7,3.7
2026-05-18 13:00:00,22.1,141.0,28.9,1.2,4.4
2026-05-18 14:00:00,22.2,171.0,32.5,1.2,4.8
2026-05-18 15:00:00,22.0,168.0,35.0,0.9,5.1
2026-05-18 16:00:00,21.4,207.0,37.6,1.2,4.1
2026-05-18 17:00:00,18.8,222.0,51.7,3.1,11.4
2026-05-18 18:00:00,15.3,258.0,77.3,1.7,5.5
2026-05-18 19:00:00,14.4,296.0,85.7,1.4,3.4
2026-05-18 20:00:00,14.5,290.0,80.8,1.3,3.2
2026-05-18 21:00:00,14.7,253.0,77.4,1.1,3.3
2026-05-18 22:00:00,14.5,261.0,75.9,0.9,2.4
2026-05-18 23:00:00,14.3,267.0,75.6,0.7,2.5
2026-05-19 00:00:00,13.7,235.0,80.0,0.6,1.6
2026-05-19 01:00:00,13.6,254.0,81.8,,1.6
2026-05-19 02:00:00,13.2,354.0,85.7,0.4,1.1
2026-05-19 03:00:00,12.8,22.0,89.3,,1.0
2026-05-19 04:00:00,12.7,55.0,90.8,0.7,1.7
2026-05-19 05:00:00,12.7,54.0,91.5,0.6,1.5
2026-05-19 06:00:00,13.6,73.0,88.4,0.9,2.2
2026-05-19 07:00:00,14.9,89.0,82.3,1.5,3.1
2026-05-19 08:00:00,16.3,103.0,71.9,0.6,1.9
2026-05-19 09:00:00,17.6,14.0,63.0,,2.0
2026-05-19 10:00:00,19.2,184.0,55.6,0.6,3.8
2026-05-19 11:00:00,20.6,199.0,47.9,0.7,3.6
2026-05-19 12:00:00,20.9,180.0,43.9,1.0,4.5
2026-05-19 13:00:00,21.8,181.0,41.5,1.0,4.9
2026-05-19 14:00:00,22.4,217.0,40.2,1.0,4.5
2026-05-19 15:00:00,22.5,260.0,37.3,1.2,4.5
2026-05-19 16:00:00,22.6,275.0,36.7,1.0,4.1
2026-05-19 17:00:00,22.5,254.0,37.3,1.3,4.7
2026-05-19 18:00:00,22.1,260.0,39.5,1.7,4.0
2026-05-19 19:00:00,21.5,261.0,39.9,1.8,4.7
2026-05-19 20:00:00,20.7,263.0,41.6,1.0,2.7
2026-05-19 21:00:00,19.8,267.0,44.9,0.6,1.5
2026-05-19 22:00:00,19.3,225.0,48.5,1.3,4.9
2026-05-19 23:00:00,18.3,219.0,52.3,1.2,3.3
2026-05-20 00:00:00,17.5,242.0,55.6,1.1,3.9
2026-05-20 01:00:00,16.5,250.0,60.8,1.1,3.3
2026-05-20 02:00:00,15.8,260.0,63.2,1.0,2.6
2026-05-20 03:00:00,15.4,286.0,65.4,0.7,2.1
2026-05-20 04:00:00,14.9,312.0,68.7,0.7,1.3
2026-05-20 05:00:00,14.8,239.0,70.9,,1.9
2026-05-20 06:00:00,16.1,219.0,65.7,0.9,2.5
2026-05-20 07:00:00,17.4,229.0,62.0,0.7,2.7
2026-05-20 08:00:00,18.5,224.0,59.2,0.7,2.7
2026-05-20 09:00:00,19.9,211.0,56.9,1.1,2.9
2026-05-20 10:00:00,21.5,246.0,51.1,1.0,3.8
2026-05-20 11:00:00,23.1,218.0,41.7,0.8,3.8
2026-05-20 12:00:00,24.3,260.0,39.6,1.3,4.9
2026-05-20 13:00:00,25.2,256.0,37.5,1.0,4.3
2026-05-20 14:00:00,25.6,246.0,36.1,1.5,5.1
2026-05-20 15:00:00,25.8,231.0,35.5,1.8,6.1
2026-05-20 16:00:00,25.6,246.0,34.3,1.8,6.6
2026-05-20 17:00:00,25.7,241.0,32.8,1.6,4.9
2026-05-20 18:00:00,25.3,239.0,34.4,1.6,4.2
2026-05-20 19:00:00,24.6,231.0,35.3,1.0,3.4
2026-05-20 20:00:00,23.3,214.0,38.1,0.1,2.1
2026-05-20 21:00:00,22.1,95.0,46.3,1.9,6.1
2026-05-20 22:00:00,20.9,93.0,54.1,2.1,5.2
2026-05-20 23:00:00,19.7,67.0,60.2,1.5,3.1
2026-05-21 00:00:00,18.8,76.0,65.3,,1.9
2026-05-21 01:00:00,18.1,332.0,68.6,0.5,1.4
2026-05-21 02:00:00,17.5,349.0,70.2,0.6,1.9
2026-05-21 03:00:00,16.9,313.0,70.7,,0.9
2026-05-21 04:00:00,16.4,77.0,72.6,0.5,1.8
2026-05-21 05:00:00,16.5,88.0,74.2,0.6,1.5
2026-05-21 06:00:00,17.6,68.0,66.9,1.1,2.3
2026-05-21 07:00:00,19.1,87.0,61.8,0.6,2.6
2026-05-21 08:00:00,20.9,186.0,55.0,,2.0
2026-05-21 09:00:00,22.1,150.0,50.4,0.4,2.2
2026-05-21 10:00:00,24.7,156.0,43.4,,2.8
2026-05-21 11:00:00,25.7,248.0,39.1,0.9,4.2
2026-05-21 12:00:00,27.1,162.0,35.0,0.8,3.8
2026-05-21 13:00:00,28.0,240.0,32.0,1.0,4.2
2026-05-21 14:00:00,27.9,245.0,31.3,0.6,4.2
2026-05-21 15:00:00,28.1,191.0,30.7,0.7,3.9
2026-05-21 16:00:00,27.8,174.0,30.8,0.9,3.8
2026-05-21 17:00:00,27.4,144.0,31.0,0.9,4.6
2026-05-21 18:00:00,26.9,129.0,31.3,2.0,5.2
2026-05-21 19:00:00,26.0,114.0,34.5,2.0,4.1
2026-05-21 20:00:00,24.8,116.0,37.7,1.6,3.6
2026-05-21 21:00:00,23.6,104.0,40.8,1.1,2.4
2026-05-21 22:00:00,22.5,69.0,45.0,1.2,2.1
2026-05-21 23:00:00,21.9,64.0,47.7,1.8,3.2
2026-05-22 00:00:00,21.3,56.0,50.7,1.6,3.6
2026-05-22 01:00:00,20.4,53.0,54.1,1.1,2.3
2026-05-22 02:00:00,19.6,44.0,57.0,1.2,2.5
2026-05-22 03:00:00,18.9,30.0,60.7,0.5,1.6
2026-05-22 04:00:00,18.3,360.0,62.6,0.4,1.2
2026-05-22 05:00:00,18.0,356.0,64.7,0.6,1.6
2026-05-22 06:00:00,19.0,351.0,62.5,,1.2
2026-05-22 07:00:00,21.3,82.0,54.9,0.7,2.2
2026-05-22 08:00:00,23.9,97.0,45.6,2.0,5.0
2026-05-22 09:00:00,24.8,111.0,43.6,1.9,4.9
2026-05-22 10:00:00,27.0,111.0,37.8,1.6,4.4
2026-05-22 11:00:00,28.3,116.0,32.6,1.1,3.8
2026-05-22 12:00:00,28.5,131.0,31.2,1.1,4.8
2026-05-22 13:00:00,28.9,140.0,30.8,1.1,4.7
2026-05-22 14:00:00,28.9,144.0,31.6,0.8,5.2
2026-05-22 15:00:00,28.7,123.0,31.9,0.9,5.5
2026-05-22 16:00:00,28.4,140.0,32.4,1.3,5.1
2026-05-22 17:00:00,28.1,126.0,33.5,1.9,4.8
2026-05-22 18:00:00,27.5,116.0,35.1,2.7,6.4
2026-05-22 19:00:00,26.5,118.0,37.4,2.6,5.2
2026-05-22 20:00:00,25.5,104.0,39.3,1.9,4.7
2026-05-22 21:00:00,24.6,84.0,42.8,1.8,4.0
2026-05-22 22:00:00,23.8,101.0,45.4,1.7,4.1
2026-05-22 23:00:00,22.8,66.0,48.6,1.3,2.5
2026-05-23 00:00:00,22.3,60.0,50.7,1.5,2.8
2026-05-23 01:00:00,21.6,64.0,53.4,1.4,2.6
2026-05-23 02:00:00,21.3,54.0,54.0,1.3,2.8
2026-05-23 03:00:00,20.5,31.0,57.4,0.8,2.2
2026-05-23 04:00:00,20.1,5.0,60.1,0.7,1.9
2026-05-23 05:00:00,20.2,3.0,60.6,0.9,2.4
2026-05-23 06:00:00,20.6,5.0,60.9,0.9,2.5
2026-05-23 07:00:00,22.2,2.0,56.4,0.9,2.1
2026-05-23 08:00:00,24.4,85.0,45.5,0.6,2.9
2026-05-23 09:00:00,25.6,117.0,39.1,0.9,3.6
2026-05-23 10:00:00,27.7,97.0,34.0,0.5,3.6
2026-05-23 11:00:00,28.8,93.0,32.2,0.2,3.3
2026-05-23 12:00:00,29.1,170.0,32.2,0.7,3.7
2026-05-23 13:00:00,29.6,204.0,31.9,1.0,4.0
2026-05-23 14:00:00,29.9,193.0,31.5,0.7,5.9
2026-05-23 15:00:00,29.8,155.0,32.4,1.1,4.5
2026-05-23 16:00:00,29.4,136.0,33.1,1.6,4.7
2026-05-23 17:00:00,29.2,147.0,34.2,1.4,4.3
2026-05-23 18:00:00,28.6,126.0,36.8,1.9,4.5
2026-05-23 19:00:00,27.9,122.0,38.3,2.2,4.9
2026-05-23 20:00:00,26.8,117.0,42.2,2.2,5.1
2026-05-23 21:00:00,25.8,107.0,44.9,1.5,3.4
2026-05-23 22:00:00,25.3,96.0,46.5,1.7,4.1
2026-05-23 23:00:00,24.5,83.0,48.4,1.4,3.5
2026-05-24 00:00:00,23.7,51.0,51.2,1.1,2.4
2026-05-24 01:00:00,23.0,51.0,55.0,1.1,2.4
2026-05-24 02:00:00,22.5,59.0,57.1,1.2,2.0
2026-05-24 03:00:00,21.9,43.0,59.4,1.0,2.6
2026-05-24 04:00:00,21.1,10.0,63.4,0.5,1.6
2026-05-24 05:00:00,20.7,333.0,66.2,,1.2
2026-05-24 06:00:00,21.4,4.0,65.5,0.8,2.7
2026-05-24 07:00:00,23.5,69.0,56.8,0.8,2.6
2026-05-24 08:00:00,25.7,86.0,48.1,1.2,3.1
2026-05-24 09:00:00,26.6,114.0,45.6,1.1,3.4
2026-05-24 10:00:00,28.6,114.0,38.5,1.1,4.4
2026-05-24 11:00:00,29.7,121.0,35.9,1.2,4.3
2026-05-24 12:00:00,31.1,94.0,32.7,0.9,3.9
2026-05-24 13:00:00,31.2,158.0,33.1,0.9,4.7
2026-05-24 14:00:00,31.3,127.0,32.8,0.8,4.8
2026-05-24 15:00:00,31.3,137.0,32.9,1.5,5.7
2026-05-24 16:00:00,31.0,120.0,32.9,2.1,6.5
2026-05-24 17:00:00,30.5,126.0,32.5,1.6,4.6
2026-05-24 18:00:00,30.0,123.0,32.6,2.0,6.0
2026-05-24 19:00:00,29.1,119.0,32.7,2.1,4.5
2026-05-24 20:00:00,28.1,134.0,34.4,1.0,2.8
2026-05-24 21:00:00,27.0,129.0,37.4,0.5,1.4
2026-05-24 22:00:00,26.0,28.0,42.7,,1.0
2026-05-24 23:00:00,24.9,4.0,48.1,0.6,1.3
2026-05-25 00:00:00,24.0,349.0,52.1,0.6,2.1
2026-05-25 01:00:00,23.3,334.0,56.8,0.4,1.4
2026-05-25 02:00:00,22.7,321.0,59.9,0.5,1.4
2026-05-25 03:00:00,22.1,316.0,61.5,,1.3
2026-05-25 04:00:00,21.6,316.0,61.7,0.6,1.4
2026-05-25 05:00:00,21.6,315.0,61.6,0.7,1.3
2026-05-25 06:00:00,22.6,295.0,59.2,0.4,1.0
2026-05-25 07:00:00,24.5,210.0,53.7,,1.9
2026-05-25 08:00:00,26.4,210.0,47.6,0.7,2.6
2026-05-25 09:00:00,27.8,220.0,44.9,0.9,2.9
2026-05-25 10:00:00,30.3,225.0,33.7,0.5,2.5
2026-05-25 11:00:00,32.0,267.0,26.9,0.5,3.7
2026-05-25 12:00:00,32.6,202.0,27.7,1.2,4.5
2026-05-25 13:00:00,32.9,242.0,26.1,1.1,5.2
2026-05-25 14:00:00,33.4,251.0,24.7,0.9,4.6
2026-05-25 15:00:00,33.2,222.0,24.2,1.0,4.3
2026-05-25 16:00:00,32.9,235.0,23.8,0.8,3.8
2026-05-25 17:00:00,32.7,238.0,24.2,0.8,4.2
2026-05-25 18:00:00,32.2,198.0,23.6,1.0,3.6
2026-05-25 19:00:00,31.4,181.0,23.9,1.0,3.1
2026-05-25 20:00:00,29.7,166.0,27.8,0.5,1.6
2026-05-25 21:00:00,28.8,192.0,30.8,0.5,1.5
2026-05-25 22:00:00,27.6,336.0,36.4,,2.0
2026-05-25 23:00:00,26.8,221.0,38.9,,1.9
2026-05-26 00:00:00,25.7,4.0,44.0,,1.3
2026-05-26 01:00:00,24.8,67.0,49.3,0.9,1.7
2026-05-26 02:00:00,24.1,55.0,52.4,1.0,1.6
2026-05-26 03:00:00,23.4,45.0,55.1,,1.3
2026-05-26 04:00:00,22.9,1.0,57.3,0.4,1.0
2026-05-26 05:00:00,22.8,32.0,58.5,,0.8
2026-05-26 06:00:00,24.0,90.0,54.9,0.4,1.8
2026-05-26 07:00:00,25.8,101.0,47.5,0.9,2.3
2026-05-26 08:00:00,27.7,91.0,42.0,0.7,2.0
2026-05-26 09:00:00,28.8,73.0,39.1,0.8,3.7
2026-05-26 10:00:00,31.2,111.0,34.2,0.6,3.3
2026-05-26 11:00:00,32.5,173.0,29.3,0.6,3.1
2026-05-26 12:00:00,33.4,231.0,26.1,0.9,4.6
2026-05-26 13:00:00,34.0,243.0,25.3,1.3,4.4
2026-05-26 14:00:00,34.1,251.0,26.0,1.6,6.2
2026-05-26 15:00:00,33.8,246.0,24.3,1.7,5.2
2026-05-26 16:00:00,33.5,252.0,25.4,2.1,6.2
2026-05-26 17:00:00,33.2,255.0,26.9,1.8,5.6
2026-05-26 18:00:00,32.8,258.0,30.7,1.3,4.4
2026-05-26 19:00:00,32.0,241.0,30.1,1.1,3.5
2026-05-26 20:00:00,30.8,208.0,31.6,1.3,4.7
2026-05-26 21:00:00,29.7,212.0,31.1,1.4,4.2
2026-05-26 22:00:00,28.9,229.0,31.6,1.0,3.2
2026-05-26 23:00:00,27.4,272.0,35.0,1.1,2.6
2026-05-27 00:00:00,26.5,281.0,36.2,1.1,2.6
2026-05-27 01:00:00,25.8,284.0,39.4,0.8,2.1
2026-05-27 02:00:00,25.5,254.0,39.4,0.6,2.3
2026-05-27 03:00:00,24.9,325.0,42.1,0.6,1.8
2026-05-27 04:00:00,24.0,20.0,52.7,,1.1
2026-05-27 05:00:00,24.3,65.0,54.5,0.5,1.4
2026-05-27 06:00:00,25.5,109.0,44.5,1.0,2.8
2026-05-27 07:00:00,26.5,179.0,37.0,0.4,2.7
2026-05-27 08:00:00,27.6,194.0,35.8,0.6,3.4
2026-05-27 09:00:00,28.7,173.0,33.5,0.5,2.9
2026-05-27 10:00:00,30.5,187.0,30.7,0.9,3.9
2026-05-27 11:00:00,32.0,190.0,29.1,1.0,4.9
2026-05-27 12:00:00,33.2,204.0,28.4,1.0,5.0
2026-05-27 13:00:00,34.3,218.0,28.3,0.9,4.6
2026-05-27 14:00:00,34.6,239.0,27.6,1.6,5.2
2026-05-27 15:00:00,34.2,240.0,28.7,1.5,5.6
2026-05-27 16:00:00,34.1,265.0,28.3,1.5,5.3
2026-05-27 17:00:00,34.0,259.0,27.5,2.2,5.3
2026-05-27 18:00:00,33.3,258.0,29.2,1.7,5.4
2026-05-27 19:00:00,31.9,199.0,32.3,1.8,5.6
2026-05-27 20:00:00,30.1,211.0,33.5,1.8,5.4
2026-05-27 21:00:00,29.0,223.0,32.6,1.5,4.7
2026-05-27 22:00:00,28.2,243.0,33.3,1.2,4.2
2026-05-27 23:00:00,27.1,277.0,35.7,1.1,3.7
2026-05-28 00:00:00,26.6,256.0,36.9,1.2,3.6
2026-05-28 01:00:00,26.2,144.0,37.9,0.6,2.8
2026-05-28 02:00:00,25.6,65.0,39.5,0.3,2.0
2026-05-28 03:00:00,24.9,338.0,43.7,0.6,2.2
2026-05-28 04:00:00,24.6,7.0,45.1,,1.8
2026-05-28 05:00:00,24.7,11.0,46.9,,1.5
2026-05-28 06:00:00,25.1,68.0,49.8,,1.2
2026-05-28 07:00:00,26.3,90.0,51.1,0.6,1.6
2026-05-28 08:00:00,27.8,162.0,48.4,,3.2
2026-05-28 09:00:00,29.2,99.0,45.5,1.0,2.9
2026-05-28 10:00:00,30.9,137.0,37.5,,4.2
2026-05-28 11:00:00,31.9,197.0,35.4,0.5,3.0
2026-05-28 12:00:00,34.2,66.0,28.7,0.7,3.7
2026-05-28 13:00:00,34.3,114.0,28.0,1.3,5.1
2026-05-28 14:00:00,33.6,74.0,28.4,1.1,4.7
2026-05-28 15:00:00,33.6,217.0,29.7,0.7,4.1
2026-05-28 16:00:00,33.5,173.0,29.8,0.7,6.3
2026-05-28 17:00:00,33.2,145.0,32.1,2.0,5.8
2026-05-28 18:00:00,27.9,95.0,62.8,2.2,12.3
2026-05-28 19:00:00,21.4,89.0,93.9,3.2,10.3
2026-05-28 20:00:00,21.5,73.0,97.6,1.0,4.6
2026-05-28 21:00:00,21.4,323.0,98.9,1.1,3.6
2026-05-28 22:00:00,21.6,334.0,98.3,0.5,2.1
2026-05-28 23:00:00,21.9,292.0,93.0,1.1,4.1
2026-05-29 00:00:00,22.1,302.0,80.9,1.4,3.3
2026-05-29 01:00:00,22.4,237.0,73.1,0.6,3.0
2026-05-29 02:00:00,23.0,197.0,70.5,0.8,3.0
2026-05-29 03:00:00,22.7,191.0,69.8,1.3,5.0
2026-05-29 04:00:00,21.9,115.0,74.1,1.9,7.9
2026-05-29 05:00:00,22.0,100.0,75.9,2.8,6.4
2026-05-29 06:00:00,22.2,80.0,72.3,2.8,6.5
2026-05-29 07:00:00,22.9,68.0,70.1,2.2,5.5
2026-05-29 08:00:00,24.6,75.0,57.3,2.3,5.6
2026-05-29 09:00:00,25.8,91.0,50.2,2.8,6.8
2026-05-29 10:00:00,27.9,100.0,44.3,2.2,5.8
2026-05-29 11:00:00,28.3,109.0,42.3,1.8,6.3
2026-05-29 12:00:00,29.2,97.0,38.5,2.1,6.3
2026-05-29 13:00:00,29.5,117.0,38.7,2.3,7.2
2026-05-29 14:00:00,29.6,128.0,36.1,1.9,5.5
2026-05-29 15:00:00,29.9,109.0,35.1,1.4,5.2
2026-05-29 16:00:00,29.2,121.0,37.8,1.8,5.3
2026-05-29 17:00:00,28.9,98.0,37.9,1.9,5.2
2026-05-29 18:00:00,28.4,120.0,39.0,2.3,5.4
2026-05-29 19:00:00,27.6,115.0,44.7,2.5,5.4
2026-05-29 20:00:00,26.8,116.0,47.8,2.2,4.9
2026-05-29 21:00:00,26.2,111.0,51.9,1.7,3.6
2026-05-29 22:00:00,25.5,80.0,53.9,1.3,2.9
2026-05-29 23:00:00,25.0,66.0,55.1,1.6,3.2
2026-05-30 00:00:00,24.4,64.0,57.4,2.0,3.8
2026-05-30 01:00:00,23.7,82.0,57.8,1.7,3.7
2026-05-30 02:00:00,23.1,72.0,56.8,1.4,3.2
2026-05-30 03:00:00,22.7,73.0,55.8,1.4,2.9
2026-05-30 04:00:00,22.4,68.0,57.2,1.4,3.1
2026-05-30 05:00:00,22.1,67.0,59.7,1.4,2.6
2026-05-30 06:00:00,22.7,89.0,55.6,1.6,3.2
2026-05-30 07:00:00,24.1,72.0,47.9,1.5,3.8
2026-05-30 08:00:00,25.3,108.0,42.3,1.2,2.9
2026-05-30 09:00:00,27.0,89.0,39.2,1.2,3.8
2026-05-30 10:00:00,28.1,211.0,39.4,0.4,3.4
2026-05-30 11:00:00,29.1,136.0,39.0,0.6,5.0
2026-05-30 12:00:00,29.1,167.0,40.0,0.7,4.3
2026-05-30 13:00:00,29.6,172.0,41.0,0.9,3.7
2026-05-30 14:00:00,30.8,332.0,38.2,0.8,4.0
2026-05-30 15:00:00,30.4,320.0,37.3,0.7,3.5
2026-05-30 16:00:00,30.6,83.0,39.3,1.0,4.3
2026-05-30 17:00:00,30.2,182.0,40.7,1.3,5.1
2026-05-30 18:00:00,29.8,192.0,41.3,1.6,4.2
2026-05-30 19:00:00,29.2,230.0,42.3,1.3,4.5
2026-05-30 20:00:00,28.5,235.0,43.3,1.1,2.6
2026-05-30 21:00:00,27.6,239.0,46.7,0.7,2.4
2026-05-30 22:00:00,27.1,207.0,49.4,1.4,3.3
2026-05-30 23:00:00,26.2,231.0,51.3,1.0,3.2
2026-05-31 00:00:00,25.3,269.0,51.2,1.0,2.4
2026-05-31 01:00:00,24.5,278.0,52.6,1.1,2.7
2026-05-31 02:00:00,24.2,256.0,52.7,1.1,3.5
2026-05-31 03:00:00,23.9,242.0,51.4,1.3,3.8
2026-05-31 04:00:00,23.4,250.0,52.5,1.0,3.5
2026-05-31 05:00:00,23.2,261.0,55.7,1.0,2.9
2026-05-31 06:00:00,23.7,254.0,57.4,0.9,2.2
2026-05-31 07:00:00,25.0,216.0,53.5,0.6,2.1
2026-05-31 08:00:00,26.0,200.0,53.0,0.8,3.5
2026-05-31 09:00:00,27.0,211.0,52.9,1.0,3.7
2026-05-31 10:00:00,28.5,214.0,50.6,1.2,4.4
2026-05-31 11:00:00,29.8,204.0,47.5,1.0,4.6
2026-05-31 12:00:00,31.0,207.0,43.3,1.2,4.7
2026-05-31 13:00:00,32.0,252.0,37.3,1.5,5.1
2026-05-31 14:00:00,32.2,241.0,36.7,1.5,6.3
2026-05-31 15:00:00,32.3,243.0,36.1,2.1,7.4
2026-05-31 16:00:00,32.1,246.0,34.3,2.3,6.5
2026-05-31 17:00:00,31.4,212.0,37.4,2.4,8.1
2026-05-31 18:00:00,29.6,209.0,42.5,2.3,8.2
2026-05-31 19:00:00,28.2,222.0,44.6,2.4,7.8
2026-05-31 20:00:00,27.1,226.0,46.1,1.7,5.0
2026-05-31 21:00:00,26.3,264.0,49.2,1.8,7.2
2026-05-31 22:00:00,23.9,10.0,48.8,2.0,8.6
2026-05-31 23:00:00,24.3,245.0,48.3,1.5,5.4
2026-06-01 00:00:00,24.1,261.0,49.4,1.9,4.5
2026-06-01 01:00:00,24.1,237.0,50.3,1.1,3.7
2026-06-01 02:00:00,23.2,230.0,59.5,1.8,5.4
2026-06-01 03:00:00,22.4,245.0,61.6,1.5,4.7
2026-06-01 04:00:00,22.2,260.0,60.3,1.8,4.9
2026-06-01 05:00:00,22.2,292.0,61.6,0.8,3.1
2026-06-01 06:00:00,22.5,77.0,60.1,1.4,4.1
2026-06-01 07:00:00,22.9,79.0,61.2,2.1,4.4
2026-06-01 08:00:00,23.7,72.0,62.4,2.1,4.5
2026-06-01 09:00:00,25.3,79.0,61.7,1.8,4.9
2026-06-01 10:00:00,26.8,102.0,56.7,1.2,4.1
2026-06-01 11:00:00,29.0,,47.1,,3.5
2026-06-01 12:00:00,29.1,130.0,45.8,0.8,4.3
2026-06-01 13:00:00,30.1,118.0,42.2,1.3,4.1
2026-06-01 14:00:00,29.0,138.0,44.7,1.4,4.8
2026-06-01 15:00:00,29.7,,39.6,,4.8
2026-06-01 16:00:00,29.8,189.0,37.5,1.0,4.6
2026-06-01 17:00:00,30.0,172.0,33.8,1.2,4.3
2026-06-01 18:00:00,29.4,140.0,34.9,1.6,4.6
2026-06-01 19:00:00,28.5,118.0,44.5,2.9,6.9
2026-06-01 20:00:00,27.0,102.0,51.8,3.6,7.7
2026-06-01 21:00:00,26.1,99.0,53.8,3.7,9.7
2026-06-01 22:00:00,23.8,98.0,67.0,4.3,10.8
2026-06-01 23:00:00,22.8,102.0,64.4,3.4,7.3
2026-06-02 00:00:00,22.2,97.0,65.5,4.0,11.4
2026-06-02 01:00:00,21.5,100.0,70.7,4.6,11.8
2026-06-02 02:00:00,21.3,91.0,72.7,3.9,8.0
2026-06-02 03:00:00,21.1,100.0,73.4,3.8,7.3
2026-06-02 04:00:00,20.7,104.0,77.6,3.3,8.0
2026-06-02 05:00:00,20.5,99.0,79.9,3.1,6.5
2026-06-02 06:00:00,20.5,82.0,80.8,2.7,6.7
2026-06-02 07:00:00,19.9,84.0,91.0,2.8,6.7
2026-06-02 08:00:00,19.8,81.0,90.0,3.1,6.4
2026-06-02 09:00:00,19.3,89.0,97.7,3.7,8.5
2026-06-02 10:00:00,19.2,97.0,99.3,3.6,9.0
2026-06-02 11:00:00,17.6,15.0,99.3,3.7,11.2
2026-06-02 12:00:00,17.9,55.0,99.4,2.5,6.7
2026-06-02 13:00:00,18.1,67.0,99.4,2.5,5.7
2026-06-02 14:00:00,19.4,81.0,90.7,3.0,7.2
2026-06-02 15:00:00,19.0,90.0,89.1,3.2,6.6
2026-06-02 16:00:00,18.1,106.0,98.5,2.8,6.9
2026-06-02 17:00:00,18.1,107.0,99.1,3.2,10.0
2026-06-02 18:00:00,17.8,37.0,99.3,1.4,8.2
2026-06-02 19:00:00,17.5,39.0,99.3,2.8,6.6
2026-06-02 20:00:00,17.2,46.0,99.4,2.0,5.2
2026-06-02 21:00:00,17.0,344.0,99.4,1.6,6.8
2026-06-02 22:00:00,16.9,105.0,99.4,2.7,6.4
2026-06-02 23:00:00,16.5,79.0,99.4,1.0,4.1
2026-06-03 00:00:00,16.1,29.0,99.4,1.0,2.4
2026-06-03 01:00:00,16.0,360.0,99.4,0.5,1.8
2026-06-03 02:00:00,15.9,295.0,99.4,0.9,2.3
2026-06-03 03:00:00,15.9,267.0,99.4,0.8,2.1
2026-06-03 04:00:00,15.9,258.0,99.4,0.7,1.7
2026-06-03 05:00:00,15.9,254.0,99.4,1.0,3.2
2026-06-03 06:00:00,16.3,271.0,98.4,1.4,4.2
2026-06-03 07:00:00,18.4,271.0,81.5,1.9,4.6
2026-06-03 08:00:00,20.8,243.0,70.0,1.6,5.5
2026-06-03 09:00:00,22.4,257.0,58.3,2.5,5.7
2026-06-03 10:00:00,25.1,256.0,44.1,2.2,5.9
2026-06-03 11:00:00,27.1,278.0,33.1,2.3,6.7
2026-06-03 12:00:00,28.3,292.0,24.1,2.7,7.8
2026-06-03 13:00:00,28.9,293.0,22.7,2.0,6.3
2026-06-03 14:00:00,29.0,296.0,22.6,2.2,7.6
2026-06-03 15:00:00,28.8,283.0,22.5,1.7,6.0
2026-06-03 16:00:00,28.6,278.0,23.6,1.6,5.7
2026-06-03 17:00:00,28.1,294.0,24.1,1.4,5.5
2026-06-03 18:00:00,27.6,276.0,28.4,1.4,4.1
2026-06-03 19:00:00,27.0,290.0,29.8,1.4,3.2
2026-06-03 20:00:00,25.5,255.0,34.0,1.0,2.8
2026-06-03 21:00:00,24.3,252.0,39.2,0.6,2.6
2026-06-03 22:00:00,23.7,315.0,42.3,0.5,5.8
2026-06-03 23:00:00,21.0,78.0,66.4,3.4,7.6
2026-06-04 00:00:00,20.0,79.0,64.7,3.4,7.1
2026-06-04 01:00:00,19.7,82.0,63.3,2.4,5.6
2026-06-04 02:00:00,19.6,91.0,63.0,2.6,6.7
2026-06-04 03:00:00,19.2,85.0,64.1,2.3,6.0
2026-06-04 04:00:00,19.0,68.0,65.5,1.7,3.5
2026-06-04 05:00:00,19.1,71.0,64.8,1.3,3.0
2026-06-04 06:00:00,19.8,76.0,63.5,1.6,3.9
2026-06-04 07:00:00,20.8,79.0,58.9,2.2,7.2
2026-06-04 08:00:00,21.2,109.0,55.6,1.9,5.2
2026-06-04 09:00:00,22.6,87.0,51.1,2.6,5.6
2026-06-04 10:00:00,24.2,92.0,46.5,2.4,6.6
2026-06-04 11:00:00,25.2,94.0,46.8,2.7,6.7
2026-06-04 12:00:00,26.1,105.0,46.3,1.9,6.1
2026-06-04 13:00:00,25.8,138.0,44.0,0.8,5.6
2026-06-04 14:00:00,25.7,82.0,44.5,1.2,4.9
2026-06-04 15:00:00,25.9,102.0,43.8,2.5,6.0
2026-06-04 16:00:00,25.3,111.0,47.0,2.0,5.2
2026-06-04 17:00:00,24.9,134.0,48.8,1.8,6.4
2026-06-04 18:00:00,24.1,224.0,50.4,1.6,4.8
2026-06-04 19:00:00,23.4,244.0,53.4,1.5,5.0
2026-06-04 20:00:00,22.2,250.0,62.5,1.4,4.4
2026-06-04 21:00:00,22.3,229.0,58.3,1.5,4.2
2026-06-04 22:00:00,22.0,246.0,59.2,1.3,3.3
2026-06-04 23:00:00,19.6,257.0,80.2,1.6,5.0
2026-06-05 00:00:00,17.8,334.0,95.7,0.7,2.2
2026-06-05 01:00:00,17.4,1.0,99.2,1.3,3.6
2026-06-05 02:00:00,16.9,303.0,99.3,1.4,5.4
2026-06-05 03:00:00,15.3,317.0,99.3,1.5,5.2
2026-06-05 04:00:00,15.3,21.0,99.3,1.7,5.4
2026-06-05 05:00:00,15.6,303.0,99.3,0.5,3.0
2026-06-05 06:00:00,15.9,300.0,93.9,1.0,3.0
2026-06-05 07:00:00,17.8,7.0,77.2,0.4,2.1
2026-06-05 08:00:00,18.8,43.0,72.9,0.4,2.6
2026-06-05 09:00:00,20.7,104.0,66.5,1.2,3.4
2026-06-05 10:00:00,21.8,66.0,59.7,1.6,4.5
2026-06-05 11:00:00,23.6,49.0,54.8,1.9,7.1
2026-06-05 12:00:00,24.9,68.0,53.7,1.6,5.2
2026-06-05 13:00:00,23.4,81.0,58.7,2.0,5.5
2026-06-05 14:00:00,24.5,120.0,55.7,2.1,6.1
2026-06-05 15:00:00,25.0,85.0,52.4,2.4,6.2
2026-06-05 16:00:00,24.8,106.0,49.5,1.9,5.4
2026-06-05 17:00:00,24.5,109.0,48.1,2.3,6.0
2026-06-05 18:00:00,24.4,108.0,47.6,1.6,4.2
2026-06-05 19:00:00,24.2,91.0,53.5,1.7,4.4
2026-06-05 20:00:00,23.7,108.0,58.1,1.9,4.2
2026-06-05 21:00:00,23.5,122.0,60.1,1.1,3.9
2026-06-05 22:00:00,20.1,12.0,76.9,2.9,13.4
2026-06-05 23:00:00,18.0,294.0,96.8,0.6,4.4
2026-06-06 00:00:00,17.4,8.0,99.1,0.6,3.9
2026-06-06 01:00:00,17.3,2.0,99.3,1.2,3.5
2026-06-06 02:00:00,17.1,352.0,99.3,0.8,2.3
2026-06-06 03:00:00,17.1,68.0,99.3,1.1,2.7
2026-06-06 04:00:00,17.3,96.0,99.3,2.2,6.9
2026-06-06 05:00:00,17.5,98.0,95.7,3.2,7.4
2026-06-06 06:00:00,17.9,102.0,88.9,2.4,5.4
2026-06-06 07:00:00,18.4,80.0,83.2,2.4,5.4
2026-06-06 08:00:00,19.6,82.0,76.3,2.6,5.9
2026-06-06 09:00:00,21.0,98.0,68.5,2.2,5.3
2026-06-06 10:00:00,22.5,90.0,60.9,2.1,5.7
2026-06-06 11:00:00,23.9,108.0,56.5,1.8,6.6
2026-06-06 12:00:00,23.6,107.0,56.4,2.2,5.8
2026-06-06 13:00:00,24.0,123.0,53.8,1.6,4.2
2026-06-06 14:00:00,25.0,95.0,48.0,0.9,4.5
2026-06-06 15:00:00,24.8,108.0,47.6,0.2,3.1
2026-06-06 16:00:00,24.9,259.0,47.2,0.7,2.8
2026-06-06 17:00:00,24.9,50.0,47.6,0.1,2.1
2026-06-06 18:00:00,25.0,316.0,47.1,0.8,3.2
2026-06-06 19:00:00,24.5,266.0,49.5,1.1,2.8
2026-06-06 20:00:00,23.6,269.0,54.1,1.1,2.6
2026-06-06 21:00:00,22.7,319.0,58.6,0.8,1.7
2026-06-06 22:00:00,22.0,331.0,64.0,0.8,2.9
2026-06-06 23:00:00,21.2,271.0,67.0,0.6,1.5
2026-06-07 00:00:00,20.7,290.0,69.4,0.8,1.5
2026-06-07 01:00:00,20.0,305.0,72.8,0.6,1.4
2026-06-07 02:00:00,19.3,347.0,75.7,0.6,2.1
2026-06-07 03:00:00,18.8,8.0,77.1,0.6,1.6
2026-06-07 04:00:00,18.3,325.0,79.4,,1.1
2026-06-07 05:00:00,18.5,23.0,80.1,,1.0
2026-06-07 06:00:00,19.7,61.0,75.1,0.5,2.3
2026-06-07 07:00:00,21.6,83.0,64.2,1.0,2.6
2026-06-07 08:00:00,22.7,70.0,58.2,0.5,2.5
2026-06-07 09:00:00,24.1,91.0,54.7,,2.4
2026-06-07 10:00:00,26.5,78.0,48.6,1.0,3.4
2026-06-07 11:00:00,27.1,118.0,46.2,,3.6
2026-06-07 12:00:00,27.4,93.0,44.8,0.8,3.4
2026-06-07 13:00:00,28.1,262.0,42.6,0.6,3.4
2026-06-07 14:00:00,27.8,235.0,43.5,0.5,3.1
2026-06-07 15:00:00,28.1,71.0,42.9,0.8,3.2
2026-06-07 16:00:00,28.2,80.0,42.1,0.5,3.8
2026-06-07 17:00:00,28.0,246.0,40.6,1.2,5.5
2026-06-07 18:00:00,27.5,241.0,41.0,1.4,3.7
2026-06-07 19:00:00,26.9,237.0,43.6,0.8,2.6
2026-06-07 20:00:00,25.8,245.0,48.5,0.4,1.4
2026-06-07 21:00:00,25.1,283.0,52.5,,0.8
2026-06-07 22:00:00,24.4,344.0,57.5,0.4,1.0
2026-06-07 23:00:00,23.7,241.0,60.8,0.5,1.8
2026-06-08 00:00:00,23.3,296.0,58.1,0.5,2.2
2026-06-08 01:00:00,22.3,67.0,67.0,0.7,2.0
2026-06-08 02:00:00,21.8,71.0,69.1,1.1,2.2
2026-06-08 03:00:00,21.2,64.0,72.5,1.2,2.0
2026-06-08 04:00:00,20.8,44.0,73.3,0.7,2.3
2026-06-08 05:00:00,20.7,55.0,73.3,0.9,2.1
2026-06-08 06:00:00,22.0,56.0,68.3,0.9,2.2
2026-06-08 07:00:00,24.0,74.0,59.2,1.3,3.1
2026-06-08 08:00:00,25.8,91.0,53.3,1.4,3.9
2026-06-08 09:00:00,25.8,123.0,53.8,1.0,3.4
2026-06-08 10:00:00,27.7,124.0,49.1,0.8,3.3
2026-06-08 11:00:00,27.9,179.0,49.3,0.6,3.4
2026-06-08 12:00:00,27.6,247.0,49.0,0.5,3.4
2026-06-08 13:00:00,28.7,146.0,43.9,0.5,4.4
2026-06-08 14:00:00,29.2,198.0,42.2,0.6,5.0
2026-06-08 15:00:00,29.8,166.0,38.4,0.6,3.8
2026-06-08 16:00:00,29.7,163.0,36.4,1.0,3.9
2026-06-08 17:00:00,29.4,171.0,36.9,1.0,4.6
2026-06-08 18:00:00,29.0,167.0,41.4,1.3,4.4
2026-06-08 19:00:00,28.3,171.0,44.1,0.8,2.9
2026-06-08 20:00:00,27.3,171.0,48.9,0.7,2.9
2026-06-08 21:00:00,26.8,200.0,55.2,0.8,2.5
2026-06-08 22:00:00,26.6,242.0,50.9,1.4,5.2
2026-06-08 23:00:00,24.4,257.0,57.2,1.3,5.5
2026-06-09 00:00:00,22.4,242.0,74.6,1.0,3.1
2026-06-09 01:00:00,22.3,257.0,81.4,0.9,3.0
2026-06-09 02:00:00,22.1,234.0,81.3,1.0,2.9
2026-06-09 03:00:00,21.7,250.0,75.1,0.6,2.1
2026-06-09 04:00:00,21.5,250.0,67.8,0.9,2.9
2026-06-09 05:00:00,21.3,246.0,64.9,0.8,3.6
2026-06-09 06:00:00,21.9,246.0,61.9,0.8,3.1
2026-06-09 07:00:00,22.9,237.0,57.0,1.4,3.6
2026-06-09 08:00:00,24.1,239.0,56.3,1.3,4.1
2026-06-09 09:00:00,24.8,230.0,55.6,0.6,3.1
2026-06-09 10:00:00,26.3,194.0,50.1,0.9,3.6
2026-06-09 11:00:00,27.4,199.0,46.3,0.6,3.5
2026-06-09 12:00:00,27.5,209.0,46.5,1.0,4.3
2026-06-09 13:00:00,28.3,183.0,44.1,1.1,4.4
2026-06-09 14:00:00,28.1,211.0,45.6,0.9,4.4
2026-06-09 15:00:00,28.3,192.0,46.6,0.6,4.2
2026-06-09 16:00:00,28.3,266.0,46.4,0.7,3.8
2026-06-09 17:00:00,28.4,243.0,46.8,0.8,3.7
2026-06-09 18:00:00,28.2,236.0,47.7,0.4,2.2
2026-06-09 19:00:00,27.6,218.0,49.9,1.2,6.5
2026-06-09 20:00:00,25.4,209.0,53.1,2.4,7.9
2026-06-09 21:00:00,23.8,235.0,54.8,2.0,7.2
2026-06-09 22:00:00,23.1,265.0,57.6,2.5,7.7
2026-06-09 23:00:00,22.7,252.0,58.1,1.5,5.0
2026-06-10 00:00:00,22.5,257.0,59.3,1.2,3.6
2026-06-10 01:00:00,22.1,253.0,60.8,1.2,3.7
2026-06-10 02:00:00,21.7,251.0,63.2,1.1,3.0
2026-06-10 03:00:00,21.7,261.0,64.5,1.2,4.1
2026-06-10 04:00:00,21.5,257.0,64.8,1.0,3.4
2026-06-10 05:00:00,21.4,262.0,64.8,1.0,2.9
2026-06-10 06:00:00,21.6,321.0,65.1,0.6,2.4
2026-06-10 07:00:00,21.9,330.0,64.2,0.9,3.2
2026-06-10 08:00:00,22.7,328.0,64.0,1.0,3.5
2026-06-10 09:00:00,23.9,320.0,61.4,0.9,4.0
2026-06-10 10:00:00,24.8,2.0,57.8,0.9,4.4
2026-06-10 11:00:00,24.8,322.0,56.2,1.1,3.9
2026-06-10 12:00:00,25.9,299.0,51.4,0.9,3.8
2026-06-10 13:00:00,26.0,262.0,50.7,0.3,3.9
2026-06-10 14:00:00,26.1,244.0,50.4,0.4,6.3
2026-06-10 15:00:00,20.5,318.0,75.1,1.8,20.1
2026-06-10 16:00:00,18.7,3.0,90.7,1.2,3.5
2026-06-10 17:00:00,20.9,3.0,70.7,1.4,5.4
2026-06-10 18:00:00,22.5,359.0,49.8,1.7,4.8
2026-06-10 19:00:00,22.3,2.0,40.4,1.9,7.2
2026-06-10 20:00:00,21.6,359.0,32.3,2.4,7.2
2026-06-10 21:00:00,21.3,0.0,27.9,3.8,10.6
2026-06-10 22:00:00,20.3,352.0,30.6,1.7,8.0
2026-06-10 23:00:00,19.1,348.0,35.0,1.2,3.4
2026-06-11 00:00:00,18.7,347.0,36.1,1.4,3.6
2026-06-11 01:00:00,18.9,351.0,34.2,1.0,3.0
2026-06-11 02:00:00,18.8,7.0,34.7,0.6,2.3
2026-06-11 03:00:00,18.5,62.0,37.3,0.5,1.7
2026-06-11 04:00:00,18.5,20.0,37.4,0.7,2.1
2026-06-11 05:00:00,18.2,342.0,38.5,0.6,2.4
2026-06-11 06:00:00,18.8,334.0,38.8,0.5,3.7
2026-06-11 07:00:00,20.7,55.0,35.9,0.9,2.8
2026-06-11 08:00:00,23.2,357.0,25.1,1.5,5.5
2026-06-11 09:00:00,23.7,347.0,23.0,1.7,5.6
2026-06-11 10:00:00,25.6,352.0,19.1,1.9,7.2
2026-06-11 11:00:00,26.7,41.0,19.5,1.3,5.7
2026-06-11 12:00:00,27.1,33.0,19.3,0.5,4.8
2026-06-11 13:00:00,27.3,0.0,18.9,0.9,5.1
2026-06-11 14:00:00,27.1,293.0,18.1,0.3,3.5
2026-06-11 15:00:00,27.3,210.0,19.1,0.6,5.9
2026-06-11 16:00:00,26.9,156.0,21.3,1.2,6.1
2026-06-11 17:00:00,26.3,178.0,22.4,1.4,5.5
2026-06-11 18:00:00,26.0,153.0,23.1,1.5,4.5
2026-06-11 19:00:00,25.5,150.0,24.0,1.2,3.7
2026-06-11 20:00:00,24.4,287.0,26.3,0.2,2.5
2026-06-11 21:00:00,23.4,318.0,24.8,1.1,2.6
2026-06-11 22:00:00,22.3,358.0,26.5,0.9,2.8
2026-06-11 23:00:00,21.3,46.0,32.2,1.3,4.7
2026-06-12 00:00:00,20.8,64.0,45.3,2.2,5.2
2026-06-12 01:00:00,20.3,68.0,48.0,2.4,4.6
2026-06-12 02:00:00,20.0,73.0,49.0,2.1,4.5
2026-06-12 03:00:00,19.6,64.0,49.9,2.6,4.8
2026-06-12 04:00:00,19.4,68.0,49.2,2.4,4.9
2026-06-12 05:00:00,19.4,67.0,49.1,2.1,5.3
2026-06-12 06:00:00,20.1,73.0,47.2,2.5,5.7
2026-06-12 07:00:00,21.5,88.0,44.0,2.7,7.4
2026-06-12 08:00:00,22.8,95.0,44.0,2.3,5.1
2026-06-12 09:00:00,22.7,119.0,47.1,1.3,4.9
2026-06-12 10:00:00,24.5,84.0,41.1,1.1,3.5
2026-06-12 11:00:00,25.9,347.0,37.5,0.4,3.3
2026-06-12 12:00:00,26.6,208.0,35.9,0.3,3.8
2026-06-12 13:00:00,26.9,255.0,35.4,0.9,5.6
2026-06-12 14:00:00,27.6,241.0,33.2,1.1,5.2
2026-06-12 15:00:00,27.7,255.0,34.0,1.5,4.9
2026-06-12 16:00:00,27.7,258.0,31.9,1.5,5.5
2026-06-12 17:00:00,27.6,242.0,30.7,1.8,5.2
2026-06-12 18:00:00,27.2,251.0,29.9,1.9,5.3
2026-06-12 19:00:00,26.7,246.0,34.3,1.2,4.1
2026-06-12 20:00:00,25.8,251.0,40.1,0.9,3.2
2026-06-12 21:00:00,24.8,257.0,44.5,0.8,2.2
2026-06-12 22:00:00,24.1,265.0,46.7,0.8,1.9
2026-06-12 23:00:00,23.5,267.0,47.4,0.9,3.0
2026-06-13 00:00:00,22.9,237.0,50.4,0.9,2.9
2026-06-13 01:00:00,22.1,248.0,52.1,0.8,2.4
2026-06-13 02:00:00,21.2,293.0,57.6,,1.4
2026-06-13 03:00:00,20.7,66.0,60.8,1.0,2.6
2026-06-13 04:00:00,20.3,68.0,62.2,0.8,1.8
2026-06-13 05:00:00,20.4,60.0,63.5,0.9,2.0
2026-06-13 06:00:00,21.1,60.0,60.8,1.1,2.4
2026-06-13 07:00:00,22.9,72.0,54.0,1.0,2.9
2026-06-13 08:00:00,24.7,342.0,47.6,0.0,2.0
2026-06-13 09:00:00,26.2,259.0,43.7,0.9,3.2
2026-06-13 10:00:00,28.8,254.0,36.8,1.1,3.3
2026-06-13 11:00:00,29.9,237.0,33.9,1.4,5.0
2026-06-13 12:00:00,31.2,236.0,30.8,1.4,4.8
2026-06-13 13:00:00,31.6,246.0,29.7,1.8,6.8
2026-06-13 14:00:00,31.7,234.0,29.3,1.8,6.0
2026-06-13 15:00:00,31.9,245.0,29.7,1.9,5.7
2026-06-13 16:00:00,31.8,248.0,31.5,1.9,5.6
2026-06-13 17:00:00,31.4,257.0,32.0,2.3,5.9
2026-06-13 18:00:00,31.1,255.0,30.0,1.5,4.9
2026-06-13 19:00:00,30.6,259.0,30.4,1.2,3.8
2026-06-13 20:00:00,29.1,224.0,33.7,1.7,6.1
2026-06-13 21:00:00,27.2,227.0,34.6,1.5,5.3
2026-06-13 22:00:00,26.0,224.0,34.4,1.5,6.0
2026-06-13 23:00:00,24.8,249.0,34.2,1.3,5.1
2026-06-14 00:00:00,23.7,269.0,35.8,1.3,3.1
2026-06-14 01:00:00,23.2,271.0,35.4,1.4,5.0
2026-06-14 02:00:00,22.7,279.0,37.0,1.3,3.8
2026-06-14 03:00:00,22.2,273.0,38.8,1.2,3.5
2026-06-14 04:00:00,21.9,266.0,43.1,0.7,2.4
2026-06-14 05:00:00,21.7,241.0,48.3,0.7,2.6
2026-06-14 06:00:00,22.0,253.0,51.8,1.2,3.9
2026-06-14 07:00:00,22.5,235.0,53.2,1.2,3.6
2026-06-14 08:00:00,23.6,249.0,50.1,1.3,3.7
2026-06-14 09:00:00,24.7,209.0,45.0,1.5,5.1
2026-06-14 10:00:00,26.0,240.0,45.0,1.6,6.0
2026-06-14 11:00:00,27.2,232.0,47.3,1.7,6.1
2026-06-14 12:00:00,28.4,233.0,47.6,1.7,6.5
2026-06-14 13:00:00,29.9,256.0,41.7,2.0,6.1
2026-06-14 14:00:00,30.8,254.0,38.0,2.4,7.4
2026-06-14 15:00:00,31.0,258.0,35.9,2.7,7.5
2026-06-14 16:00:00,31.0,233.0,36.3,2.4,7.2
2026-06-14 17:00:00,29.9,221.0,39.9,2.7,7.7
2026-06-14 18:00:00,28.9,232.0,42.8,2.1,7.8
2026-06-14 19:00:00,27.5,234.0,47.1,2.2,6.9
2026-06-14 20:00:00,25.9,235.0,51.1,2.1,7.2
2026-06-14 21:00:00,24.4,235.0,52.5,2.5,7.5
2026-06-14 22:00:00,23.3,250.0,54.4,2.2,6.4
2026-06-14 23:00:00,22.5,254.0,56.2,2.2,6.3
2026-06-15 00:00:00,21.7,246.0,58.9,2.0,6.4
2026-06-15 01:00:00,21.0,243.0,62.3,1.7,6.2
2026-06-15 02:00:00,20.4,240.0,65.4,1.4,5.2
2026-06-15 03:00:00,19.9,247.0,68.9,1.4,4.7
2026-06-15 04:00:00,19.6,241.0,71.4,1.5,5.0
2026-06-15 05:00:00,19.5,248.0,73.8,1.3,4.5
2026-06-15 06:00:00,20.4,253.0,71.0,2.0,5.3
2026-06-15 07:00:00,22.4,245.0,64.0,1.9,4.9
2026-06-15 08:00:00,24.5,237.0,55.1,1.4,4.0
2026-06-15 09:00:00,25.9,227.0,48.9,1.5,4.1
2026-06-15 10:00:00,29.3,247.0,35.2,0.2,3.9
2026-06-15 11:00:00,31.5,342.0,17.3,1.5,6.8
2026-06-15 12:00:00,32.3,360.0,14.6,2.4,7.6
2026-06-15 13:00:00,32.5,1.0,15.5,2.3,7.1
2026-06-15 14:00:00,32.6,345.0,15.6,1.7,7.3
2026-06-15 15:00:00,32.6,305.0,16.1,1.4,6.1
2026-06-15 16:00:00,32.2,340.0,16.5,1.6,5.7
2026-06-15 17:00:00,31.6,345.0,17.6,1.7,6.1
2026-06-15 18:00:00,30.9,332.0,19.5,1.1,3.9
2026-06-15 19:00:00,30.0,312.0,21.7,1.1,3.1
2026-06-15 20:00:00,28.7,283.0,25.3,1.1,2.7
2026-06-15 21:00:00,27.3,268.0,29.4,0.9,2.3
2026-06-15 22:00:00,26.2,26.0,33.0,1.0,5.6
2026-06-15 23:00:00,25.1,79.0,47.8,2.6,5.6
2026-06-16 00:00:00,23.9,73.0,63.6,2.9,6.6
2026-06-16 01:00:00,23.1,82.0,65.3,2.8,6.7
2026-06-16 02:00:00,22.4,78.0,67.6,2.2,5.1
2026-06-16 03:00:00,22.0,94.0,66.2,2.1,5.5
2026-06-16 04:00:00,21.8,66.0,65.0,2.1,4.0
2026-06-16 05:00:00,21.9,73.0,63.6,2.1,5.1
2026-06-16 06:00:00,22.7,77.0,61.4,2.1,4.8
2026-06-16 07:00:00,23.5,104.0,64.4,2.8,7.0
2026-06-16 08:00:00,24.9,89.0,61.8,2.9,6.2
2026-06-16 09:00:00,25.7,96.0,57.1,2.4,5.8
2026-06-16 10:00:00,26.8,96.0,52.7,1.9,5.1
2026-06-16 11:00:00,27.5,103.0,51.2,0.9,4.2
2026-06-16 12:00:00,29.2,128.0,46.6,0.9,3.7
2026-06-16 13:00:00,30.1,81.0,42.0,0.8,4.1
2026-06-16 14:00:00,29.8,154.0,42.3,0.4,3.3
2026-06-16 15:00:00,30.2,36.0,40.1,0.5,3.1
2026-06-16 16:00:00,30.8,240.0,32.7,1.1,4.3
2026-06-16 17:00:00,30.7,253.0,28.0,1.7,4.8
2026-06-16 18:00:00,30.1,254.0,29.6,1.8,4.7
2026-06-16 19:00:00,29.2,252.0,35.8,1.7,4.7
2026-06-16 20:00:00,28.0,306.0,39.8,1.5,4.7
2026-06-16 21:00:00,27.2,333.0,40.4,0.8,2.7
2026-06-16 22:00:00,26.0,319.0,45.0,0.9,2.6
2026-06-16 23:00:00,25.2,253.0,48.7,0.7,2.8
2026-06-17 00:00:00,24.5,298.0,52.8,0.8,2.1
2026-06-17 01:00:00,23.6,299.0,57.5,0.6,1.6
2026-06-17 02:00:00,23.1,290.0,60.3,0.7,2.1
2026-06-17 03:00:00,22.3,339.0,64.0,0.4,1.4
2026-06-17 04:00:00,22.3,64.0,65.2,1.9,5.6
2026-06-17 05:00:00,22.2,74.0,68.9,2.5,5.6
2026-06-17 06:00:00,22.7,77.0,68.4,2.5,6.0
2026-06-17 07:00:00,24.4,79.0,63.6,2.3,4.4
2026-06-17 08:00:00,26.2,94.0,59.0,2.1,5.2
2026-06-17 09:00:00,26.8,95.0,55.6,1.1,4.0
2026-06-17 10:00:00,28.5,261.0,47.3,0.3,2.5
2026-06-17 11:00:00,30.5,241.0,41.5,0.8,4.3
2026-06-17 12:00:00,31.8,243.0,38.3,1.6,4.8
2026-06-17 13:00:00,32.2,261.0,39.1,1.6,6.1
2026-06-17 14:00:00,32.9,251.0,35.6,1.5,5.8
2026-06-17 15:00:00,33.1,249.0,31.9,1.9,5.7
2026-06-17 16:00:00,33.0,250.0,32.3,1.7,5.8
2026-06-17 17:00:00,32.8,254.0,32.3,1.6,4.9
2026-06-17 18:00:00,32.2,239.0,35.2,1.5,4.5
2026-06-17 19:00:00,31.5,251.0,36.0,1.2,3.9
2026-06-17 20:00:00,30.3,288.0,36.9,1.0,2.6
2026-06-17 21:00:00,29.3,212.0,40.8,0.8,3.7
2026-06-17 22:00:00,28.9,213.0,41.9,1.4,4.3
2026-06-17 23:00:00,28.1,232.0,41.0,1.2,3.6
2026-06-18 00:00:00,26.7,281.0,44.7,0.9,2.1
2026-06-18 01:00:00,25.9,332.0,47.7,0.5,2.0
2026-06-18 02:00:00,25.4,72.0,51.8,,1.2
2026-06-18 03:00:00,25.1,78.0,54.9,1.4,3.3
2026-06-18 04:00:00,24.9,92.0,61.5,1.7,3.7
2026-06-18 05:00:00,24.6,83.0,65.2,2.1,4.3
2026-06-18 06:00:00,25.1,104.0,64.3,2.3,5.2
2026-06-18 07:00:00,26.8,104.0,57.3,2.1,4.7
2026-06-18 08:00:00,28.4,112.0,51.5,1.5,4.3
2026-06-18 09:00:00,28.8,99.0,50.7,1.0,3.4
2026-06-18 10:00:00,31.4,91.0,43.3,0.9,4.1
2026-06-18 11:00:00,32.8,94.0,40.4,0.8,4.0
2026-06-18 12:00:00,33.7,89.0,38.8,0.6,4.1
2026-06-18 13:00:00,33.9,126.0,38.3,1.2,5.1
2026-06-18 14:00:00,34.2,142.0,35.8,1.2,4.5
2026-06-18 15:00:00,34.2,153.0,33.5,1.2,5.4
2026-06-18 16:00:00,34.0,174.0,31.5,1.1,4.8
2026-06-18 17:00:00,33.9,231.0,26.9,1.2,4.8
2026-06-18 18:00:00,33.3,259.0,30.5,0.8,4.5
2026-06-18 19:00:00,32.6,269.0,34.0,0.9,3.0
2026-06-18 20:00:00,31.5,271.0,37.5,0.8,2.1
2026-06-18 21:00:00,30.9,205.0,40.6,1.2,3.8
2026-06-18 22:00:00,29.8,,39.7,,1.4
2026-06-18 23:00:00,29.0,314.0,41.2,0.8,2.0
2026-06-19 00:00:00,28.1,55.0,48.5,1.1,3.5
2026-06-19 01:00:00,27.6,81.0,56.2,1.8,4.2
2026-06-19 02:00:00,26.8,66.0,58.8,1.8,3.4
2026-06-19 03:00:00,26.2,61.0,60.7,0.9,1.9
2026-06-19 04:00:00,25.7,328.0,62.5,,0.9
2026-06-19 05:00:00,25.4,321.0,63.6,,0.9
2026-06-19 06:00:00,26.4,75.0,58.5,1.0,2.9
2026-06-19 07:00:00,28.6,88.0,50.1,1.6,5.2
2026-06-19 08:00:00,29.5,115.0,47.8,1.9,3.9
2026-06-19 09:00:00,30.1,111.0,48.7,1.8,4.6
2026-06-19 10:00:00,31.7,116.0,44.2,1.2,4.4
2026-06-19 11:00:00,33.3,75.0,39.5,1.0,5.1
2026-06-19 12:00:00,34.4,80.0,37.5,1.3,5.9
2026-06-19 13:00:00,34.5,124.0,36.5,0.9,4.5
2026-06-19 14:00:00,34.7,127.0,36.2,1.3,4.2
2026-06-19 15:00:00,34.6,176.0,31.7,1.0,5.5
2026-06-19 16:00:00,34.4,152.0,32.6,1.4,5.0
2026-06-19 17:00:00,33.8,190.0,32.5,1.0,3.8
2026-06-19 18:00:00,33.5,132.0,34.6,1.4,4.8
2026-06-19 19:00:00,32.8,114.0,40.1,2.1,5.0
2026-06-19 20:00:00,32.0,114.0,43.0,2.0,4.5
2026-06-19 21:00:00,31.3,111.0,44.2,1.6,3.7
2026-06-19 22:00:00,30.8,84.0,45.2,1.0,3.8
2026-06-19 23:00:00,29.8,57.0,48.8,1.2,3.7
2026-06-20 00:00:00,28.8,307.0,52.2,0.9,4.2
2026-06-20 01:00:00,27.8,11.0,54.0,1.2,3.4
2026-06-20 02:00:00,27.6,51.0,53.6,1.5,3.5
2026-06-20 03:00:00,27.1,35.0,55.5,0.9,3.4
2026-06-20 04:00:00,25.7,325.0,61.6,0.6,2.3
2026-06-20 05:00:00,25.3,313.0,64.5,,1.4
2026-06-20 06:00:00,26.0,328.0,63.1,0.6,1.9
2026-06-20 07:00:00,28.0,44.0,55.6,,1.6
2026-06-20 08:00:00,30.3,57.0,45.2,0.5,2.4
2026-06-20 09:00:00,30.8,88.0,42.4,,2.8
2026-06-20 10:00:00,32.3,141.0,41.3,0.7,3.6
2026-06-20 11:00:00,33.3,142.0,41.5,0.8,3.3
2026-06-20 12:00:00,33.8,178.0,42.1,1.3,4.5
2026-06-20 13:00:00,34.4,248.0,38.4,1.1,4.7
2026-06-20 14:00:00,35.0,245.0,35.7,1.7,5.5
2026-06-20 15:00:00,34.9,241.0,34.6,1.4,5.1
2026-06-20 16:00:00,34.7,248.0,34.7,1.5,4.9
2026-06-20 17:00:00,34.5,238.0,35.1,1.4,4.3
2026-06-20 18:00:00,34.1,223.0,36.0,1.4,4.6
2026-06-20 19:00:00,33.4,242.0,36.8,1.2,4.3
2026-06-20 20:00:00,32.6,243.0,41.7,0.9,3.3
2026-06-20 21:00:00,31.5,302.0,46.8,0.3,1.9
2026-06-20 22:00:00,30.8,81.0,46.8,1.2,3.9
2026-06-20 23:00:00,29.7,85.0,48.7,1.2,3.5
2026-06-21 00:00:00,29.1,72.0,50.1,1.2,2.5
2026-06-21 01:00:00,28.4,93.0,52.4,2.3,8.3
2026-06-21 02:00:00,27.3,98.0,58.5,3.7,9.3
2026-06-21 03:00:00,26.0,111.0,62.8,2.1,5.9
2026-06-21 04:00:00,25.3,120.0,63.0,1.8,4.6
2026-06-21 05:00:00,25.1,94.0,61.3,0.1,2.0
2026-06-21 06:00:00,25.9,292.0,61.6,1.0,2.8
2026-06-21 07:00:00,27.9,291.0,55.2,1.5,4.3
2026-06-21 08:00:00,29.9,284.0,48.5,0.8,2.8
2026-06-21 09:00:00,31.2,270.0,44.2,0.7,3.6
2026-06-21 10:00:00,33.1,270.0,39.5,0.9,4.8
2026-06-21 11:00:00,34.2,269.0,37.4,0.8,4.0
2026-06-21 12:00:00,34.1,200.0,40.0,1.7,6.3
2026-06-21 13:00:00,34.6,178.0,39.3,1.3,5.0
2026-06-21 14:00:00,34.9,226.0,37.1,1.0,5.1
2026-06-21 15:00:00,35.7,142.0,35.1,0.7,5.3
2026-06-21 16:00:00,35.6,114.0,34.1,2.1,4.8
2026-06-21 17:00:00,34.9,110.0,35.8,2.3,6.3
2026-06-21 18:00:00,34.5,103.0,37.6,1.8,4.8
2026-06-21 19:00:00,33.6,123.0,38.1,0.2,2.5
2026-06-21 20:00:00,32.9,88.0,40.3,1.8,4.3
2026-06-21 21:00:00,32.1,71.0,42.7,1.4,3.4
2026-06-21 22:00:00,31.3,101.0,42.7,0.6,1.8
2026-06-21 23:00:00,30.7,67.0,45.6,1.2,3.1
2026-06-22 00:00:00,29.7,58.0,51.1,1.2,2.9
2026-06-22 01:00:00,28.8,66.0,54.6,,1.9
2026-06-22 02:00:00,28.3,72.0,56.7,,1.8
2026-06-22 03:00:00,27.5,86.0,54.9,2.2,5.3
2026-06-22 04:00:00,27.0,78.0,52.8,2.0,5.0
2026-06-22 05:00:00,27.0,78.0,52.1,2.0,4.8
2026-06-22 06:00:00,27.7,74.0,49.1,1.9,4.4
2026-06-22 07:00:00,29.3,87.0,46.5,2.9,7.6
2026-06-22 08:00:00,31.0,78.0,45.5,2.5,5.8
2026-06-22 09:00:00,31.3,87.0,45.2,1.2,3.3
2026-06-22 10:00:00,33.7,67.0,38.9,0.9,3.5
2026-06-22 11:00:00,35.3,56.0,35.2,0.8,3.3
2026-06-22 12:00:00,35.9,355.0,33.7,0.7,3.9
2026-06-22 13:00:00,36.1,260.0,33.4,0.5,4.9
2026-06-22 14:00:00,36.0,223.0,34.2,1.0,5.0
2026-06-22 15:00:00,36.1,208.0,34.7,1.3,5.2
2026-06-22 16:00:00,35.6,183.0,34.6,1.2,4.4
2026-06-22 17:00:00,35.5,167.0,31.2,1.2,4.3
2026-06-22 18:00:00,34.6,150.0,32.5,1.8,4.5
2026-06-22 19:00:00,34.0,166.0,34.8,1.2,3.8
2026-06-22 20:00:00,33.4,141.0,37.8,0.6,1.5
2026-06-22 21:00:00,31.3,57.0,52.0,0.6,4.4
2026-06-22 22:00:00,27.7,63.0,72.6,1.3,4.0
2026-06-22 23:00:00,28.9,74.0,60.7,1.9,5.2
2026-06-23 00:00:00,29.2,85.0,54.5,2.7,7.8
2026-06-23 01:00:00,28.5,98.0,51.8,3.6,8.8
2026-06-23 02:00:00,27.8,75.0,53.2,1.9,5.7
2026-06-23 03:00:00,27.2,10.0,58.1,1.1,4.1
2026-06-23 04:00:00,26.6,326.0,63.1,0.8,3.0
2026-06-23 05:00:00,26.5,310.0,63.3,0.8,2.2
2026-06-23 06:00:00,27.1,44.0,61.1,0.1,1.8
2026-06-23 07:00:00,28.2,148.0,56.7,1.1,3.5
2026-06-23 08:00:00,29.2,209.0,53.0,0.5,2.1
2026-06-23 09:00:00,30.4,109.0,48.3,0.5,3.1
2026-06-23 10:00:00,32.9,126.0,41.7,0.9,3.9
2026-06-23 11:00:00,34.0,126.0,40.2,0.9,4.3
2026-06-23 12:00:00,34.7,182.0,37.8,0.9,4.5
2026-06-23 13:00:00,35.2,220.0,34.9,1.0,5.6
2026-06-23 14:00:00,35.5,221.0,33.4,0.9,4.9
2026-06-23 15:00:00,35.5,205.0,32.6,0.8,4.7
2026-06-23 16:00:00,35.5,209.0,31.5,0.9,4.0
2026-06-23 17:00:00,35.2,169.0,32.5,1.1,4.5
2026-06-23 18:00:00,34.6,185.0,35.6,0.9,3.8
2026-06-23 19:00:00,34.0,196.0,37.0,1.1,4.1
2026-06-23 20:00:00,33.4,192.0,38.6,0.7,2.2
2026-06-23 21:00:00,32.5,113.0,40.9,1.3,5.5
2026-06-23 22:00:00,31.7,108.0,44.6,2.5,4.9
2026-06-23 23:00:00,30.6,83.0,49.4,1.9,4.2
2026-06-24 00:00:00,29.8,82.0,46.6,2.3,7.4
2026-06-24 01:00:00,28.3,72.0,54.8,3.1,7.7
2026-06-24 02:00:00,26.6,34.0,58.2,2.1,6.3
2026-06-24 03:00:00,26.3,31.0,56.4,1.4,3.6
2026-06-24 04:00:00,26.4,352.0,56.3,0.4,2.1
2026-06-24 05:00:00,26.9,104.0,56.5,1.3,3.0
2026-06-24 06:00:00,27.4,62.0,57.3,1.6,3.1
2026-06-24 07:00:00,29.5,75.0,50.0,2.0,4.7
2026-06-24 08:00:00,30.8,100.0,45.3,2.5,5.9
2026-06-24 09:00:00,31.0,119.0,44.7,2.1,5.3
2026-06-24 10:00:00,33.1,110.0,40.7,1.8,4.7
2026-06-24 11:00:00,34.5,98.0,37.8,1.5,5.3
2026-06-24 12:00:00,35.0,97.0,36.8,1.2,4.2
2026-06-24 13:00:00,35.7,63.0,34.6,1.7,5.1
2026-06-24 14:00:00,35.2,117.0,36.7,1.9,7.0
2026-06-24 15:00:00,34.7,102.0,37.4,2.6,6.2
2026-06-24 16:00:00,34.5,115.0,36.3,1.6,5.5
2026-06-24 17:00:00,34.5,107.0,37.1,1.5,5.1
2026-06-24 18:00:00,34.0,111.0,38.4,0.5,2.3
2026-06-24 19:00:00,33.5,193.0,38.8,,2.1
2026-06-24 20:00:00,32.9,241.0,41.8,0.5,3.4
2026-06-24 21:00:00,31.9,193.0,49.7,1.1,3.6
2026-06-24 22:00:00,31.1,214.0,48.8,0.9,3.4
2026-06-24 23:00:00,30.6,299.0,51.2,,2.4
2026-06-25 00:00:00,30.3,49.0,52.5,0.8,3.2
2026-06-25 01:00:00,29.7,83.0,55.7,1.2,4.9
2026-06-25 02:00:00,29.2,72.0,56.3,1.2,3.7
2026-06-25 03:00:00,28.7,70.0,56.6,1.8,3.9
2026-06-25 04:00:00,28.2,77.0,56.8,2.0,4.7
2026-06-25 05:00:00,27.9,87.0,57.4,1.4,3.8
2026-06-25 06:00:00,28.2,104.0,57.9,1.5,3.0
2026-06-25 07:00:00,29.0,111.0,55.4,1.5,3.6
2026-06-25 08:00:00,30.7,94.0,48.4,1.7,4.1
2026-06-25 09:00:00,31.9,87.0,44.7,1.8,4.9
2026-06-25 10:00:00,33.5,107.0,42.3,1.4,4.7
2026-06-25 11:00:00,34.0,116.0,41.3,1.6,5.6
2026-06-25 12:00:00,34.8,142.0,39.0,1.5,4.9
2026-06-25 13:00:00,35.2,152.0,37.8,1.3,5.4
2026-06-25 14:00:00,35.0,184.0,37.9,0.9,4.8
2026-06-25 15:00:00,35.1,149.0,37.9,1.5,4.8
2026-06-25 16:00:00,34.8,157.0,36.5,1.4,5.9
2026-06-25 17:00:00,34.8,159.0,36.3,1.1,5.2
2026-06-25 18:00:00,34.6,120.0,38.0,2.3,5.8
2026-06-25 19:00:00,33.9,122.0,39.1,1.2,4.6
2026-06-25 20:00:00,32.8,263.0,46.7,0.5,2.4
2026-06-25 21:00:00,32.4,256.0,49.4,1.3,3.5
2026-06-25 22:00:00,32.0,257.0,49.0,0.9,2.9
2026-06-25 23:00:00,31.2,344.0,50.5,1.8,9.4
2026-06-26 00:00:00,28.2,27.0,51.7,3.3,9.3
2026-06-26 01:00:00,26.5,18.0,56.4,2.3,5.5
2026-06-26 02:00:00,26.1,4.0,58.8,1.1,5.4
2026-06-26 03:00:00,25.8,246.0,63.0,0.1,2.1
2026-06-26 04:00:00,26.3,288.0,60.5,0.3,1.3
2026-06-26 05:00:00,26.2,302.0,62.3,0.8,2.0
2026-06-26 06:00:00,26.7,309.0,62.4,0.8,1.9
2026-06-26 07:00:00,27.9,350.0,59.5,0.4,2.2
2026-06-26 08:00:00,29.5,330.0,55.6,0.9,3.8
2026-06-26 09:00:00,30.9,357.0,50.1,0.4,3.7
2026-06-26 10:00:00,33.6,64.0,41.0,0.5,4.2
2026-06-26 11:00:00,35.3,87.0,36.7,0.6,4.2
2026-06-26 12:00:00,35.1,208.0,37.3,1.1,4.3
2026-06-26 13:00:00,35.7,200.0,36.6,1.2,5.1
2026-06-26 14:00:00,35.9,199.0,35.7,1.4,5.9
2026-06-26 15:00:00,35.5,205.0,34.3,1.2,4.9
2026-06-26 16:00:00,35.5,189.0,33.7,1.1,5.5
2026-06-26 17:00:00,35.3,198.0,34.9,1.0,5.1
2026-06-26 18:00:00,35.0,207.0,35.3,1.2,4.5
2026-06-26 19:00:00,34.6,203.0,35.7,1.0,3.4
2026-06-26 20:00:00,34.0,194.0,36.6,1.0,2.9
2026-06-26 21:00:00,33.2,121.0,39.8,1.5,4.4
2026-06-26 22:00:00,32.6,120.0,42.9,2.2,4.7
2026-06-26 23:00:00,31.7,66.0,48.2,1.7,3.6
2026-06-27 00:00:00,30.9,70.0,53.2,1.2,3.2
2026-06-27 01:00:00,30.3,65.0,54.1,1.7,4.5
2026-06-27 02:00:00,29.6,64.0,52.7,1.6,3.7
2026-06-27 03:00:00,29.3,50.0,53.9,1.4,2.7
2026-06-27 04:00:00,29.1,60.0,53.0,1.3,2.5
2026-06-27 05:00:00,29.0,51.0,52.6,1.0,2.3
2026-06-27 06:00:00,29.1,82.0,53.3,0.6,1.6
2026-06-27 07:00:00,30.7,83.0,47.4,1.1,3.0
2026-06-27 08:00:00,31.9,129.0,40.5,1.4,4.0
2026-06-27 09:00:00,32.9,98.0,38.4,1.4,4.2
2026-06-27 10:00:00,34.5,102.0,35.7,1.4,4.7
2026-06-27 11:00:00,35.6,156.0,34.0,0.9,5.2
2026-06-27 12:00:00,36.1,144.0,32.2,1.3,4.8
2026-06-27 13:00:00,36.7,142.0,31.2,1.1,4.4
2026-06-27 14:00:00,36.7,139.0,31.9,1.5,5.1
2026-06-27 15:00:00,36.4,157.0,33.6,1.5,5.3
2026-06-27 16:00:00,36.1,149.0,34.4,1.5,5.1
2026-06-27 17:00:00,35.7,197.0,35.0,1.0,4.2
2026-06-27 18:00:00,35.4,165.0,35.2,0.9,4.1
2026-06-27 19:00:00,34.7,137.0,37.6,1.4,3.9
2026-06-27 20:00:00,33.9,114.0,40.2,1.5,3.3
2026-06-27 21:00:00,33.3,115.0,42.7,1.8,3.9
2026-06-27 22:00:00,33.0,126.0,40.1,1.4,3.4
2026-06-27 23:00:00,32.5,151.0,39.3,0.9,3.0
2026-06-28 00:00:00,32.0,51.0,42.6,,2.6
2026-06-28 01:00:00,31.1,68.0,52.2,1.8,4.0
2026-06-28 02:00:00,30.2,69.0,53.9,2.0,4.1
2026-06-28 03:00:00,29.7,66.0,54.0,1.7,3.9
2026-06-28 04:00:00,29.3,79.0,54.2,1.2,3.2
2026-06-28 05:00:00,29.1,64.0,56.4,0.9,1.9
2026-06-28 06:00:00,29.4,97.0,54.7,1.2,3.1
2026-06-28 07:00:00,30.5,96.0,50.8,1.1,2.6
2026-06-28 08:00:00,31.9,77.0,46.1,1.4,3.7
2026-06-28 09:00:00,32.8,59.0,42.8,1.4,3.9
2026-06-28 10:00:00,34.3,64.0,38.9,0.5,3.2
2026-06-28 11:00:00,36.3,116.0,36.0,0.8,4.0
2026-06-28 12:00:00,36.3,174.0,35.6,1.0,4.4
2026-06-28 13:00:00,36.8,194.0,33.6,1.1,4.9
2026-06-28 14:00:00,37.2,226.0,31.0,1.1,4.8
2026-06-28 15:00:00,37.2,257.0,30.8,1.5,5.2
2026-06-28 16:00:00,37.0,237.0,32.0,1.4,6.0
2026-06-28 17:00:00,36.8,244.0,32.6,1.3,5.3
2026-06-28 18:00:00,35.7,335.0,33.4,1.4,7.0
2026-06-28 19:00:00,33.5,358.0,33.3,2.5,6.4
2026-06-28 20:00:00,32.0,5.0,34.0,2.6,6.7
2026-06-28 21:00:00,31.3,327.0,35.3,1.0,3.1
2026-06-28 22:00:00,31.0,336.0,34.3,0.8,2.6
2026-06-28 23:00:00,30.7,260.0,34.4,1.3,6.5
2026-06-29 00:00:00,29.5,276.0,41.1,1.9,6.5
2026-06-29 01:00:00,28.8,3.0,42.1,1.4,4.1
2026-06-29 02:00:00,27.2,71.0,52.9,1.3,4.8
2026-06-29 03:00:00,26.8,140.0,57.5,0.6,2.5
2026-06-29 04:00:00,26.8,244.0,57.7,1.8,5.5
2026-06-29 05:00:00,26.6,266.0,56.1,,3.1
2026-06-29 06:00:00,27.3,265.0,49.3,1.1,3.1
2026-06-29 07:00:00,28.0,285.0,46.5,0.8,2.7
2026-06-29 08:00:00,29.6,276.0,43.5,0.6,2.4
2026-06-29 09:00:00,30.5,296.0,41.9,0.5,2.2
2026-06-29 10:00:00,32.6,221.0,37.4,,3.7
2026-06-29 11:00:00,34.8,212.0,34.0,0.8,4.7
2026-06-29 12:00:00,34.1,171.0,38.0,1.5,6.2
2026-06-29 13:00:00,34.7,213.0,37.0,0.9,4.1
2026-06-29 14:00:00,35.9,228.0,33.3,0.6,4.0
2026-06-29 15:00:00,36.2,222.0,31.2,1.2,4.8
2026-06-29 16:00:00,35.5,224.0,33.4,0.5,2.9
2026-06-29 17:00:00,28.5,345.0,55.8,2.9,17.7
2026-06-29 18:00:00,21.9,27.0,90.0,2.6,8.3
2026-06-29 19:00:00,22.8,354.0,81.6,2.0,6.9
2026-06-29 20:00:00,23.8,252.0,75.2,1.3,5.4
2026-06-29 21:00:00,25.1,244.0,67.7,1.5,5.6
2026-06-29 22:00:00,26.6,275.0,55.0,2.1,5.9
2026-06-29 23:00:00,26.5,322.0,52.4,1.3,4.7
2026-06-30 00:00:00,26.0,14.0,54.0,1.2,3.8
2026-06-30 01:00:00,26.2,201.0,53.4,0.6,2.6
2026-06-30 02:00:00,25.7,91.0,59.0,1.3,5.4
2026-06-30 03:00:00,25.0,58.0,63.6,2.2,4.9
2026-06-30 04:00:00,24.9,359.0,64.9,0.8,4.0
2026-06-30 05:00:00,25.2,303.0,63.2,0.8,2.9
2026-06-30 06:00:00,26.4,7.0,57.3,,1.8
2026-06-30 07:00:00,27.8,275.0,50.4,0.2,2.5
2026-06-30 08:00:00,27.6,212.0,60.0,1.8,4.3
2026-06-30 09:00:00,27.8,226.0,59.8,1.3,4.0
2026-06-30 10:00:00,29.2,238.0,52.2,1.0,3.5
2026-06-30 11:00:00,30.8,144.0,49.0,1.0,5.4
2026-06-30 12:00:00,32.8,110.0,43.3,1.2,4.5
2026-06-30 13:00:00,32.8,92.0,43.1,1.1,4.5
2026-06-30 14:00:00,33.2,103.0,40.8,1.6,4.3
2026-06-30 15:00:00,33.4,118.0,38.6,1.3,4.6
2026-06-30 16:00:00,33.3,132.0,38.7,0.6,3.9
2026-06-30 17:00:00,32.8,246.0,41.8,1.0,3.3
2026-06-30 18:00:00,32.3,,42.7,,3.2
2026-06-30 19:00:00,32.0,237.0,42.4,1.1,2.9
2026-06-30 20:00:00,31.2,234.0,42.9,1.2,3.9
2026-06-30 21:00:00,30.4,277.0,46.6,1.1,3.2
2026-06-30 22:00:00,29.8,289.0,49.9,1.0,2.1
2026-06-30 23:00:00,29.1,297.0,50.7,0.8,1.8
2026-07-01 00:00:00,28.2,289.0,54.1,0.8,2.6
2026-07-01 01:00:00,27.4,272.0,55.1,0.7,2.2
2026-07-01 02:00:00,26.8,266.0,57.9,0.8,2.5
2026-07-01 03:00:00,26.2,292.0,60.5,1.1,2.8
2026-07-01 04:00:00,25.7,307.0,62.3,,2.5
2026-07-01 05:00:00,25.6,321.0,63.5,,1.1
2026-07-01 06:00:00,26.3,241.0,61.8,0.3,1.5
2026-07-01 07:00:00,27.5,212.0,58.9,0.8,2.4
2026-07-01 08:00:00,28.9,229.0,54.7,0.6,2.8
2026-07-01 09:00:00,29.9,207.0,50.8,0.9,3.5
2026-07-01 10:00:00,30.3,228.0,50.1,1.3,3.9
2026-07-01 11:00:00,30.7,231.0,49.9,1.9,5.4
2026-07-01 12:00:00,32.1,256.0,44.7,2.1,8.9
2026-07-01 13:00:00,31.9,300.0,31.2,4.9,15.6
2026-07-01 14:00:00,26.5,343.0,44.8,3.4,13.7
2026-07-01 15:00:00,24.9,348.0,49.1,2.2,10.2
2026-07-01 16:00:00,24.4,238.0,51.9,1.3,4.5
2026-07-01 17:00:00,26.1,137.0,41.9,,5.9
2026-07-01 18:00:00,25.8,137.0,45.9,1.2,3.5
2026-07-01 19:00:00,25.3,156.0,48.0,1.8,4.9
2026-07-01 20:00:00,24.4,180.0,54.1,0.9,2.7
2026-07-01 21:00:00,23.6,216.0,60.6,1.1,3.4
2026-07-01 22:00:00,23.3,221.0,59.7,0.9,3.2
2026-07-01 23:00:00,23.4,223.0,58.7,0.4,1.6
2026-07-02 00:00:00,23.3,79.0,62.4,1.3,3.1
2026-07-02 01:00:00,22.8,96.0,66.4,2.1,5.0
2026-07-02 02:00:00,22.1,101.0,70.4,2.2,5.2
2026-07-02 03:00:00,21.5,98.0,72.4,1.7,5.4
2026-07-02 04:00:00,21.5,338.0,73.3,,1.4
2026-07-02 05:00:00,21.7,11.0,73.0,,1.8
2026-07-02 06:00:00,22.1,11.0,71.4,0.6,2.2
2026-07-02 07:00:00,24.0,75.0,62.0,0.8,3.6
2026-07-02 08:00:00,25.6,126.0,44.5,1.5,4.7
2026-07-02 09:00:00,26.0,148.0,44.2,0.8,3.8
2026-07-02 10:00:00,28.6,235.0,36.3,0.2,3.5
2026-07-02 11:00:00,30.3,194.0,31.2,0.2,3.4
2026-07-02 12:00:00,31.3,227.0,30.1,,4.7
2026-07-02 13:00:00,31.5,201.0,31.6,1.5,5.9
2026-07-02 14:00:00,31.7,169.0,31.4,1.7,5.5
2026-07-02 15:00:00,31.7,164.0,29.2,2.2,6.1
2026-07-02 16:00:00,31.1,150.0,29.1,2.2,6.4
2026-07-02 17:00:00,30.7,156.0,30.5,1.9,5.1
2026-07-02 18:00:00,30.2,144.0,30.5,1.7,5.1
2026-07-02 19:00:00,29.5,156.0,33.3,1.3,4.0
2026-07-02 20:00:00,28.8,159.0,35.8,1.2,3.4
2026-07-02 21:00:00,28.1,133.0,38.5,1.2,3.5
2026-07-02 22:00:00,27.3,108.0,40.2,0.9,1.8
2026-07-02 23:00:00,26.6,76.0,43.7,1.2,2.5
2026-07-03 00:00:00,26.0,53.0,46.7,1.2,2.9
2026-07-03 01:00:00,25.0,50.0,51.9,,2.3
2026-07-03 02:00:00,24.2,49.0,55.1,0.6,2.0
2026-07-03 03:00:00,23.7,325.0,57.0,,2.0
2026-07-03 04:00:00,23.2,329.0,58.9,,1.3
2026-07-03 05:00:00,23.3,296.0,58.5,0.4,1.1
2026-07-03 06:00:00,24.5,343.0,56.2,0.3,1.7
2026-07-03 07:00:00,26.3,250.0,49.1,0.8,3.2
2026-07-03 08:00:00,28.1,250.0,43.2,0.7,2.6
2026-07-03 09:00:00,28.5,218.0,41.0,0.8,3.2
2026-07-03 10:00:00,30.4,237.0,34.8,0.9,4.0
2026-07-03 11:00:00,31.7,232.0,32.2,0.8,4.0
2026-07-03 12:00:00,32.3,182.0,31.2,0.9,4.8
2026-07-03 13:00:00,32.9,238.0,27.0,1.4,6.2
2026-07-03 14:00:00,33.2,217.0,26.2,1.5,5.6
2026-07-03 15:00:00,33.3,214.0,25.0,1.2,6.0
2026-07-03 16:00:00,33.1,193.0,26.3,1.6,5.8
2026-07-03 17:00:00,32.7,188.0,27.4,1.6,5.5
2026-07-03 18:00:00,32.4,201.0,28.1,1.4,4.5
2026-07-03 19:00:00,31.8,212.0,28.4,1.2,3.8
2026-07-03 20:00:00,30.7,227.0,33.3,0.9,3.0
2026-07-03 21:00:00,29.7,210.0,34.4,0.7,1.8
2026-07-03 22:00:00,29.1,135.0,35.8,,1.0
2026-07-03 23:00:00,28.3,44.0,40.5,1.1,2.6
2026-07-04 00:00:00,27.2,60.0,46.7,1.5,2.5
2026-07-04 01:00:00,26.4,47.0,49.3,1.2,2.6
2026-07-04 02:00:00,26.0,52.0,48.7,1.4,3.0
2026-07-04 03:00:00,25.4,53.0,48.1,1.5,3.0
2026-07-04 04:00:00,25.0,52.0,46.3,1.4,3.1
2026-07-04 05:00:00,24.6,25.0,48.2,0.5,2.2
2026-07-04 06:00:00,25.2,19.0,49.0,0.5,1.9
2026-07-04 07:00:00,27.3,106.0,42.1,0.6,2.8
2026-07-04 08:00:00,28.7,115.0,39.7,1.6,5.3
2026-07-04 09:00:00,29.1,102.0,40.3,2.4,5.6
2026-07-04 10:00:00,30.7,111.0,38.9,2.8,7.1
2026-07-04 11:00:00,32.3,84.0,34.7,1.7,6.6
2026-07-04 12:00:00,33.0,107.0,34.0,1.3,5.1
2026-07-04 13:00:00,32.8,202.0,33.3,1.0,5.4
2026-07-04 14:00:00,32.9,230.0,32.8,1.1,5.6
2026-07-04 15:00:00,33.2,228.0,31.4,1.4,5.5
2026-07-04 16:00:00,33.0,236.0,31.3,1.2,5.0
2026-07-04 17:00:00,33.0,239.0,29.7,1.4,4.9
2026-07-04 18:00:00,32.6,244.0,31.2,1.7,5.3
2026-07-04 19:00:00,31.8,253.0,33.5,1.6,4.7
2026-07-04 20:00:00,30.8,266.0,33.5,1.3,3.8
2026-07-04 21:00:00,29.8,281.0,35.9,1.0,2.0
2026-07-04 22:00:00,29.1,320.0,36.9,0.7,2.2
2026-07-04 23:00:00,28.1,338.0,41.8,0.7,2.2
2026-07-05 00:00:00,27.1,49.0,48.9,1.2,2.6
2026-07-05 01:00:00,26.6,47.0,51.8,1.2,2.8
2026-07-05 02:00:00,25.9,65.0,53.1,1.2,2.8
2026-07-05 03:00:00,25.6,77.0,53.1,2.0,4.4
2026-07-05 04:00:00,25.0,94.0,53.9,1.5,4.1
2026-07-05 05:00:00,24.9,100.0,55.3,1.2,4.0
2026-07-05 06:00:00,25.5,108.0,51.4,1.2,2.5
2026-07-05 07:00:00,27.2,101.0,44.5,1.6,3.4
2026-07-05 08:00:00,29.0,100.0,39.5,1.6,4.1
2026-07-05 09:00:00,28.9,125.0,38.0,0.6,3.4
2026-07-05 10:00:00,31.1,173.0,30.5,0.3,4.2
2026-07-05 11:00:00,32.6,181.0,31.3,1.1,4.8
2026-07-05 12:00:00,32.8,192.0,34.0,1.3,5.2
2026-07-05 13:00:00,33.3,228.0,29.4,2.0,6.0
2026-07-05 14:00:00,33.9,237.0,26.2,2.0,6.3
2026-07-05 15:00:00,33.9,225.0,24.1,2.1,6.1
2026-07-05 16:00:00,33.7,230.0,24.4,2.2,6.7
2026-07-05 17:00:00,33.4,240.0,22.9,2.3,5.6
2026-07-05 18:00:00,32.9,243.0,22.4,1.8,4.8
2026-07-05 19:00:00,32.4,266.0,21.1,1.6,4.1
2026-07-05 20:00:00,31.4,270.0,22.4,1.3,3.8
2026-07-05 21:00:00,30.2,262.0,28.8,0.8,1.8
2026-07-05 22:00:00,29.7,236.0,32.9,1.1,3.2
2026-07-05 23:00:00,28.8,239.0,38.7,1.2,3.6
2026-07-06 00:00:00,27.6,263.0,44.4,1.4,3.7
2026-07-06 01:00:00,26.4,284.0,48.2,0.8,2.9
2026-07-06 02:00:00,25.8,57.0,46.3,1.6,5.0
2026-07-06 03:00:00,24.9,80.0,55.4,1.8,4.5
2026-07-06 04:00:00,24.4,92.0,60.4,1.9,5.3
2026-07-06 05:00:00,24.5,95.0,59.9,2.2,5.5
2026-07-06 06:00:00,24.8,91.0,60.9,2.5,6.7
2026-07-06 07:00:00,25.8,98.0,58.1,2.5,6.9
2026-07-06 08:00:00,27.4,110.0,54.0,2.8,6.7
2026-07-06 09:00:00,28.5,109.0,51.1,2.7,6.6
2026-07-06 10:00:00,30.4,102.0,44.1,2.0,5.3
2026-07-06 11:00:00,31.6,103.0,39.4,1.6,5.5
2026-07-06 12:00:00,32.4,123.0,34.9,0.9,4.9
2026-07-06 13:00:00,32.9,145.0,35.3,1.2,4.6
2026-07-06 14:00:00,32.4,200.0,35.9,1.2,4.9
2026-07-06 15:00:00,32.7,219.0,34.6,1.3,4.9
2026-07-06 16:00:00,33.4,239.0,27.2,1.1,5.0
2026-07-06 17:00:00,33.4,248.0,29.5,1.5,4.3
2026-07-06 18:00:00,33.1,239.0,29.2,1.8,5.3
2026-07-06 19:00:00,32.4,236.0,25.6,1.6,4.5
2026-07-06 20:00:00,31.3,249.0,25.6,1.1,3.3
2026-07-06 21:00:00,30.0,97.0,30.4,,3.4
2026-07-06 22:00:00,29.3,113.0,42.5,2.0,4.4
2026-07-06 23:00:00,28.4,84.0,48.5,1.7,3.8
2026-07-07 00:00:00,27.6,79.0,50.5,2.2,4.5
2026-07-07 01:00:00,26.8,75.0,53.6,2.7,5.8
2026-07-07 02:00:00,26.2,65.0,56.7,2.2,4.5
2026-07-07 03:00:00,25.7,66.0,57.1,1.7,4.0
2026-07-07 04:00:00,25.3,55.0,57.8,1.0,2.3
2026-07-07 05:00:00,25.0,342.0,58.5,0.5,1.6
2026-07-07 06:00:00,25.5,13.0,54.3,0.6,2.1
2026-07-07 07:00:00,27.7,87.0,47.0,1.0,3.4
2026-07-07 08:00:00,29.5,77.0,40.7,1.2,3.7
2026-07-07 09:00:00,30.0,77.0,40.0,0.9,3.5
2026-07-07 10:00:00,30.9,170.0,38.4,0.6,3.4
2026-07-07 11:00:00,31.4,193.0,38.3,0.9,4.3
2026-07-07 12:00:00,33.3,169.0,34.9,0.8,4.1
2026-07-07 13:00:00,33.5,228.0,34.1,1.5,5.2
2026-07-07 14:00:00,34.1,234.0,28.1,1.6,5.5
2026-07-07 15:00:00,34.4,230.0,28.5,1.8,5.5
2026-07-07 16:00:00,34.2,243.0,29.1,2.0,7.7
2026-07-07 17:00:00,33.4,254.0,29.8,2.4,5.6
2026-07-07 18:00:00,32.7,262.0,30.3,2.1,5.3
2026-07-07 19:00:00,32.3,266.0,27.6,1.4,3.7
2026-07-07 20:00:00,31.4,229.0,33.9,1.4,4.5
2026-07-07 21:00:00,30.1,216.0,34.3,1.9,5.0
2026-07-07 22:00:00,28.9,233.0,34.5,1.5,6.2
2026-07-07 23:00:00,28.0,235.0,36.0,1.8,4.5
2026-07-08 00:00:00,27.4,237.0,39.0,1.8,4.6
2026-07-08 01:00:00,26.9,243.0,41.7,1.3,4.3
2026-07-08 02:00:00,26.1,261.0,45.9,1.6,3.6
2026-07-08 03:00:00,25.6,249.0,50.2,1.1,4.3
2026-07-08 04:00:00,24.8,244.0,54.5,1.4,3.5
2026-07-08 05:00:00,24.1,239.0,58.4,1.2,3.4
2026-07-08 06:00:00,24.2,246.0,60.9,1.3,3.9
2026-07-08 07:00:00,25.3,251.0,55.7,1.6,4.8
2026-07-08 08:00:00,27.7,237.0,46.4,1.4,3.4
2026-07-08 09:00:00,29.5,244.0,41.2,1.4,3.5
2026-07-08 10:00:00,32.3,234.0,33.8,1.7,4.5
2026-07-08 11:00:00,34.2,229.0,29.7,2.1,6.0
2026-07-08 12:00:00,35.3,233.0,26.8,2.2,5.7
2026-07-08 13:00:00,36.1,234.0,21.3,2.2,6.1
2026-07-08 14:00:00,36.9,233.0,17.5,1.8,6.2
2026-07-08 15:00:00,36.9,234.0,17.9,1.9,5.6
2026-07-08 16:00:00,36.6,228.0,18.9,1.8,5.8
2026-07-08 17:00:00,36.4,245.0,18.8,1.8,4.9
2026-07-08 18:00:00,36.1,253.0,17.1,1.8,4.6
2026-07-08 19:00:00,35.3,259.0,20.2,1.9,4.9
2026-07-08 20:00:00,33.4,267.0,31.8,0.9,3.6
2026-07-08 21:00:00,32.5,315.0,24.7,1.1,2.9
2026-07-08 22:00:00,31.7,334.0,23.7,0.8,3.4
2026-07-08 23:00:00,31.0,43.0,25.3,1.8,6.9
2026-07-09 00:00:00,28.6,99.0,57.0,2.9,6.8
2026-07-09 01:00:00,27.1,92.0,66.6,3.1,7.8
2026-07-09 02:00:00,26.3,81.0,69.9,2.6,6.1
2026-07-09 03:00:00,25.7,73.0,71.9,2.5,5.1
2026-07-09 04:00:00,25.4,70.0,70.5,2.3,4.9
2026-07-09 05:00:00,25.3,54.0,68.3,1.6,3.8
2026-07-09 06:00:00,25.8,54.0,64.4,1.3,3.0
2026-07-09 07:00:00,27.7,88.0,53.2,1.6,5.5
2026-07-09 08:00:00,29.8,86.0,45.6,2.2,5.6
2026-07-09 09:00:00,30.3,99.0,43.3,2.3,5.7
2026-07-09 10:00:00,32.0,98.0,38.9,1.6,5.4
2026-07-09 11:00:00,33.4,108.0,35.0,1.6,5.8
2026-07-09 12:00:00,33.9,106.0,33.7,1.5,5.5
2026-07-09 13:00:00,34.2,111.0,31.5,1.6,5.6
2026-07-09 14:00:00,34.4,123.0,29.0,1.7,6.0
2026-07-09 15:00:00,34.1,123.0,29.4,1.8,6.0
2026-07-09 16:00:00,33.5,134.0,34.9,2.1,6.2
2026-07-09 17:00:00,33.6,125.0,30.3,1.5,6.4
2026-07-09 18:00:00,33.2,120.0,30.8,1.5,5.2
2026-07-09 19:00:00,32.7,108.0,31.8,2.2,4.2
2026-07-09 20:00:00,31.8,104.0,34.2,2.3,4.0
2026-07-09 21:00:00,30.8,106.0,39.3,1.7,4.6
2026-07-09 22:00:00,30.4,92.0,41.3,1.7,4.1
2026-07-09 23:00:00,29.9,95.0,39.9,2.4,6.5
2026-07-10 00:00:00,28.1,77.0,47.5,3.4,7.6
2026-07-10 01:00:00,27.1,74.0,49.8,3.7,7.4
2026-07-10 02:00:00,26.8,78.0,48.3,3.2,7.2
2026-07-10 03:00:00,26.6,85.0,46.7,2.0,4.7
2026-07-10 04:00:00,26.4,91.0,48.7,1.5,3.9
2026-07-10 05:00:00,26.2,102.0,50.0,1.6,3.9
2026-07-10 06:00:00,27.0,92.0,48.8,1.3,3.0
2026-07-10 07:00:00,28.3,74.0,43.2,2.5,6.6
2026-07-10 08:00:00,29.7,93.0,37.4,2.4,6.7
2026-07-10 09:00:00,30.2,105.0,37.1,2.5,6.3
2026-07-10 10:00:00,31.8,106.0,34.4,2.4,5.8
2026-07-10 11:00:00,33.5,92.0,31.2,2.2,5.7
2026-07-10 12:00:00,33.8,108.0,30.5,1.4,5.2
2026-07-10 13:00:00,34.1,117.0,28.1,1.3,4.5
2026-07-10 14:00:00,34.6,117.0,30.0,1.6,7.2
2026-07-10 15:00:00,34.3,157.0,28.9,1.4,5.2
2026-07-10 16:00:00,34.0,132.0,32.9,1.7,6.2
2026-07-10 17:00:00,33.6,172.0,35.2,0.9,3.7
2026-07-10 18:00:00,33.1,195.0,36.9,1.4,5.3
2026-07-10 19:00:00,29.7,216.0,47.4,2.4,11.6
2026-07-10 20:00:00,28.4,256.0,47.3,1.3,3.8
2026-07-10 21:00:00,26.5,336.0,66.0,0.7,4.8
2026-07-10 22:00:00,26.4,164.0,69.4,0.7,3.2
2026-07-10 23:00:00,27.1,268.0,60.2,0.7,3.2
2026-07-11 00:00:00,27.2,291.0,55.6,0.9,3.5
2026-07-11 01:00:00,26.8,13.0,57.5,0.9,3.4
2026-07-11 02:00:00,26.6,1.0,57.9,,2.3
2026-07-11 03:00:00,26.4,45.0,60.2,0.8,2.4
2026-07-11 04:00:00,26.4,56.0,60.8,1.4,2.8
2026-07-11 05:00:00,26.5,71.0,60.4,1.4,3.5
2026-07-11 06:00:00,26.7,86.0,60.8,1.7,3.5
2026-07-11 07:00:00,27.3,89.0,59.9,1.2,2.9
2026-07-11 08:00:00,27.3,123.0,61.0,0.9,2.3
2026-07-11 09:00:00,27.8,163.0,59.4,,2.0
2026-07-11 10:00:00,30.2,212.0,47.8,0.7,3.4
2026-07-11 11:00:00,32.3,232.0,36.2,1.2,4.8
2026-07-11 12:00:00,33.0,234.0,34.8,1.3,4.4
2026-07-11 13:00:00,33.5,235.0,34.8,1.8,5.9
2026-07-11 14:00:00,34.0,240.0,34.4,1.5,5.6
2026-07-11 15:00:00,34.3,247.0,31.0,1.6,6.4
2026-07-11 16:00:00,34.0,257.0,32.7,1.3,4.9
2026-07-11 17:00:00,33.8,242.0,29.2,1.9,5.1
2026-07-11 18:00:00,31.0,216.0,36.4,3.3,13.8
2026-07-11 19:00:00,27.5,241.0,46.2,2.1,7.4
2026-07-11 20:00:00,26.8,291.0,51.6,1.3,4.4
2026-07-11 21:00:00,27.3,206.0,51.4,1.0,5.5
2026-07-11 22:00:00,25.4,207.0,57.0,1.7,7.5
2026-07-11 23:00:00,25.3,258.0,55.0,1.2,4.0
2026-07-12 00:00:00,24.7,0.0,57.7,0.9,2.8
2026-07-12 01:00:00,24.8,19.0,58.0,1.6,3.9
2026-07-12 02:00:00,24.2,55.0,64.9,2.0,4.8
2026-07-12 03:00:00,23.9,55.0,66.3,1.2,4.2
2026-07-12 04:00:00,23.8,109.0,66.2,0.4,1.6
2026-07-12 05:00:00,24.0,94.0,65.5,0.6,1.9
2026-07-12 06:00:00,24.2,97.0,65.7,1.2,3.4
2026-07-12 07:00:00,25.2,60.0,62.3,1.1,3.8
2026-07-12 08:00:00,27.1,87.0,54.5,1.4,4.2
2026-07-12 09:00:00,27.8,75.0,51.1,1.2,3.6
2026-07-12 10:00:00,30.1,70.0,45.0,0.8,3.5
2026-07-12 11:00:00,32.1,53.0,37.9,0.9,4.8
2026-07-12 12:00:00,32.6,164.0,38.1,,4.6
2026-07-12 13:00:00,32.9,131.0,39.1,0.9,4.4
2026-07-12 14:00:00,32.5,213.0,42.1,1.6,6.3
2026-07-12 15:00:00,33.1,164.0,39.6,1.2,4.4
2026-07-12 16:00:00,33.3,144.0,38.1,1.2,5.4
2026-07-12 17:00:00,33.0,101.0,37.5,1.9,4.5
2026-07-12 18:00:00,32.4,103.0,40.2,2.1,5.1
2026-07-12 19:00:00,31.4,113.0,41.6,2.4,5.4
2026-07-12 20:00:00,30.6,102.0,45.1,2.5,5.4
2026-07-12 21:00:00,29.9,98.0,49.9,2.3,5.2
2026-07-12 22:00:00,29.3,95.0,52.5,2.7,5.7
2026-07-12 23:00:00,28.6,77.0,56.0,1.9,5.9
2026-07-13 00:00:00,28.0,64.0,58.6,2.0,4.4
2026-07-13 01:00:00,27.5,70.0,60.5,2.1,4.3
2026-07-13 02:00:00,27.0,80.0,63.4,2.7,6.7
2026-07-13 03:00:00,26.0,74.0,67.7,3.3,7.5
2026-07-13 04:00:00,25.7,73.0,66.3,2.7,6.5
2026-07-13 05:00:00,25.6,73.0,63.0,2.5,5.1
2026-07-13 06:00:00,25.8,68.0,66.3,2.8,5.5
2026-07-13 07:00:00,27.0,84.0,62.8,3.2,6.7
2026-07-13 08:00:00,28.5,96.0,52.3,3.0,6.8
2026-07-13 09:00:00,29.5,106.0,45.4,1.9,5.9
2026-07-13 10:00:00,30.9,99.0,41.6,1.4,4.6
2026-07-13 11:00:00,32.6,96.0,38.7,1.1,4.4
2026-07-13 12:00:00,33.0,168.0,38.3,0.5,2.7
2026-07-13 13:00:00,33.9,153.0,36.9,,5.2
2026-07-13 14:00:00,33.4,182.0,39.2,1.2,4.6
2026-07-13 15:00:00,33.4,219.0,38.6,1.3,4.7
2026-07-13 16:00:00,32.3,210.0,41.9,1.1,3.3
2026-07-13 17:00:00,32.3,223.0,39.4,0.8,2.7
2026-07-13 18:00:00,32.1,213.0,38.5,0.9,2.9
2026-07-13 19:00:00,31.4,234.0,40.6,1.3,3.5
2026-07-13 20:00:00,30.8,253.0,46.7,0.9,2.2
2026-07-13 21:00:00,30.1,242.0,50.8,0.6,2.2
2026-07-13 22:00:00,29.6,249.0,52.9,0.5,1.9
2026-07-13 23:00:00,29.2,290.0,53.8,,0.8
2026-07-14 00:00:00,28.9,346.0,55.6,0.5,2.5
2026-07-14 01:00:00,28.4,70.0,57.0,1.2,3.0
2026-07-14 02:00:00,28.1,71.0,58.1,2.0,4.4
2026-07-14 03:00:00,27.1,87.0,63.8,2.1,5.4
2026-07-14 04:00:00,26.5,87.0,65.3,2.0,4.1
2026-07-14 05:00:00,26.4,88.0,63.2,1.2,3.4
2026-07-14 06:00:00,27.1,83.0,58.0,1.0,3.0
2026-07-14 07:00:00,28.0,114.0,50.6,1.5,3.7
2026-07-14 08:00:00,28.8,115.0,50.6,1.6,4.0
2026-07-14 09:00:00,30.0,110.0,46.9,1.2,3.4
2026-07-14 10:00:00,32.1,95.0,39.5,0.9,3.8
2026-07-14 11:00:00,34.2,86.0,35.8,0.9,3.2
2026-07-14 12:00:00,34.5,144.0,36.0,,4.6
2026-07-14 13:00:00,34.5,207.0,37.1,1.1,5.4
2026-07-14 14:00:00,34.6,196.0,36.9,1.2,5.7
2026-07-14 15:00:00,35.0,219.0,33.6,1.6,5.5
2026-07-14 16:00:00,34.7,244.0,35.6,1.3,4.7
2026-07-14 17:00:00,34.3,244.0,35.8,1.4,4.2
2026-07-14 18:00:00,34.0,235.0,35.4,0.8,3.6
2026-07-14 19:00:00,33.4,287.0,34.7,0.6,2.2
2026-07-14 20:00:00,32.6,345.0,36.2,0.3,1.0
2026-07-14 21:00:00,31.7,198.0,43.9,0.9,3.9
2026-07-14 22:00:00,30.5,299.0,52.0,0.6,2.2
2026-07-14 23:00:00,30.1,108.0,49.6,3.3,9.3
2026-07-15 00:00:00,29.1,81.0,50.4,1.9,5.5
2026-07-15 01:00:00,28.2,80.0,49.2,1.9,4.2
2026-07-15 02:00:00,27.1,63.0,49.8,1.0,4.7
2026-07-15 03:00:00,26.8,325.0,52.1,0.5,1.7
2026-07-15 04:00:00,26.6,330.0,53.6,0.4,1.2
2026-07-15 05:00:00,26.5,350.0,54.0,0.4,1.6
2026-07-15 06:00:00,27.0,232.0,53.9,0.4,1.7
2026-07-15 07:00:00,27.6,209.0,54.2,,2.2
2026-07-15 08:00:00,28.7,162.0,50.0,0.6,3.2
2026-07-15 09:00:00,29.4,187.0,48.9,0.7,4.1
2026-07-15 10:00:00,31.6,174.0,44.0,0.5,2.8
2026-07-15 11:00:00,32.7,156.0,42.0,1.0,4.2
2026-07-15 12:00:00,33.1,171.0,42.0,0.7,4.2
2026-07-15 13:00:00,33.4,153.0,41.3,0.7,4.8
2026-07-15 14:00:00,33.6,251.0,41.1,1.3,8.2
2026-07-15 15:00:00,27.8,234.0,73.2,1.8,11.1
2026-07-15 16:00:00,28.6,4.0,54.9,3.3,13.3
2026-07-15 17:00:00,29.4,351.0,46.7,1.4,5.2
2026-07-15 18:00:00,29.2,211.0,50.4,1.5,5.6
2026-07-15 19:00:00,,213.0,58.1,,2.7
2026-07-15 20:00:00,27.8,104.0,59.7,2.0,5.7
2026-07-15 21:00:00,26.6,86.0,66.7,1.9,4.6
2026-07-15 22:00:00,25.9,55.0,70.9,1.5,3.5
2026-07-15 23:00:00,25.7,36.0,70.1,1.4,3.6
2026-07-16 00:00:00,25.3,290.0,71.2,0.5,2.8
2026-07-16 01:00:00,25.3,247.0,70.7,0.9,2.3
2026-07-16 02:00:00,25.0,259.0,72.2,1.1,3.7
2026-07-16 03:00:00,24.6,245.0,67.9,0.6,2.3
2026-07-16 04:00:00,24.3,265.0,69.6,0.8,3.1
2026-07-16 05:00:00,23.8,299.0,69.3,0.9,2.9
2026-07-16 06:00:00,24.0,3.0,68.3,0.4,1.7
2026-07-16 07:00:00,25.5,110.0,63.6,0.4,2.0
2026-07-16 08:00:00,26.6,212.0,64.7,0.8,4.2
2026-07-16 09:00:00,27.8,209.0,57.7,0.5,4.4
2026-07-16 10:00:00,30.4,160.0,48.1,0.9,3.9
2026-07-16 11:00:00,31.6,206.0,46.0,0.7,3.2
2026-07-16 12:00:00,32.8,152.0,41.8,1.0,5.2
2026-07-16 13:00:00,34.1,125.0,39.2,1.0,4.7
2026-07-16 14:00:00,33.7,170.0,39.2,,5.0
2026-07-16 15:00:00,32.1,225.0,39.8,1.5,7.0
2026-07-16 16:00:00,32.7,177.0,39.5,0.5,3.8
2026-07-16 17:00:00,32.9,206.0,37.9,0.7,4.1
2026-07-16 18:00:00,32.2,150.0,43.6,1.5,4.4
2026-07-16 19:00:00,31.5,121.0,47.9,1.8,4.6
2026-07-16 20:00:00,30.7,90.0,53.3,1.7,4.3
2026-07-16 21:00:00,30.2,74.0,54.3,1.6,4.2
2026-07-16 22:00:00,29.4,81.0,59.2,1.5,3.5
2026-07-16 23:00:00,29.1,56.0,60.2,1.4,3.2
2026-07-17 00:00:00,28.7,53.0,60.5,1.9,4.8
2026-07-17 01:00:00,28.4,71.0,60.4,1.2,3.4
2026-07-17 02:00:00,28.4,71.0,60.3,1.1,4.5
2026-07-17 03:00:00,27.8,337.0,59.5,1.5,12.0
2026-07-17 04:00:00,23.7,3.0,66.4,3.5,9.9
2026-07-17 05:00:00,21.6,52.0,79.4,2.0,8.5
2026-07-17 06:00:00,20.1,72.0,93.5,2.3,7.0
2026-07-17 07:00:00,21.0,85.0,88.2,2.2,6.8
2026-07-17 08:00:00,23.5,80.0,69.9,1.0,3.6
2026-07-17 09:00:00,25.1,56.0,62.5,0.7,3.1
2026-07-17 10:00:00,27.6,13.0,54.4,0.6,3.5
2026-07-17 11:00:00,29.7,83.0,49.2,0.8,4.1
2026-07-17 12:00:00,30.9,47.0,46.7,1.0,4.0
2026-07-17 13:00:00,31.3,256.0,44.6,0.7,3.0
2026-07-17 14:00:00,32.3,82.0,43.0,0.4,4.4
2026-07-17 15:00:00,32.6,114.0,44.5,1.1,4.6
2026-07-17 16:00:00,32.4,184.0,46.4,0.7,4.3
2026-07-17 17:00:00,32.1,219.0,47.6,0.9,3.8
2026-07-17 18:00:00,31.7,223.0,48.9,1.1,3.9
2026-07-17 19:00:00,31.1,203.0,49.7,1.3,3.7
2026-07-17 20:00:00,30.1,207.0,52.2,1.5,3.3
2026-07-17 21:00:00,29.6,217.0,54.2,1.1,2.7
2026-07-17 22:00:00,29.0,231.0,57.7,1.1,2.8
2026-07-17 23:00:00,28.3,275.0,60.5,1.0,2.5
2026-07-18 00:00:00,27.9,260.0,59.7,1.2,3.0
2026-07-18 01:00:00,27.5,238.0,61.4,0.9,2.6
2026-07-18 02:00:00,27.0,229.0,66.9,1.1,2.4
2026-07-18 03:00:00,26.5,222.0,69.3,0.9,2.6
2026-07-18 04:00:00,26.0,273.0,72.0,0.7,2.1
2026-07-18 05:00:00,25.6,23.0,73.8,0.5,1.9
2026-07-18 06:00:00,26.1,77.0,68.3,1.4,3.2
2026-07-18 07:00:00,27.2,77.0,61.9,1.7,3.5
2026-07-18 08:00:00,28.6,90.0,58.5,1.4,3.9
2026-07-18 09:00:00,29.6,90.0,54.5,1.0,3.8
2026-07-18 10:00:00,31.2,162.0,50.2,0.5,2.9
2026-07-18 11:00:00,32.7,145.0,47.3,0.7,3.8
2026-07-18 12:00:00,33.5,190.0,44.0,0.8,4.3
2026-07-18 13:00:00,34.3,198.0,40.0,1.1,4.2
2026-07-18 14:00:00,35.1,141.0,34.3,1.2,5.2
2026-07-18 15:00:00,34.5,159.0,35.6,1.3,7.1
2026-07-18 16:00:00,34.7,251.0,28.7,1.0,4.4
2026-07-18 17:00:00,34.4,349.0,29.9,0.5,3.3
2026-07-18 18:00:00,33.8,64.0,31.8,2.3,5.5
2026-07-18 19:00:00,32.9,71.0,35.7,1.8,3.6
2026-07-18 20:00:00,29.3,226.0,55.9,1.9,12.3
2026-07-18 21:00:00,22.3,189.0,81.8,0.8,6.7
2026-07-18 22:00:00,23.6,59.0,78.8,1.3,4.6
2026-07-18 23:00:00,24.8,71.0,74.0,1.1,2.9
2026-07-19 00:00:00,25.3,72.0,67.1,1.8,4.3
2026-07-19 01:00:00,25.1,64.0,62.0,1.5,4.0
2026-07-19 02:00:00,24.1,112.0,64.9,2.5,7.5
2026-07-19 03:00:00,22.8,83.0,67.8,3.0,8.3
2026-07-19 04:00:00,22.4,74.0,71.4,2.7,7.1
2026-07-19 05:00:00,21.9,69.0,75.2,2.3,5.1
2026-07-19 06:00:00,22.1,73.0,76.7,1.6,3.9
2026-07-19 07:00:00,23.4,65.0,70.0,1.6,4.0
2026-07-19 08:00:00,25.6,77.0,59.2,1.8,5.1
2026-07-19 09:00:00,26.9,81.0,53.1,1.3,4.4
2026-07-19 10:00:00,29.3,88.0,45.0,1.3,4.8
2026-07-19 11:00:00,30.5,152.0,42.1,0.7,3.7
2026-07-19 12:00:00,31.3,203.0,40.8,0.7,4.1
2026-07-19 13:00:00,32.5,236.0,37.9,0.8,3.7
2026-07-19 14:00:00,32.7,242.0,36.4,0.7,3.5
2026-07-19 15:00:00,33.1,238.0,31.2,0.8,4.2
2026-07-19 16:00:00,32.8,200.0,34.6,1.4,4.9
2026-07-19 17:00:00,32.8,234.0,32.2,1.4,4.4
2026-07-19 18:00:00,32.1,230.0,38.4,1.5,4.0
2026-07-19 19:00:00,31.0,249.0,46.9,1.4,4.3
2026-07-19 20:00:00,30.1,308.0,45.9,1.1,2.9
2026-07-19 21:00:00,29.2,285.0,46.1,,1.2
2026-07-19 22:00:00,28.7,67.0,46.1,0.4,1.5
2026-07-19 23:00:00,28.3,77.0,54.3,0.9,6.0
2026-07-20 00:00:00,27.8,85.0,52.9,2.1,5.8
2026-07-20 01:00:00,26.7,78.0,60.1,3.1,7.4
2026-07-20 02:00:00,26.1,64.0,69.1,2.7,6.9
2026-07-20 03:00:00,24.9,72.0,80.1,2.4,6.3
2026-07-20 04:00:00,24.8,78.0,76.2,2.9,7.6
2026-07-20 05:00:00,24.1,74.0,72.1,3.1,7.7
2026-07-20 06:00:00,23.2,91.0,78.1,3.5,9.4
2026-07-20 07:00:00,23.5,85.0,74.1,3.2,6.6
2026-07-20 08:00:00,24.8,100.0,67.4,2.7,7.4
2026-07-20 09:00:00,25.2,84.0,63.0,3.6,8.7
2026-07-20 10:00:00,27.3,93.0,51.6,3.9,9.1
2026-07-20 11:00:00,28.7,105.0,45.2,4.4,10.0
2026-07-20 12:00:00,29.6,95.0,42.1,4.0,8.6
2026-07-20 13:00:00,30.4,92.0,40.8,3.2,8.6
2026-07-20 14:00:00,30.5,101.0,41.8,2.3,5.9
2026-07-20 15:00:00,30.6,99.0,43.1,2.0,5.8
2026-07-20 16:00:00,30.3,108.0,44.3,2.0,5.6
2026-07-20 17:00:00,30.2,106.0,44.8,2.0,4.8
2026-07-20 18:00:00,29.6,113.0,46.5,2.5,6.0
2026-07-20 19:00:00,28.7,112.0,48.6,2.4,5.3
2026-07-20 20:00:00,28.0,103.0,52.9,2.4,5.3
2026-07-20 21:00:00,27.7,87.0,54.5,2.3,5.1
2026-07-20 22:00:00,27.2,76.0,57.1,2.2,5.2
2026-07-20 23:00:00,26.8,71.0,58.4,2.1,4.9
