Fold,Observed,Raw Predicted,Normalized Predicted
1,67.68269,54.9490211892883,54.66347249251965
1,70.23076,59.0704328867148,57.63103303885374
1,63.139137,57.451186467377234,57.10457330139139
1,69.793945,51.86424804156459,53.577818719509395
1,75.785034,60.98491380644985,52.90984342411798
1,87.30033,53.56835086545467,50.88505458375433
1,93.11127,50.119667402365955,50.497273302304514
1,69.2431,48.9128222655095,47.239180003192764
1,45.92757,51.425935658101864,47.2417318722097
1,52.18741,49.295209717269685,47.064320162688475
1,44.432262,29.434016309256574,30.00890026863948
1,24.424858,27.30890630362465,25.123221893694648
1,20.629438,29.291320876368886,29.261171753469455
1,28.503496,29.968080539434204,30.84277336458759
1,21.048597,25.499072076207888,23.82281569610372
1,27.934212,29.628947265820184,27.8799326113511
1,30.162401,29.8818828385072,28.222647199997954
1,28.002821,31.022819841431446,27.562056221414487
1,26.320278,30.673350024129572,28.761422449291143
1,33.248135,30.843351091092877,29.55155875087053
1,33.252388,30.612744070576124,30.422447106122224
1,30.82426,29.594028398979194,27.873183665878518
1,40.477386,29.660358057835005,26.81269098805438
1,32.070217,30.762567267042485,29.148945527405722
1,41.370705,28.23555152867052,27.468092215533986
1,52.08309,45.34081524918714,46.18461620363472
1,44.871483,51.19676047056878,47.04314070608064
1,49.84476,37.36956226041452,34.553638224608974
1,44.697117,43.53908433397767,38.83484529202719
1,42.03571,41.125350681213014,38.703572841392266
1,46.7168,32.17400647947175,35.065749207983075
1,36.817863,34.497731492246864,31.82956765701788
1,9.625951,26.62777932227885,27.21373729120419
1,21.393988,27.34347680538994,28.63230036792167
1,15.446391,24.69906437331497,26.5978935176171
1,10.812473,29.082965834294033,29.925935324820028
1,14.383002,26.136816555904723,32.16673661334416
1,15.320862,26.412901651825184,26.267093759628725
1,12.110085,26.200569196390013,26.4933199786487
1,19.885323,27.062752232759987,26.995097874772014
1,26.821283,32.90301437679616,30.19852866209757
1,10.94049,14.691063475878408,15.524181578664972
1,7.658343,17.9259847673471,17.502673052183518
1,6.126674,15.839571278496422,15.848622974012912
1,4.90134,14.541395742692144,14.164928805916523
1,3.921071,14.564328018615141,13.468721384009104
1,3.136857,12.264989881046738,11.480164099169587
1,5.536436,11.754939398156706,12.660854911715505
1,4.522963,11.847609447159815,12.600026805409424
1,6.227459,15.628793525084168,16.742187846942326
1,33.30467,23.528112026326593,23.277440054935216
1,29.799683,24.36584957999991,22.635927212430232
1,23.17266,23.493289429170883,18.041386606835797
1,26.352533,15.51192639649912,16.44273995196116
1,19.356735,12.818564741716344,13.42287281493363
1,13.549714,12.36424931496064,13.424224355178431
1,9.484799,12.01077187297674,12.964113855869053
1,6.639359,11.401657635020307,11.76151069506767
1,5.311488,10.390846750847391,11.080692987234642
1,4.24919,11.4626636080202,13.365271766701895
1,3.399352,13.892678150211015,14.042275151979783
1,3.332175,9.757928172230422,8.79745873327971
1,2.66574,12.214672333265984,16.633339229758537
1,5.046718,11.836781671169668,12.722289285354465
1,14.442321,13.003407386096969,14.203773872230707
1,10.109625,15.521352388212044,16.81184519846935
1,9.232408,18.16898008167916,15.324081663076443
1,6.462685,18.370016849212174,18.144959032448128
1,10.694458,11.487085099073722,11.912604220238583
1,8.739141,10.56032464809127,9.410920181466924
1,16.546259,14.467710085766608,11.735214456617426
1,21.965136,13.988100785923764,12.81359968529168
1,17.789593,12.704488927201151,11.57283057107041
1,12.452715,11.070803532244515,9.533581752491278
1,8.7169,8.068006787585311,7.965171913297709
1,6.141404,8.221501756854877,8.063578889954941
1,12.859263,18.094212378770976,17.37116480111059
1,17.142372,23.44291451007209,22.04748394299626
1,12.191692,26.016138469511045,24.65156058126338
1,25.814713,27.630077842175172,27.4824705934866
1,24.12743,30.6435174558893,29.701018837640113
1,36.88786,39.030513718117284,38.26423480905632
1,41.105724,37.78868432304367,38.154698521436416
1,39.34491,40.06025319543915,39.993521257691796
1,39.375263,42.0908381310292,41.5257109767329
1,38.800594,44.273799360176916,43.24540183334363
1,42.21855,43.47117349237147,43.42818821046223
1,42.040386,44.57256216968077,45.3549587633573
1,55.801586,38.37944832126449,39.51754224170467
1,36.520554,41.57635216270801,45.24797329698705
1,36.21797,42.65821971669161,45.04130917929974
1,37.439793,42.82985923124128,44.18438447468327
1,44.439285,41.864175715138614,37.46101380031432
1,37.522778,36.3279713919086,37.36792149962178
1,28.243483,34.4009484490697,36.63328304042835
1,24.450586,32.264123504493725,32.42431454794835
1,26.642273,31.76204765924276,29.289186437422625
1,34.27865,34.513831035327854,34.31255778999554
1,29.505129,35.86120651901421,36.69149819145937
1,38.20701,43.58315277761523,44.921657016643415
1,37.72245,39.526351887815586,43.88913923094308
1,8.250533,12.778123918790612,10.754673270575974
1,6.600427,15.453819190341042,12.18961906898989
1,8.237901,16.829349566621243,19.423851959758416
1,6.590321,13.138833607635869,9.841143177194336
1,5.272256,15.58439839510821,13.863415608494897
1,4.217805,13.053077891288615,12.791337589744296
1,6.923059,9.8377983043026,11.78549728312004
1,5.538447,11.244314615895448,12.14138629699144
1,4.430758,13.032417072739431,15.388325610621521
1,3.544606,14.69630685339491,15.601735715122276
1,2.835685,13.78581309965433,15.942873491228092
1,4.132924,15.036523927620918,14.800085123309143
1,3.306339,11.956557849279072,11.871935862128254
1,2.645071,11.766304326040164,10.985318691517266
1,2.116057,10.188886851967405,10.774896926065992
1,1.692846,10.131948527692822,15.682201807567036
1,5.650986,11.435603650494915,9.310681854057322
1,4.520789,10.509042492190405,10.181284262178146
1,9.563685,13.16575773143096,12.567291154401538
1,7.650948,15.558018840325236,14.756298170307579
1,43.596584,16.825624445727076,18.62358563588516
1,34.993046,19.976755192801537,23.605311702241245
1,31.24635,24.94814431714652,28.6908817907359
1,42.418377,23.97569040727102,22.46202814494712
1,42.33203,24.20606733817495,24.187791052589183
1,38.942425,25.11806803188358,25.825219619282777
1,37.69614,25.594778923903302,24.26427026443457
1,34.295586,20.080972307831928,19.534252422869734
1,34.37877,15.929029208581655,16.63585096031728
1,25.48655,17.74668764160603,16.831262044064985
1,18.489647,16.195332800670165,14.220530610091059
1,19.850994,13.632706092212363,18.9421168229411
1,18.339758,18.878730028887706,17.85347331807746
1,12.837831,19.473276100375678,18.686956756676356
1,8.986482,14.539104377243829,17.141874885349722
1,9.377698,7.453805192128915,11.040151504519017
1,7.502158,7.144281741926821,8.45808481871024
1,17.055107,8.846834261679364,12.821876524783509
1,11.938575,4.5034895524654415,4.5298291324827895
1,8.357002,6.417501564016828,8.693507563686254
1,0.853067,4.276090461194711,4.051374798385714
1,0.682454,4.276090461194711,4.765991827379488
1,0.545963,5.069452986119716,8.692211841133398
1,1.112067,5.595447696403543,6.303507856001928
1,0.889654,5.517875161791215,6.556052011500591
1,0.711723,7.076539721027925,7.185501273719085
1,1.24747,5.2644003977577025,6.1947626414430825
1,0.997976,9.914221078147962,10.489360843362164
1,1.644027,6.768228406656353,9.164528523949398
1,2.195062,6.38053588264281,8.285828723842986
1,2.17853,6.20010613168859,8.403995297043348
1,5.500564,7.165693484205866,8.16081567530714
1,4.400451,5.760474656087193,5.521134840844265
1,3.52036,6.239881109242535,5.763145895986911
1,2.816288,7.154036868040133,7.056153693862084
1,2.689135,7.522995449858671,7.544420126347704
1,2.151308,5.796628140843017,5.742330324650306
1,1.721046,5.496089710798536,5.236561442456296
1,1.376837,6.590282265158953,7.149613267502744
1,1.10147,6.509794999694913,6.7692825030357096
1,4.033495,13.243304929455656,13.924602550927073
1,3.226796,13.900840477561704,12.552492369348746
1,6.189352,15.183182094957466,11.899551121082707
1,4.954061,15.713362096063957,15.148597807871772
1,3.963248,14.212654936417417,12.97523653859558
1,11.36867,15.817201725268637,14.20443716570313
1,10.428127,17.608087910494206,14.613478906145456
1,8.432708,16.10476358849035,14.337333604740362
1,7.287154,17.714550933888162,14.705204914850714
1,16.086359,15.044786186899843,14.449623911826052
1,16.309397,13.058789540923032,14.213493894713322
1,18.786394,12.723283689355277,14.65451570998579
1,14.757401,12.346459590238636,12.762228899596908
1,12.294885,9.84359435436449,9.205017492410617
1,8.60642,9.194785874526003,9.073583279590544
1,6.024494,8.296213129529141,7.321447474209232
1,5.450798,10.417863528978133,8.961557042999068
1,4.360638,6.8928958426926785,8.161366754436388
1,5.481942,9.442482998916555,11.262910771106569
1,8.562828,7.622454651741689,9.56506545567103
1,12.996526,15.799648441280189,15.247161204623714
1,22.686815,15.496849957137114,14.245642903012381
1,20.193777,14.62105708319973,14.459363796371969
1,20.8211,13.300454346204775,16.317497871360313
1,17.426233,14.778320524707883,12.262927575481571
1,17.624119,15.09276608248647,13.347450669505795
1,23.885204,12.064326474773644,10.266799792329996
1,16.719643,12.61590977148555,12.031873945818056
1,19.34044,11.937009262019497,11.71710362181098
1,16.286564,10.874374703909936,10.85717138267021
1,11.569413,9.24980919019438,9.943629007172584
1,9.836084,10.034949153382886,11.038395543708143
1,15.225227,9.382328436536552,8.171143646056747
1,10.657659,8.52013926361237,8.302180980822795
1,9.806189,9.496126906474963,8.826296919277292
1,11.300672,8.596626081855426,9.223053882490841
1,9.040537,8.787037023957224,8.639317695858939
1,16.793787,9.591650873990597,8.398236467494403
1,13.327405,9.217479967935361,8.200162198390808
1,15.027711,10.978384542686609,9.142864739762777
1,17.141315,18.001137655397056,19.03188174749246
1,16.649006,16.45643388160278,17.262950424947928
1,18.837656,13.153030126498924,13.536372869414869
1,18.292511,19.64085281726852,16.053270937202377
1,19.970356,16.275181415536345,13.970158981346618
1,20.55065,16.906967319923783,18.925901641049613
1,22.914953,16.170847760434295,13.826551437905996
1,17.963928,16.564084408703255,15.98457167537305
1,20.239687,18.696239258944804,17.654728536085422
1,15.43573,18.55125664597719,16.958936513650357
1,12.180099,14.534669770218946,16.775636918766956
1,15.862415,15.553280102502061,14.216438729504837
1,11.10369,12.152398137921361,13.107694427268815
1,10.188955,12.936904452880052,12.865594085573932
1,10.733507,10.061797468288413,10.076810224162125
1,8.586805,12.164265642500279,12.619168535624922
1,16.390417,12.37761666487198,11.579834464652315
1,16.38413,10.783781869991147,8.92998402764888
1,13.921471,13.796168954116192,13.149382579335553
1,15.113591,17.298711843419735,15.755597412771975
1,27.584185,18.846285502378038,16.2428479946065
1,29.703705,17.9138953712325,15.689838749665824
1,29.847582,20.742792056828076,20.366906129371145
1,25.825487,17.2935928352433,16.723980560711148
1,18.07784,20.258409660321526,17.41468356985887
1,19.957663,20.605890119957348,17.24580993334358
1,17.919788,20.694792844834346,17.2062866779015
1,14.772217,18.922111760320337,15.977619619071419
1,22.238562,15.605309427937778,17.8272358056112
1,23.8289,19.03854730792508,19.044281351252135
1,26.651749,16.92603060196691,19.329942321962836
1,18.656223,13.905130140845724,12.716135114795316
1,13.059356,12.22439601459385,14.181587934151326
1,9.141549,11.632213278741256,11.253926757977462
1,6.399084,9.160596586708559,9.425530179630059
1,6.648058,8.55738003723275,7.608681474146784
1,6.264514,8.380972106879844,7.103469264289365
1,5.011612,8.846112535668194,7.194588165436285
1,4.00929,9.598162822421717,7.138535522700744
1,11.871968,10.377783454816578,11.450227849345058
1,15.947762,10.06789830367758,11.51185927458176
1,17.699474,13.436609705775039,11.365561916398503
1,17.998661,11.694024063179278,12.72362502603691
1,12.599063,12.184059293997,13.695047830272841
1,23.132015,12.330709173406726,12.961205097604504
1,16.19241,15.192322473763952,15.171483342559819
1,23.926908,14.126722979166559,14.701461859943073
1,16.748837,14.00730304669343,14.10515377430916
1,17.304228,13.039188101236624,13.677339585341842
1,17.847872,10.326690668637845,12.03157080179787
1,12.49351,9.524167008387447,12.718591427794854
1,14.86264,7.7084344533225755,10.435104986554826
1,10.403848,5.882812832410025,7.024258120862665
1,7.282693,5.472476221958544,6.502588100703821
1,5.826155,5.9168645491297704,7.628683886681176
1,4.660924,6.786545798140951,7.302404283918205
1,3.728739,7.210699979584121,7.119171762758373
1,2.982991,6.4831880795670465,5.848050653226748
1,5.766173,7.540592212291904,6.862343706249108
1,7.38159,12.331815853669154,11.46188715618824
1,9.218453,13.82466372475769,13.325640327385635
1,7.374763,11.817391535315192,13.195176964800396
1,16.109543,10.485823151372642,12.231060212205465
1,11.27668,11.664876425314489,11.84557379177344
1,7.893676,13.480136630135929,12.948375439368114
1,20.153313,15.975837894668391,16.154728429937265
1,14.10732,15.488513867459883,12.944855563838145
1,12.515752,14.21866097021084,12.948086298201316
1,12.372086,11.377227608649992,11.425283894532228
1,17.499493,9.02314176960143,9.409080968453742
1,12.249644,8.518268525503853,8.668449847975946
1,18.574938,9.090190895797113,8.6178779690087
1,13.002457,9.311366409295019,8.222029089322776
1,15.776974,8.847667994754818,9.147765510898521
1,11.043881,7.8788230003366335,7.071686246221455
1,7.730716,7.919724605253612,8.300675153457663
1,6.184573,7.771769973023815,6.239754587010056
1,8.212934,8.984894102302333,7.619410428830387
1,7.82732,12.483860775971715,11.856154638395987
1,8.560114,12.310634281097492,10.85404578853246
1,6.848091,12.058119946515415,10.283874668031542
1,5.478473,11.491958986167282,10.296297073634094
1,6.298899,11.506368304295945,10.095039569894402
1,5.039119,7.732263446736449,7.393119192182753
1,8.575879,9.992414348619752,10.817955923349697
1,6.860703,9.766096874722487,8.559715084794764
1,13.108752,9.926866048004625,9.422544981029967
1,10.307035,10.647340746448371,9.238593079242031
1,16.751722,11.318636193448963,10.197279062630797
1,17.072414,10.472926273967422,9.141591488364636
1,11.95069,11.421524137610652,10.148784524853802
1,12.131922,10.848414698400054,9.612779864658933
1,8.492345,9.88373939231495,8.050543493284504
1,14.837406,9.260611820292445,7.627058542636826
1,11.653516,9.680976374642153,7.778169384211057
1,8.157461,9.658308415354423,7.499649109560672
1,6.040737,9.597264374582242,7.628475426128274
1,4.83259,9.939950642615434,7.628475426128274
1,7.924985,11.438657092600778,8.92672840566913
1,6.198533,9.890182689752605,9.817169986092084
1,7.435431,10.67318174912587,10.04184049694957
1,11.714627,11.990335953648414,12.050770585414275
1,10.651694,12.999733497517788,12.903717912100197
1,8.521356,10.859711211797729,9.377306107812762
1,11.811102,11.974800539389264,10.85069487202851
1,12.299852,11.046947532543431,12.01237022636865
1,8.609897,9.499512084406557,10.365872200682873
1,11.175605,8.056341610961562,7.610366244045966
1,13.721709,7.424837321996394,6.605140676870616
1,15.492308,8.623803477122149,11.255015944391179
1,10.844615,7.521775062558046,8.910731428058204
1,7.59123,5.421847741996243,5.768750775574423
1,6.072984,5.79114375960137,6.198817665924623
1,16.5859,4.171366421681622,4.488399107858644
1,11.610129,5.344193308449421,4.346755329162161
1,8.12709,5.363218348752045,4.046567237608393
1,5.688963,5.923240643563754,4.7135381759380826
1,4.551171,6.771014552682048,7.130356860666415
1,5.028231,7.1795163584395825,5.841121999369953
1,4.022585,7.5234466451540225,6.009983882058863
1,3.218068,9.353670642386493,9.239123052926892
1,2.574454,7.096208850847739,6.8289543174873
1,2.059563,6.81802423140998,5.455121500001018
1,6.87854,5.8227173426432435,4.900605374094682
1,5.502832,5.003095535003037,4.951755199805652
1,4.402266,6.9471372399302735,7.1129714899984435
1,3.521812,7.942081979287616,7.00291433975386
1,4.979111,7.070844575845969,6.443134924381316
1,6.359233,5.330743179132856,5.630560623129422
1,5.087386,4.331939758027921,4.603537969322097
1,4.069909,4.353975069685942,4.5878588776559335
1,3.90973,5.714328560720108,5.2786060932100165
1,10.055861,4.701927095023369,4.033214944534129
1,8.044688,4.68778583429455,4.05912233814883
1,6.43575,4.9152342830665265,4.626145575668276
1,5.148601,5.5359169830476755,5.6113754658635315
1,4.11888,7.248241162323403,6.93705251562008
1,9.279775,7.029149180274496,7.086034829201968
1,5.985634,9.477250991903077,10.741160122492243
1,4.788507,10.952117337562234,11.066440154992879
1,5.785459,11.555543883942285,11.991391998364147
1,4.628367,11.14179292151772,12.778399304283724
1,7.622595,11.350057405408828,12.183995303977005
1,6.098076,12.270749129904393,11.209168085023643
1,4.878461,10.8984504747426,10.252717959915062
1,3.902769,11.632113480006034,11.87038611682689
1,6.380818,10.300176786432058,10.755151885655486
1,10.00974,10.847956835432852,10.724508388014812
1,8.007792,9.438944465227333,10.20280132693016
1,6.406233,10.139791040823207,10.908810921791577
1,6.033283,9.070672943592982,9.949919728411704
1,4.826626,8.8481879414416,8.82567376745897
1,4.011291,9.123485362556261,8.773931317454334
1,3.209032,7.837889096133824,8.711326853966426
1,2.567226,8.474680047151843,8.12125456064821
1,6.081486,10.342507476610336,9.33721953531834
1,4.865189,7.747990623360273,9.341649889831091
1,3.892151,10.688795858668156,11.01205602432297
1,16.014273,12.74251501302697,13.372808070897396
1,11.209991,14.889320535107258,14.567718358693803
1,13.107962,12.954948411171909,13.846741799910857
1,9.175573,14.747467593368293,15.60622355576022
1,19.046364,15.630235831671731,14.89987381514762
1,13.332455,14.13994748706526,14.847570816792825
1,20.066246,16.59139902288781,14.841932422889867
1,21.303028,13.949871255039849,13.702315550385658
1,14.91212,12.737276796934221,13.322738173545208
1,13.678609,12.224487511904742,12.709402180753164
1,9.575027,12.416998935622797,13.875127949492962
1,10.645933,12.76221316751005,13.424845570695842
1,10.56233,12.444053491999997,12.478900646845
1,9.458423,11.634002979001822,11.255385806750038
1,19.550175,12.349670918630817,11.357777592977817
1,13.685122,12.483231260970724,12.5930353724981
1,9.579586,11.528715921417303,10.520019149540298
1,6.98202,12.87300808028853,11.925329656429934
1,5.585616,8.507132497636865,9.968494597213434
1,4.581488,9.331210908804008,10.237659470635224
1,7.136388,10.315115656980437,12.842795678506945
1,8.063956,12.16006019922649,14.520673018081425
1,8.179238,9.987190461640495,10.824544142848966
1,6.543391,9.156664348946116,10.109376015444747
1,12.564618,9.73338961899048,9.599385426054244
1,10.051695,12.376267091753858,11.524357372205287
1,13.54059,14.608280243937358,12.887694606598167
1,19.277142,15.746085993321788,13.742105776170426
1,13.494,14.220542630389284,14.576597387945997
1,9.445799,17.06733979995567,13.360901523418393
1,9.018764,12.462476736595745,11.784500029407456
1,11.330335,11.38896392654382,11.494174650047082
1,14.411272,11.888024925505523,12.536701408497592
1,13.300553,11.757388871068681,10.67245186193002
1,14.807077,11.663569653906908,11.572411167159807
1,12.156652,9.868477688232947,10.307912421488545
1,12.927179,10.006063527492774,8.781750422145594
1,13.578027,9.26196632473578,8.197625123235614
1,10.170398,7.242532348596372,8.133560741537277
1,13.77335,9.309973986580022,10.042367684033946
1,1.077501,7.888974454234986,8.910905793878811
1,0.862001,9.868347942381101,10.29365537108274
1,2.053025,10.07290734443456,10.248422902567548
1,2.828319,9.714616948495248,10.905986164207924
1,2.574668,12.68113020848128,10.250091426202857
1,4.949146,11.742970196839742,10.013674604082738
1,3.959317,12.539004633935605,10.473163560047373
1,4.470441,13.1783318822986,10.77951755312099
1,3.854729,11.000812063741343,10.599327064318093
1,6.090901,10.464819289256445,9.715546662186059
1,4.872721,9.868335967930479,10.331823426186132
1,4.99082,9.887255477967287,9.744755299947855
1,8.227305,9.576845162197975,8.824047856295524
1,8.607205,8.173975231234028,6.938239893072599
1,9.470193,8.109973770376172,7.2231545835523265
1,7.576155,8.62872174455831,7.89001368524575
1,6.060924,7.688798950593414,7.035986233166644
1,6.66376,8.714844463699071,8.685592655884552
1,6.074021,10.630485587251586,9.570071138881175
1,4.859217,9.030573592846833,10.053001244407314
1,13.867336,14.005505577921264,13.421950817964618
1,9.707135,14.328541588904997,14.677968010605703
1,28.461819,16.025469260030995,14.420475755591644
1,19.923275,15.84542877492134,15.872064785563314
1,18.450779,15.619556184759666,14.32859649336931
1,16.601215,14.062318248811673,14.052754823209533
1,16.488968,16.99522517252528,18.053639867658237
1,18.228682,18.537797724773164,19.2192588822695
1,20.837023,16.44928508449074,16.352414650951246
1,15.659999,15.41626028025321,14.74927605291112
1,14.543929,15.709963808147691,14.34511008725634
1,16.87955,14.413076026635043,13.551827848158586
1,14.203603,12.900320663376823,12.731246555145292
1,14.379612,11.41689710008333,11.952168100047704
1,12.457269,11.863044641541784,11.501117187792463
1,13.635645,13.678218757103311,13.081419067419159
1,13.709977,13.215666693263584,13.514013125624803
1,11.66385,14.652395270989373,15.344992666238118
1,12.033765,13.80011822052594,13.47679928624595
1,17.213306,13.839428345800657,13.039339165019605
1,17.161772,15.03977073327733,12.731260932658776
1,12.01324,13.271267491546073,13.880593501441227
1,14.432296,12.404534929022432,12.171491179030356
1,10.102607,12.095411739296308,13.821474864260585
1,8.165543,15.69962240069166,14.4797095488173
1,7.214819,13.020196891653757,14.389218385454773
1,7.721473,13.770848747222953,13.886905208480679
1,11.238924,13.454544248766712,14.826652259485138
1,15.678229,12.891112454490864,12.61734053285422
1,10.97476,14.444891567838056,13.218160284044595
1,13.331749,13.383525377957112,13.6765082438961
1,15.625972,15.282143091660544,16.040802741911143
1,15.293416,13.122927357032069,12.867272330535249
1,15.474737,11.242966729917294,11.039397053698742
1,16.273438,10.568464673001275,9.918607765313988
1,11.391406,11.289598790723348,11.211814733660267
1,8.774026,9.776970153105154,8.420017068109559
1,17.309105,10.165678666383016,9.479708439962552
1,12.116373,10.978986981447802,10.541224363726498
1,11.732324,12.092358288724963,11.547128764408672
1,9.817568,9.646861467351158,7.924046350101006
1,14.509,8.603810868911971,7.898199816400063
1,10.1563,8.288202758371535,7.80670576084411
1,14.954224,8.957119081579677,8.063682530164995
1,7.327569,10.100097759987461,9.422355776586674
1,7.486901,8.692914358384249,8.732747161173641
1,9.626069,10.994371880686344,10.513851590936616
1,7.700855,11.475500764060683,10.623004684973148
1,7.257786,10.092752495199303,9.894042504363988
1,8.494874,10.39223366511003,10.996470872770812
1,8.237073,11.275077682018567,11.069174025195908
1,8.55273,10.973471793169086,11.788580437619721
1,6.842184,11.34427951893041,11.626600976865781
1,19.395075,13.017911376228392,16.31092852998946
1,13.576552,11.221041934924884,12.122879407711071
1,9.503587,12.333507868096225,11.528993552788247
1,12.809609,11.180371063854627,11.652834888505632
1,10.039657,11.552777834107603,11.154113442310237
1,8.121471,11.054308082322358,10.994219707922818
1,10.932205,10.727750966035206,9.348730405190702
1,9.87918,9.855178162015829,8.101365137917485
1,7.903343,9.29291892841865,8.417054619956392
1,6.322675,10.025173542847583,9.83064142009003
1,8.653919,7.423459492608248,10.210447206356314
1,8.101994,10.1568950704006,9.057816646694608
1,9.683201,9.528326260175362,9.542297960790812
1,21.746304,10.63348288659127,11.092306726269276
1,15.733839,11.33038189749633,10.575361742929939
1,22.76654,11.531860941609937,12.459293783090343
1,15.936578,10.650411039944377,13.322162335350312
1,17.144156,10.610551183109566,10.379982459992084
1,12.364718,10.809753033718998,11.222738900916896
1,11.834574,10.80225576853335,10.65291505114419
1,14.717128,11.60204415023588,12.13342718496817
1,16.13624,10.77437680642024,11.794001145056738
1,11.295368,9.359465545688257,10.469356030065702
1,10.55358,9.323566553381543,10.302746976678117
1,9.25862,9.735387939080049,10.313789572902545
1,11.66769,9.057707768900027,9.406238682232129
1,12.187114,9.463659541396531,9.252966965083061
1,8.530979,9.399988427526893,7.977525942848931
1,6.824783,7.724316849233809,6.702693431736912
1,5.459826,8.548024631235476,7.251375996885889
1,13.930033,9.133818409211509,11.102291016945493
1,11.144027,9.545978297761078,9.947341864404343
1,7.800818,10.290064180269582,9.848282258384575
1,9.525413,14.838288329987373,15.405484215000321
1,9.665645,14.53125217401356,13.63519347509882
1,17.826473,13.449707704639879,14.703345930196525
1,16.664688,12.510065348684376,13.109872983233107
1,13.131764,12.076353984078303,10.587325150465034
1,15.498086,14.322220837777131,12.81864795175205
1,13.833428,12.111067949216222,12.237746642954905
1,9.6834,11.352976123316536,11.373239547535881
1,11.111172,9.320848885067209,9.433576432854974
1,7.777821,10.368646564042459,9.338512303180233
1,6.222256,10.131127944638918,9.657375592202428
1,5.635241,9.933551966088732,8.108922466741218
1,4.508193,9.642184386668752,11.126867392237147
1,3.606555,9.303199079749206,8.118972536072734
1,8.599446,9.374437213226853,9.799506742925576
1,9.028245,10.349662250473397,11.21209904524567
1,11.292006,9.58900054264013,10.189534030530059
1,7.904404,10.104062897183711,12.454355129522698
1,6.323523,9.17298961930918,7.766011482077961
1,7.503488,10.204107604047062,9.938955463032421
1,15.523767,9.436574541760436,8.666258636432525
1,16.356377,10.092847091454757,9.176865491022943
1,11.449464,10.651274293675694,12.696493811289923
1,8.014625,8.989356631702924,8.683966459471225
1,6.218125,8.02577035724663,9.192907361294447
1,7.766333,9.437556413880438,9.718807908495105
1,6.213066,8.531786718290011,8.50757523458273
1,8.606278,9.498925952656084,9.542836252738613
1,9.604775,9.182096772870917,8.61896477925814
1,18.59146,8.956565514300893,8.69951543452121
1,13.014021,8.332618130712893,8.755421890397653
1,9.109815,8.21649268776302,9.447665549495039
1,6.37687,8.663962759022395,8.320189923003207
1,9.411436,8.302783009271732,7.357284602280169
1,7.529149,6.948701883827824,6.914371828529586
1,11.732039,5.763417307745046,4.672152719050228
1,9.385632,6.059326415108319,5.211959132886558
1,8.123,6.903242326579266,5.761682048936884
1,14.735278,5.99799213091382,5.901320787480092
1,10.314694,6.28730837538744,5.585125490615519
1,17.13424,16.508790813169835,15.419940587067003
1,21.01116,15.139016320533093,14.224504373510573
1,24.754417,15.814364314448051,17.694082345448514
1,24.723473,16.062107752182133,15.851098811171385
1,17.30643,18.952537168783127,18.377653367228874
1,22.516907,18.105935075568368,20.685548413265114
1,30.24473,22.66872460766805,23.055279056730246
1,21.17131,22.461577098018566,21.827144597900627
1,19.666956,18.270056533309265,20.94855242893022
1,25.715595,16.49655263869003,19.595176366511712
1,24.998991,17.560691156653093,19.19282963300945
1,20.636515,16.077883544694625,17.925061701650176
1,25.894564,15.16057863951895,14.973641771338604
1,18.126192,15.632529955884102,15.23413932476375
1,15.973145,12.673516200620199,13.57533184673509
1,11.181202,11.49526176351283,10.642222927389502
1,10.549564,11.857058183205845,13.560022797028939
1,19.161547,12.52928242918642,11.500957899807343
1,22.38568,12.440519415947177,11.098245367872495
1,16.611107,20.19413176015861,20.255952688925525
1,15.830251,14.312874216759072,14.699322787176191
1,15.992076,20.084464274610408,18.953952135643345
1,26.478014,12.828423892389743,13.27933614973036
1,25.339334,15.779353640186793,17.350387075170996
1,19.582577,15.07122807708647,16.03866195594099
1,33.564075,17.34864091043567,17.35826211380432
1,23.494852,16.662919701561776,16.9478067228733
1,28.40192,16.39231484550878,15.740200214898772
1,22.557838,17.380299405506758,18.134528000408974
1,18.755383,16.70720930305858,16.572555487251723
1,18.481543,19.29090868002829,17.61120469583674
1,20.826147,15.92623357481968,16.278362464764385
1,31.012966,14.536910321829648,14.45740652500063
1,21.709076,13.323826892646894,13.761814206230595
1,16.029303,13.635324687850488,13.506773054630504
1,11.220511,12.317570898686336,11.474396376248489
1,7.854358,12.799420491084685,13.788034507765063
1,18.963064,11.738008419211422,12.42462576759958
1,13.274145,12.84134570329719,13.14771881881715
2,50.14988,38.07643136802243,42.28479653552832
2,47.17092,37.94046716838175,41.668600347784064
2,47.07317,34.30221654332572,38.969252712494374
2,53.311874,44.03999533391744,44.50536342625282
2,53.524803,48.35059152864361,46.07476325469915
2,45.418583,46.42571881183731,46.52393737244319
2,52.62732,49.11044512622638,50.11624901589054
2,51.288532,56.55873174779735,53.07089949907061
2,16.54089,17.02859719120808,14.31076367393003
2,25.768703,17.035246488632847,18.538549653816744
2,28.273441,17.150236997775927,18.78068137860613
2,31.082441,20.231877605675482,23.73970620740034
2,21.75771,21.474909028577876,24.004493951758807
2,17.252962,28.128004544275633,28.425785275482166
2,39.80011,44.78414053696737,42.9537985970577
2,42.786766,43.7453430181148,41.417154955863644
2,35.38658,33.85185154575239,28.48490266919366
2,30.165613,32.283316302519694,26.981733343093484
2,26.193525,26.31392374369074,27.275894437253438
2,21.700668,28.075682144099172,27.574943987590245
2,22.096312,26.671423558310455,26.356699686724642
2,26.255398,21.86343677462096,28.90465509846667
2,19.461077,22.990879667087984,22.758325711549166
2,25.265228,24.989931267436415,25.450277325475522
2,23.29621,26.847380833167957,34.55851916120864
2,42.036182,32.84767577910286,43.38840730018346
2,14.401361,13.025320534492838,14.554091962846782
2,10.56361,13.146304274268918,15.323064146599155
2,20.445492,17.756178413004857,22.926051156796063
2,17.720764,15.704546175166481,16.442486517819013
2,15.163108,14.39538521280098,17.475728572643433
2,5.506574,9.910860616354412,11.286954389914653
2,4.405259,9.660755794019618,10.297492148042972
2,3.524207,8.023141770617805,7.664220953765269
2,4.49335,8.081340301642072,7.316531716128426
2,3.771225,6.587962756442731,6.59375800368481
2,3.01698,6.576083316165872,5.34667775970304
2,2.413584,4.943504110753936,6.905328365659507
2,3.856329,4.293992037756019,5.990534970061381
2,3.126035,5.932988227137621,7.0215839686535135
2,15.541617,12.567404161357278,11.188393086439929
2,12.898989,11.018344638611154,11.155125965803274
2,12.379317,9.93616097614968,9.363761933338997
2,8.665522,8.217516421940479,7.489029505326413
2,6.065865,6.472970949024312,5.6711315598282015
2,4.852692,4.6931419058412525,5.213294399499849
2,6.920417,15.867602843688204,12.460301793921527
2,15.191792,16.792281446025495,13.586188717611703
2,4.948502,5.692439332751088,6.369504043587057
2,7.080663,6.920067099389058,7.845780604680332
2,5.664531,6.316471885132286,6.3413702025327385
2,4.531625,4.535580394941524,7.662274119949219
2,4.237572,6.100022146039632,5.1176121682254685
2,8.496306,5.53072669105549,6.395107478751264
2,6.797045,5.679702005014726,5.209333241804845
2,7.553957,6.300331698627264,5.843976592280104
2,6.043166,6.4033890499775605,6.054609814028699
2,6.391079,7.321214440917936,6.603484541744944
2,21.793552,26.405136073153905,29.837382483046763
2,28.496494,26.426631816423406,28.369058153867567
2,20.85678,27.986685571918844,28.15743347132519
2,18.75279,25.813873365269355,25.000533986317414
2,23.232035,24.983356515760597,22.289129539577267
2,35.700077,24.05114834709857,23.168232489161895
2,28.990786,25.744064199752895,26.362701214217207
2,25.305603,25.60685897010895,27.9718392578049
2,29.350735,21.877086582915364,27.344744888261356
2,40.08932,25.47616776239976,28.803147784966157
2,29.313187,24.768771038790504,31.03688001412442
2,34.224545,22.32862636482693,29.825372380389556
2,30.829412,40.26072761556348,41.353143361358015
2,33.40903,40.233383397464934,42.014834882890646
2,45.526115,40.33990086165565,42.92115065145886
2,45.983295,43.462508794418575,47.67138724367409
2,47.228165,44.663478829582964,49.013478009882824
2,52.1715,41.89659280305395,47.22977115431772
2,54.74085,43.13213372660994,47.15445966636844
2,46.948944,44.39495911599008,46.838487765873495
2,49.51665,42.161085080113324,43.225140981585035
2,36.697163,38.13010359305336,39.99890794728387
2,30.705128,34.95363790450572,33.81995210601493
2,41.791103,24.342268169296474,24.852398470706298
2,34.493423,38.85597051654838,39.51230477238573
2,36.43752,42.26258987854573,43.087155971696795
2,30.504715,41.359624015212304,40.681822158825305
2,35.936275,37.371135775258914,34.49498430016249
2,35.706882,37.71675239296244,34.106741600264954
2,53.832523,36.61711096778249,38.1117027165294
2,43.49499,43.29754470638311,40.51220759371885
2,47.779373,40.5328869068901,41.127120575635146
2,43.158913,43.08905960018081,46.367099488755365
2,43.702885,42.55533115404024,48.64426295437162
2,47.8211,45.37105030626462,43.65953423263194
2,39.58402,49.06522903525163,47.92647184688685
2,38.31296,49.134458339201906,46.85499669808845
2,39.072235,50.15567133275603,49.21430085796394
2,37.93389,50.134867616770634,49.36952597346659
2,47.944126,50.8731300080548,51.81852698386242
2,43.054398,50.41195385164187,51.700367880225095
2,43.666378,48.997749332676904,49.762981979579216
2,42.888718,48.48314016988193,48.52179766157506
2,49.205322,48.34394242267086,44.91739332223288
2,41.48721,42.45607115182854,45.371980769891486
2,44.091007,46.793597252610944,44.93101894551146
2,49.43545,43.46145814723182,42.907476080705145
2,52.71398,39.508435965100404,39.0271507459403
2,42.516945,41.362741192934635,39.06127445668517
2,47.95215,44.777875085773644,46.50102906556054
2,46.0091,42.7849245983639,46.68624449946427
2,46.659863,48.38750940300824,47.38790386253045
2,23.11503,18.93487381011381,22.31223394135036
2,16.180521,16.7746274471982,24.63748231131458
2,29.63634,14.687242566089214,17.365912511015928
2,20.745438,15.77235708016113,11.233018914306001
2,18.865751,17.873426370145157,16.34596033852704
2,15.732368,19.06728773731291,17.917803980755966
2,29.38023,25.122006300685182,21.349432607728563
2,24.790157,26.115029681401595,17.75020330499196
2,20.65927,17.778415384368508,16.628093453236975
2,21.064716,22.597060872302038,15.038164884624615
2,21.58857,23.954703152551488,17.36463382733119
2,24.407068,23.202716687428346,18.752564608850417
2,25.18387,25.70720192707326,19.502891750335486
2,18.960646,21.77300083454326,17.071648090181228
2,21.972511,18.659609000881304,13.162738422730476
2,23.297804,11.38052149387029,8.894387897589548
2,19.711506,14.347733718565653,19.331187197208592
2,23.110973,14.41586843844593,19.159931159925975
2,31.267939,16.96936567055305,15.645902748602602
2,24.447638,16.834790706493575,20.20757682846727
2,22.688177,26.191590294961557,27.251055183118222
2,21.757145,21.754834406246193,19.77843258464194
2,22.103062,20.147805687842443,22.067886280865075
2,26.97234,16.912547393728175,13.300596105230683
2,20.356594,20.756362051474667,16.461917674080386
2,28.081175,20.94953597275015,21.339305598623252
2,28.13611,18.914115184615994,19.32642517315738
2,19.695276,16.30856028250693,16.426192905527053
2,22.86004,14.125168733595387,15.904956560722963
2,23.266273,14.226736080616925,11.081088913753224
2,16.28639,17.70899792457409,11.670467622931554
2,16.404776,20.110880058795132,12.290740832347465
2,16.273125,12.057181577597536,10.979419389593932
2,11.391187,11.00589747712438,11.345780482962699
2,13.235589,9.150384822998928,9.094719433338689
2,9.264913,8.379301274872304,7.503201367163323
2,6.485438,6.8248777292450375,5.7776393028307735
2,12.414274,9.900862224437276,7.4828897051659125
2,14.346176,13.096028100239547,12.144642181624919
2,17.131824,13.33326657564746,12.261371951772267
2,1.925653,2.1320748683464226,0.7924090887244898
2,1.659366,1.082119331813743,0.6883685819817723
2,1.327493,0.9409492353616078,0.5774864815295925
2,1.061994,2.6639603289786598,4.872458847618813
2,0.99925,1.8269703799221377,0.608716692706325
2,0.7994,1.128297591476079,-0.40563508473403526
2,0.63952,0.7777227947982621,-1.204609575006153
2,0.511616,-1.6969626578962953,-2.900485780395389
2,0.409293,-0.3960756909919126,-0.2140535194377042
2,0.327434,-0.40840768717637227,0.5749201861765503
2,1.563327,-1.0183493026981179,1.2816516764725414
2,1.250661,0.7727312065993969,3.7372283644652473
2,4.113122,1.7343911669395062,6.750165705789607
2,4.966967,1.5329674791096286,0.16265522396424725
2,5.145657,1.4060922233443103,1.7191937838778522
2,8.00894,-1.312770219442515,-0.7911571736379538
2,6.407152,-2.839115201180334,0.6467519607853885
2,5.125722,-2.785955819401847,-1.6774562612267618
2,4.100577,-0.21859885033366702,-4.4797401847037825
2,3.280462,0.7003116705503246,-0.5616475617119023
2,8.351814,15.971332768388317,15.659784834653419
2,6.681451,14.659334099991547,14.912233888638859
2,5.345161,14.494255406489433,14.596275014307851
2,5.391325,13.15818749831027,17.737300086327224
2,4.31306,12.994280518707079,15.904309990930598
2,10.708971,12.850964460338165,17.035576794995915
2,9.120067,13.83923457777059,13.159640008199517
2,7.296053,13.46381637180203,13.804480445376942
2,5.836843,13.994661122086368,14.76815382941426
2,7.383539,13.824869927482125,13.677493688928546
2,7.653911,14.094716421067334,15.868532423302861
2,10.287433,12.522094312654934,14.687617191297555
2,11.366028,11.934978679645338,14.423606600515551
2,9.092822,11.541654151580099,13.863620794448744
2,7.401917,11.292658125808732,13.736385332073127
2,8.910216,12.09648796674633,11.281820302647615
2,11.331248,14.338535020358858,17.26459192174141
2,9.064999,15.428569922649917,13.048814975250403
2,17.755976,15.641028526670366,13.831345044481784
2,15.850403,16.357209676334623,14.382235614986406
2,20.606668,10.6306046454412,10.15815260355321
2,17.719402,16.33111444769158,14.639533119341648
2,14.82368,16.98124529234465,13.98879513152054
2,20.728987,13.73796175007398,15.332183966455384
2,23.273151,14.661297531380825,14.376277307890012
2,18.484322,15.015096842316348,14.004272573087903
2,22.132298,16.496410182582338,14.509244858956908
2,18.987309,14.01330778706355,12.457176599908864
2,13.291117,12.9159962341003,12.962744045522838
2,21.383148,14.119195657003853,15.024981437506904
2,18.563036,13.31966083302543,12.242346327696005
2,21.86151,14.258285977895609,13.137089969983077
2,15.303057,12.637811576480981,12.194220345311454
2,17.30694,11.251820203275658,10.04468760160119
2,17.365576,8.614784511793383,8.214115734152642
2,19.90545,6.509264834894182,6.512788999411895
2,13.933815,6.097047665867443,6.612768040387398
2,9.753671,4.882094268523469,2.7600347478778535
2,6.827569,8.567177053767974,7.891435212062399
2,7.227973,10.753168632306487,8.35330625901679
2,9.609768,14.552109855907185,16.94503441179735
2,8.487269,19.60478365546737,17.00784497498934
2,18.670662,13.562511031846904,17.333966518644512
2,13.069463,7.519710858090606,9.109524536249149
2,11.189578,9.723062407105498,9.592384395798875
2,7.901308,13.964276716944115,16.079339628874976
2,6.321046,15.145762834851007,14.949309182915677
2,10.429857,20.154421170986957,17.58347697140041
2,24.290482,18.741933878008776,16.38741594331937
2,17.003336,17.89547490522999,20.281891057296022
2,19.144758,20.038974237317635,19.483051144221218
2,18.934868,16.803039594636708,18.48125731565156
2,23.233831,16.86974451987932,18.063970339356533
2,20.235786,14.291961873011779,14.80234102459075
2,14.165051,10.142276741378025,11.22437612417107
2,9.915535,8.517244461114645,9.827537222055577
2,16.712742,7.301084283723585,8.299886936087406
2,16.900206,7.594561866548541,8.100046508335138
2,16.244669,5.9195237612003835,7.648441967325154
2,11.371268,7.462774674530889,6.450921028097096
2,9.184202,10.468982369831418,9.22524095858822
2,7.347362,11.1907698507961,10.096064044969442
2,5.877889,12.55383920688402,11.646320914224363
2,4.760093,11.224568347282771,13.48043399648185
2,7.632627,8.37009011080482,9.146754458827855
2,10.523234,8.270975885659407,11.658496865630873
2,10.326636,9.225709141062984,9.476347375720556
2,8.70116,9.208556161943012,9.16058001596041
2,6.960928,7.771510841579842,8.535510972921545
2,5.568743,8.73251849751812,9.914118307199185
2,4.601129,8.462190834703833,9.615942239214121
2,3.680903,8.587402192989742,8.919719337286194
2,7.674085,8.361753181157619,9.150902213704429
2,7.997231,8.594932753821418,8.077947833365789
2,7.737665,7.77732103408967,7.535798141315981
2,7.98225,6.176479738795013,6.219146332120343
2,10.856356,6.7099397119495725,6.474484645958691
2,8.685084,9.438107691381028,11.350941304801617
2,6.948068,6.767575028921157,6.023139401633513
2,5.558454,8.86308984698056,6.391989497486466
2,10.683958,14.547392747648155,13.71439651498792
2,7.478771,11.07209731403915,12.113189982188937
2,9.273989,12.779376987280232,13.377021310143178
2,10.989594,13.556660483943565,14.493048652032883
2,12.167896,14.98497080485848,13.284421422793844
2,12.077198,13.766577478955792,12.708552150459555
2,9.912474,14.789865805257508,13.07008416422094
2,14.174853,14.70079854778953,12.213981314986755
2,9.922398,15.597921789683184,13.613053788694762
2,16.41685,15.171804664664156,13.754830080718706
2,11.491795,15.807746546840903,14.005517632481997
2,10.189322,14.3504899867197,14.417930106929724
2,9.344357,11.847100934487477,12.105945790828839
2,11.06827,10.808770724988335,11.076789663300403
2,8.854616,10.49819986986042,9.529724506506591
2,7.083694,8.718457048763513,9.513328020550455
2,8.654291,9.070926106678243,8.835910912073189
2,7.021827,9.108373290009125,9.757324884876885
2,5.617462,15.095709209035213,14.12743283673704
2,6.519974,19.184736832465738,15.792929729063394
2,2.251051,11.085746007911231,9.005501866224675
2,5.386022,14.438339781767514,7.338766420664853
2,4.308818,11.006354557606732,10.883713910656162
2,3.948762,11.371372652681861,12.259299676441398
2,7.094928,5.800252185749326,3.6977926076080165
2,5.675942,14.813581498912734,18.90976993533727
2,4.540754,11.870509245908178,7.994294046099786
2,3.632603,13.578336901315735,15.86280128304288
2,5.68522,17.317741182804422,20.644879661113293
2,7.864101,13.476870492258703,18.889844776622663
2,6.291281,5.549586985674721,4.432327116192182
2,5.033025,6.556132365355694,5.554952287319078
2,4.02642,5.11900339200119,4.488164214150837
2,3.221136,5.456991125533016,5.465027485267343
2,2.576909,6.146472868233535,5.057155719950612
2,3.741175,4.788515143927984,2.333927770453392
2,2.99294,3.7573134715811713,2.8667850348409476
2,2.394352,5.303931437534735,4.175890829986512
2,3.875781,7.619124886932901,6.545629302340869
2,3.100625,8.558011189073149,6.636919766377497
2,3.06536,4.067051494114349,5.3419330125178135
2,2.790409,3.9931862873485517,5.436063927995907
2,2.232327,10.501639812635242,11.250015625414523
2,3.256561,9.841303310415382,10.80847421715055
2,6.705797,15.75531457010996,13.663348537940069
2,5.364638,6.847027785920633,6.947998219265897
2,4.29171,8.52891906387246,9.16344888010831
2,5.5485,8.08204106360341,7.187021636736909
2,4.4388,5.354398511118305,6.412469646205845
2,6.728536,7.224440807562127,6.347872923286549
2,11.176148,7.973750024238342,7.171085321388476
2,8.940919,9.43773284040876,8.352961170011895
2,7.152735,8.571459288456962,9.041014171550016
2,5.722188,6.401817951532724,4.987562388328525
2,4.57775,7.69725684086122,5.026535116898887
2,3.6622,6.865799478551714,8.020651752328165
2,2.92976,7.0670254054972474,5.325204377997627
2,2.343808,7.55278663370964,6.7337006413977
2,6.17535,6.37297154461109,6.4461527433102646
2,4.94028,7.325765760197887,6.850324565553144
2,10.351849,9.546216457818698,10.050703531007736
2,13.997068,11.556285727032915,9.48964823491108
2,9.797948,10.91201836660723,10.850577043685858
2,10.721259,9.570065113106406,11.395314732459088
2,13.565995,10.448094909104904,10.098469514314814
2,9.496196,11.317608736729827,9.368973088809446
2,8.63634,13.874970930416813,11.198139465608554
2,21.069252,10.6693684094982,9.512946665342863
2,17.282957,7.208192264333107,7.888518746340889
2,12.09807,9.695461464920704,9.231247508926522
2,9.233613,9.721510122628755,9.485290621967454
2,10.222345,8.468712981226306,8.661867009642181
2,8.177876,11.090147529492704,9.28102524130378
2,6.542301,11.067706127908117,10.504545722451361
2,6.388576,10.396109366884625,9.879081967679037
2,5.11086,9.405368466797194,9.335634815147715
2,4.088688,8.735872636306041,7.8400492830385655
2,3.270951,10.396244007852914,11.132292694332342
2,8.699438,10.69172979042336,10.998866749726437
2,10.721871,13.45331162501032,13.14873911447297
2,18.261045,16.577210934756984,13.560737057465339
2,14.539352,15.271537229851665,15.615489693138763
2,24.227602,16.500747354799554,15.80671348415134
2,23.585056,14.014328233965628,13.071074563173255
2,16.509539,13.982702241292136,14.01884895496519
2,11.983002,15.351962916720971,13.753643304258848
2,20.233852,17.678948503108636,15.696415028253002
2,14.957765,17.54389813368177,15.300792828215448
2,22.999058,12.90013952443444,13.16097788934914
2,16.213495,11.974501160543172,12.358576320285984
2,14.956669,12.211333866299574,11.962009140940546
2,10.469668,12.243076359385038,11.986355685458502
2,9.881771,12.182106860838797,10.48959605868841
2,12.203294,12.243158746327069,11.04427171699646
2,8.542306,12.268418703751982,11.978998366593173
2,16.233234,10.133065468933488,10.200829493278384
2,15.511556,13.138500305355299,10.515251461929207
2,10.858088,12.4981134324631,11.913643394283175
2,7.600662,12.885100940087801,11.648727208459002
2,7.265808,9.718464672623258,9.838037143981637
2,5.812646,9.982387020079283,11.1396726507476
2,4.650117,9.218528654674746,8.992524472038285
2,3.720093,10.152630132076382,10.710320435846207
2,2.976075,6.99922054877311,5.879577450388173
2,2.38086,8.056429071029902,6.856936229632514
2,1.904688,9.976467778630436,9.126041336691602
2,1.52375,8.163024080706103,7.890088343185964
2,1.219,6.827495243398259,7.151814119146897
2,0.9752,7.558178638439672,7.010419264863664
2,0.78016,8.797658396439745,9.468286238350204
2,0.624128,7.663589948255046,7.393036414836461
2,1.619348,7.014890889979029,7.0150736374111435
2,4.482183,7.080736834007992,7.201582940557537
2,3.585746,6.661845577407769,6.5610068138991515
2,3.315781,5.688934166959035,5.147083879419004
2,6.326614,6.077219641018908,5.009447936504246
2,5.061291,4.8777128952723166,3.2093241731399518
2,4.049033,7.990309072856556,6.391531160885865
2,4.235862,9.491623446197622,9.063417129184517
2,12.967138,13.063403324818374,12.735328718040332
2,16.183977,11.871862187038522,11.514489574237977
2,11.328784,11.443529273718738,10.699632429902367
2,14.851238,10.814079834322927,10.152672168859404
2,10.482553,11.147821740733988,9.578656076702252
2,9.190133,12.7928841912871,14.97821905847649
2,11.383525,13.277523795200775,14.524984739343227
2,17.315205,16.223135373385833,16.00791208222492
2,19.268675,16.288699924595292,15.739222624334714
2,17.489523,10.54958627590658,10.809663911763764
2,21.542433,9.470812543788485,10.292090139044285
2,17.483894,9.939824794740675,10.581452091035924
2,12.238726,9.3813853775239,9.487750689105777
2,9.794059,8.654113121689171,8.999863097333341
2,9.167312,8.15534104448511,6.233143484808889
2,7.333849,9.344871610929625,10.008047933872547
2,8.532394,8.851375318321509,9.44712091459484
2,9.068343,8.829159901797896,7.823414501245563
2,7.254674,7.245943461083517,7.185778773790797
2,9.196455,9.931968244383397,9.47342740926704
2,10.667314,6.998706273693081,7.748648847114934
2,11.328107,7.362117619045528,8.497458238541997
2,7.929675,7.532806236952689,8.806041453541846
2,7.169348,9.504108889773775,9.60627085763738
2,7.642747,8.26884872069796,8.871142725333668
2,7.852578,12.096342091343237,13.961762666804205
2,6.282063,10.651444943219488,12.140194626959717
2,8.416691,9.526201084319567,9.966554172399471
2,7.262334,9.941806334076398,12.873805427722822
2,5.809867,9.363028367804732,10.377746332542907
2,10.466381,8.921868218748603,8.442471244470084
2,13.543539,7.825647562421182,7.371952932193376
2,9.480477,10.941212175539654,10.642914025106666
2,6.636334,9.908060018172359,11.254262590690978
2,10.532553,7.368920621686477,7.4655721803704775
2,8.426043,5.6352706095344605,3.746502273926275
2,6.740834,7.475145507165543,5.81491806632015
2,5.392667,5.921049004614991,6.1365447616817255
2,4.314134,4.505772957168137,4.10415513321865
2,8.237688,8.578580450022812,9.272661119972183
2,9.803922,9.106947469171429,9.38250250948172
2,7.843137,8.410770982395043,8.739096830610304
2,6.27451,9.434685961162746,10.915504293771548
2,12.084532,8.906728035960722,8.23760750509373
2,9.667625,10.81046440517567,10.845219194769472
2,12.208413,9.757387205568385,11.302261761421864
2,12.906872,10.234841054990245,9.510208085624178
2,9.03481,9.15028751023306,8.30688209128498
2,6.324367,8.382590608052881,9.086149741091658
2,14.069284,8.372035424049573,9.018644309916079
2,13.737491,7.813301428608237,8.245147809762678
2,9.616243,7.669120600503792,8.330399511889876
2,11.316115,7.562800257905183,7.145673593727026
2,9.599738,7.326218029794661,7.428669823034915
2,7.67979,7.878804573160415,6.916043972156955
2,8.207152,8.532150500375144,8.082492398933182
2,6.565722,7.672048668106429,7.682085752132803
2,6.117144,8.472776305635797,8.75569972719708
2,4.893715,5.678793862600706,6.287208785485935
2,16.972664,12.99279922882762,12.64357547475716
2,15.597795,12.67171766201663,13.040812970063131
2,13.804239,11.602489791430814,13.314058386970332
2,14.922977,13.97752584208161,14.524987099642992
2,19.1608,13.737928140448444,15.320522743638806
2,13.412561,14.322617161935316,16.77073205052561
2,18.685148,15.231111223336027,15.283573347092021
2,17.265575,16.2385739447288,16.97761171381084
2,13.213631,20.527442716542833,20.4750278325117
2,18.443989,14.455153742701711,15.112729948021945
2,14.141245,14.753352729783934,15.607513615802892
2,17.726997,16.564452844511777,17.462064835100833
2,12.408898,17.07743525487409,17.51744670100592
2,8.832425,13.34390216003073,13.916853899423273
2,17.140493,10.237916977697155,10.677569368891323
2,11.998345,9.235591331645374,9.943449646376289
2,11.802338,9.05766854683993,8.649149488177509
2,18.840822,10.526542446393616,9.433707533087416
2,13.720639,9.856594218823542,8.37145999056139
2,12.142257,10.649183424682844,9.53899220538998
2,8.121779,10.460873664681316,10.311491569058592
2,12.736047,11.734340961643758,13.410296012915198
2,8.915233,10.293657318999927,11.4965906310188
2,7.452952,11.79759389714758,12.82426069677315
2,8.755217,11.011595614248641,12.59305877698918
2,12.561658,10.709423299877873,11.092055488361105
2,13.38947,10.32489564697033,9.995429498616112
2,10.079788,9.717333431631987,9.92542512526619
2,16.320532,8.766671697009267,9.546547311375427
2,11.424372,9.639219953580824,9.606630867563851
2,7.99706,7.978483138067876,5.9626263988430015
2,10.277236,8.086452847312492,8.14085500596189
2,9.975702,8.575468166792222,9.258927356087147
2,7.980563,8.628286018236475,7.9975257428813284
2,6.727285,9.135025918895312,8.336335525557974
2,9.091009,7.4145655993800395,8.411706954114276
2,7.272807,8.065428216991984,9.397858300845165
2,7.759163,9.224672072573982,8.225264715098648
2,6.207331,7.88697766905769,8.81559502142755
2,4.965865,7.204077775316235,7.802189513068779
2,6.490394,9.682869453500722,9.144439668715592
2,5.925095,8.893760559654758,7.981998501520572
2,4.740076,6.178250912210217,5.990943598466798
2,7.441333,7.677523063161428,8.520243405431557
2,14.825541,6.200768920815545,7.785773236543799
2,10.377879,8.117176318902027,8.377444806850125
2,7.264515,8.21680383321583,8.327936264207336
2,6.657885,8.580969424137976,7.928107089279192
2,9.479214,8.354638472370745,8.196562588993611
2,12.489236,8.454365824615314,7.564352599243257
2,8.742465,8.28904909562912,8.465430093263834
2,6.993972,9.281562759638517,8.910737948732267
2,5.595178,8.187160917397703,8.012042931981611
2,4.476142,7.745299269610768,6.985273795498417
2,3.650222,8.112177281162188,7.505478233759361
2,6.769732,7.29177148314217,6.631573849461736
2,6.463347,8.910971187727837,7.135226708261184
2,8.623431,8.57917036089335,8.252726015152525
2,6.898746,8.384908137913776,7.927206050203559
2,5.518996,9.42856629253682,10.156449340808216
2,6.962511,11.108660427543251,11.769896241714124
2,10.121498,11.689027507564335,11.65294976265061
2,8.097198,10.82221440037119,10.00971723422917
2,7.4503,11.445026083781046,11.364990030455598
2,18.804201,10.963581411736472,10.7646202405982
2,13.162941,12.401581369119139,11.355714408660047
2,9.214058,12.789598318507577,11.02422821527659
2,14.459303,13.58910604169241,13.201163609227079
2,10.554864,13.925492854675017,14.611935900174908
2,8.884933,15.836399531716552,16.213778679576922
2,6.219453,16.567544293421196,15.890693072322446
2,15.412809,15.079596196750984,14.255171071413034
2,18.042652,16.104397599423976,14.983662786370937
2,12.629855,15.51525025987613,17.10195557143334
2,10.186531,14.005820919389752,14.377390873050329
2,13.760064,13.539142002356588,11.263749612867777
2,9.632045,11.45555648015506,9.819291587694455
2,9.707299,10.832856063242989,8.524775491307015
2,7.76584,10.899749483832059,11.241063938590628
2,6.212672,9.517737427526146,10.178990554662013
2,10.764739,4.386037758108979,5.025242063208694
2,11.951699,7.122481359031707,5.823605786255921
2,26.874327,9.063792832815148,8.452932199712512
2,18.812029,9.187717711689412,9.348947962735233
2,13.16842,11.15731077583362,8.604028498979934
2,18.29308,9.142077525493505,8.50009831885886
2,12.805156,11.1688423762247,10.097085899347537
2,8.963609,11.103011501944158,8.963920010103827
2,11.109581,9.795828524437693,9.115914834082346
2,7.776707,8.362599141905022,7.776240064380235
2,13.761141,8.54875415497165,7.864247387400776
2,9.632798,9.150144889563478,8.587541482882186
2,7.871001,16.196303619878112,14.218037000302592
2,13.325613,8.84511043995029,7.2928846855542595
2,10.66049,8.22577360269401,7.719337181294598
2,8.528392,8.581692537010913,7.07894931650972
2,6.822713,7.71748821081931,6.433806257638359
2,8.873299,10.7618696992063,10.965038208471668
2,7.098639,8.219263840575293,8.12342949780771
2,5.678911,8.575657180257046,7.843367255018331
2,14.807234,17.362184195362286,16.0441279878349
2,11.908729,17.058471126277492,15.442869469939675
2,21.871418,17.951203944922067,18.178249523717035
2,15.309993,15.95804625819228,17.032021122185792
2,24.851595,16.90029798398437,19.26345497673312
2,21.065023,16.990100878071104,18.261765959229407
2,14.745515,15.671129347824309,16.50848963884859
2,14.905502,14.926270506027082,17.29158863119148
2,10.418534,19.538698328139088,18.101924182952295
2,13.853993,17.849373499321942,19.07644591842341
2,10.456053,15.03890391556179,16.267632259361104
2,7.711148,15.640419434816337,15.104955536601508
2,30.38565,13.75136588221086,14.418928104846982
2,21.269955,13.060890755051213,12.937396585759917
2,18.441177,11.989856890702415,10.531943704949711
2,12.908824,13.66898817569886,13.702677665173466
2,10.451236,14.525005147907654,12.88629894650768
2,9.05388,15.506489272367494,12.85983966545646
2,18.404182,14.697388356725435,13.40083905297476
2,24.47,15.970875304195197,13.797786194687912
2,25.983164,17.470678640771837,17.842273785417703
2,33.87387,12.995860495083539,14.41239542965476
2,28.05519,16.524365227052154,17.506180520979374
2,21.118383,16.767028532640815,18.537019404812085
2,21.567423,21.51917328776402,21.423901775139708
2,18.016245,21.385569087591158,22.67080241445569
2,24.95109,22.260499544529686,21.24622851806214
2,25.74758,22.903730683772796,21.902344362267808
2,32.26344,18.539170900608145,19.272913978547685
2,22.584408,23.516838087749772,23.86817917143164
2,21.336779,20.878859605545074,22.736961947612343
2,23.938072,17.612094952159865,19.297331074064246
2,19.914534,20.059490769682697,19.954186398319028
2,17.728441,16.570527283926324,18.41423922610437
2,12.409908,19.866361728529707,20.779054485525997
2,20.697365,13.167837341514511,13.936681184600301
2,23.515425,11.707281228163755,11.276666519032323
2,16.80515,12.339841183745966,11.542640031107092
2,18.170858,10.950451521756976,10.763114897888238
2,12.719601,12.185451868542994,11.440395380205672
2,6.275816,11.918408191943735,12.13727674470106
2,13.472616,12.512079795685832,12.112173901298311
2,10.778093,13.341115412431826,12.580888896537168
2,18.05965,11.406226422248753,11.803970911127161
2,12.641755,12.338740082376138,11.398058376534348
2,8.05563,13.322933431542706,12.035231429497063
2,8.998613,13.221562121886894,13.22635407683294
2,7.198891,16.87830928536884,14.594724693081542
2,7.413381,15.926019852874262,16.08749392238363
2,9.290433,14.96993666150958,15.324919578053516
2,8.609086,13.506389560345513,13.03415916960649
2,9.832483,13.530574321059715,12.734390077736592
2,14.302472,10.757536532593852,10.516798140234242
2,13.315947,15.899939609176839,15.670728416135718
2,15.83676,12.815455398504676,15.070981741150868
2,11.660136,10.936265718964854,11.448481335841391
3,43.098175,31.148946042371644,40.050444675680374
3,46.57053,30.34939740569279,36.76418358225182
3,46.993347,36.86532362067771,39.05014066254408
3,41.457256,38.090795232344895,31.33483800684292
3,43.071033,35.09323118210427,30.73060727728281
3,45.568634,31.88109834563385,27.1289742415519
3,41.556652,35.103434606962594,32.43160454155835
3,43.10332,37.81364935489027,36.42175795971525
3,19.879993,23.76825824010033,18.82601967128803
3,21.287151,19.76995818793241,18.343174938443152
3,21.947315,19.463719660960372,19.723492607586163
3,26.476301,13.29900045741965,17.911298163798005
3,20.394913,23.268898187537445,24.289418974585686
3,22.898483,25.75298413241931,24.25069012506446
3,34.028862,24.540833183039624,23.358750693782362
3,2.441379,13.729756753403365,13.174683237871852
3,2.815283,13.416445341077784,12.411857361691105
3,6.749526,14.06436415551632,15.635988072922071
3,7.833535,9.335078690921959,9.699592019613222
3,14.095755,9.431589024368987,8.889388569402513
3,13.255234,9.712118106398133,9.791499460200168
3,10.120665,9.574695483309783,8.990957439874014
3,7.34003,8.000909957456779,7.992699295550092
3,5.872024,7.98355997360392,8.953056933866137
3,17.595484,10.672660514321441,10.653912827120568
3,12.316838,10.702477208614042,10.034153376552549
3,21.33087,18.60592639151086,17.92039184163925
3,14.931607,18.692610999667068,17.848332875989783
3,10.452126,19.855011720153392,19.787496908274484
3,11.457086,16.419774995619974,14.377893692614217
3,19.343023,19.590404751728528,21.31747515715492
3,13.540116,22.03111979798307,22.53854567630183
3,17.450567,22.843062969710765,20.758599414317178
3,11.278066,13.402740532489908,15.157700270430842
3,7.894646,13.34351766750622,12.160845742481039
3,5.526252,12.426877518205785,10.818318731595111
3,4.421001,11.406526832674722,10.053543524073728
3,3.536801,9.379371401117847,9.679087606243744
3,8.745069,11.026960410774452,9.737865408984877
3,6.996055,11.485957968295466,9.539271475724622
3,34.636784,19.26460407602873,16.132255900489078
3,35.748043,19.235497364714732,16.857504033482492
3,30.048286,19.340331820080735,16.08401188688582
3,21.395046,19.184918564860897,19.732754506301262
3,29.148245,19.182792583238673,18.63517347365709
3,28.989016,21.173102666426683,19.538062857632465
3,25.9911,19.681363282430834,17.879373876642582
3,15.045915,15.06877184356495,15.300069652416484
3,17.70343,16.35030635406324,17.771851991100878
3,17.543032,13.338284170411399,12.282383489123593
3,25.996382,14.696262259330698,14.845117067511284
3,18.197468,14.219127901869404,14.543842858690859
3,24.215328,17.618336737986944,16.115366385939662
3,21.200598,17.44492671187422,17.797570370146158
3,23.098148,18.61497597946243,16.843634739047697
3,29.809742,16.3027073404802,17.032910734323703
3,20.86682,15.05690627686874,14.71625443003374
3,23.098682,12.133120603329195,11.750186086936932
3,17.010609,12.373973860603249,12.140685161663189
3,44.843876,35.55673354979389,32.07217646405128
3,36.058098,34.31892614356807,29.074045930451828
3,32.840244,35.866253018215325,33.57727619637843
3,33.746166,35.28099742559107,30.778370753268867
3,30.617435,31.20661760519895,31.085303686123634
3,22.555443,35.33284533801338,31.248902618519537
3,40.458153,36.098243526373295,31.970334576766362
3,46.532047,38.38659460675903,33.330343595733446
3,48.946995,40.38982714357397,34.30223158103369
3,43.589645,50.33003417985253,47.21042929061403
3,40.969437,44.312846255067804,45.030350698201026
3,38.24189,41.86115773905541,44.880515970988824
3,42.942627,40.48199084697291,42.66363588717783
3,40.389145,41.03414528773487,42.94348183537961
3,40.982002,43.81972576405809,42.82672603295415
3,36.890038,42.064080193062324,42.94982417957479
3,45.518406,48.11174223187661,46.891418760666404
3,52.101025,47.23248216127819,48.22486842553506
3,45.671482,38.9252195104125,36.979796907658894
3,43.65998,38.31696335825081,33.373813547201514
3,42.031506,28.81241125818089,30.207098715166932
3,34.66739,19.757551231590078,21.648565150369997
3,24.267172,38.534608091255016,36.75046245019638
3,20.146217,32.67206092539553,31.738033639926343
3,28.491089,32.67683266084358,31.045742845251773
3,40.444912,32.01708328287505,33.18935703885172
3,37.252968,29.049872623963765,33.962488600073335
3,47.27651,29.139088664469206,37.615405376738856
3,38.40778,36.08282987264481,39.63678971943478
3,39.15309,36.18565353336058,36.27142646062149
3,47.10273,35.686219474880836,34.568935487424795
3,54.269123,38.36473412026676,38.2124545182363
3,52.302002,41.4798756835661,40.20043577529727
3,48.65053,41.26619331778976,41.251992709416115
3,57.52002,42.852251483813404,41.570075878409334
3,52.26339,46.51327007424708,46.16872914102656
3,50.676296,44.54350328396637,46.103255760868734
3,54.006,45.927991893458724,44.84228152173336
3,54.597866,46.964820895570355,46.42615628100002
3,48.863277,41.57534796749944,40.783875242571504
3,42.51924,41.874115721638816,40.705143171114116
3,40.993526,42.7191065702692,40.97448980812775
3,45.21486,41.20556026761428,40.46812726025808
3,45.431202,37.44816899054326,37.35432844728913
3,38.40776,36.08190934677273,35.21605183335616
3,44.973526,37.278140864426554,39.38690336160608
3,51.022903,40.14904876213072,41.502297600903496
3,47.498627,43.88057466854682,45.00439532128312
3,54.393623,42.90204679484577,40.90299381616968
3,22.046154,22.476166442122743,23.463307032056633
3,22.305515,17.24586670305011,20.267146696313606
3,24.868328,13.566115420970075,15.376701911759127
3,18.733969,10.70556376261516,10.732557730012998
3,27.26509,14.514389856982731,13.898903047460056
3,24.646494,9.796230113214794,12.122132230083864
3,22.326916,9.773854675825136,12.064839681521356
3,15.628842,14.005709467831322,17.265308421929937
3,10.940189,14.756647775890688,14.332555536724248
3,11.585584,13.937243131628493,13.343671022576547
3,16.479816,17.944802281149258,13.559069348493976
3,11.535871,17.28052181976577,16.036237315110192
3,12.491711,13.863515463269179,15.587431411360406
3,8.744197,13.0387472790034,14.462069937745577
3,12.474252,10.83310642969148,10.969248221618262
3,11.20117,11.33150403857744,9.599584305286069
3,11.110168,10.586167442385952,9.873215771690706
3,8.807941,12.213117675761437,10.463361962875318
3,17.19744,12.4946996337525,10.468265039474865
3,19.570814,13.020269805673395,13.335919418860932
3,7.662927,16.20141751599297,16.59652777865445
3,6.907153,14.183654716591196,12.87200417899887
3,5.613387,13.097549124678967,15.227765603749125
3,11.42195,14.873493018954354,13.322326362993104
3,9.882133,13.632848017839777,11.211672930199335
3,16.035963,10.762753207341673,10.341014998291449
3,16.269274,9.492795718760329,11.424950393411748
3,11.388492,8.723671673627058,8.840131547677414
3,8.755629,8.49927690871756,8.565934169332884
3,6.370014,10.770090898157175,9.903084777708719
3,10.467063,12.130886248875342,8.890635522064555
3,14.188148,16.64479129309428,12.814111748656318
3,9.962341,12.150392838806658,12.81056214035543
3,6.973639,11.512263735946828,12.201424039634414
3,5.578912,11.090099511857284,10.273573155734377
3,4.46313,11.432272616444681,8.589216934130285
3,3.570504,7.1561690521849375,8.278000342179512
3,2.856403,7.764109008341582,10.125159573442792
3,6.492835,6.5549618379478725,7.609632328710502
3,5.688818,8.480725312243992,10.360255841432322
3,4.576726,7.963958719364873,8.686410049474604
3,3.661381,10.18068645524811,8.131592466629751
3,2.929105,11.201920422453906,6.705536758775554
3,2.612149,6.1037997551097565,3.8681868403434274
3,6.279922,4.9476265654800855,1.713218610856124
3,5.023938,2.731727750900949,-0.5526240173616034
3,4.01915,2.5438092492192173,2.1838615519131785
3,4.154907,2.208896492929893,4.325143764432405
3,3.852033,6.610486666184101,4.974971339548656
3,4.594082,5.948218756654715,5.636219637385305
3,3.675266,5.8260287614603525,4.253704744094035
3,2.940213,6.9895546430219575,6.637420625475848
3,6.206244,6.406276237419893,7.390412144102262
3,4.964995,7.734923207664752,11.552200290654907
3,3.971996,8.314558529089396,6.997493202701909
3,5.85941,7.3330953578974745,6.290907978746934
3,4.687528,5.587480061612896,5.024781268265934
3,3.750022,1.9498046295187381,3.6236389491052234
3,3.491447,1.630492123307255,4.225188282335764
3,2.793158,2.5677665828366574,2.549977100175161
3,17.184994,13.307625938154946,12.232053785468455
3,23.991625,15.291407125892622,14.528113002195544
3,18.100672,13.055198532311946,11.626702827492885
3,14.528028,12.406971612840474,13.91742341158615
3,14.180229,12.362213572318671,13.821606540911867
3,9.92616,11.129562109456348,13.988403726421383
3,14.110495,10.812730433724017,12.564405272548754
3,11.864982,10.235854794911752,13.681200089172535
3,19.92771,10.550671838229956,13.790961347196324
3,15.284644,11.744288046554074,14.236875626357993
3,10.699252,11.83059906275321,11.825061846784818
3,7.489475,13.954636048994454,13.601611828614162
3,13.460489,13.055605162140026,15.325176392893713
3,12.917667,12.024686400084477,13.866009891866927
3,10.74791,11.770765550121814,13.793532966276839
3,12.630378,9.879915434778326,11.499952439433722
3,19.267632,10.833679309001726,13.28360627570499
3,13.487342,10.177501625599326,10.091821339679337
3,17.47197,11.525425240464658,11.940291347614203
3,22.361443,10.215087291525167,10.800054728390545
3,17.368334,18.98938123115287,17.986545326013328
3,12.157833,18.353780252821917,17.657705326568227
3,13.836502,16.08632937829366,16.286032577011287
3,12.335233,22.016296058865098,18.333148555042182
3,13.272905,19.542172954259225,18.78804796167028
3,9.291034,21.82475703643407,18.97092370677824
3,17.28975,19.017780709746674,17.71185804112611
3,12.102823,16.653236431676355,16.78115854716004
3,8.471977,12.389806870592125,13.279229188172218
3,14.028232,15.661526640887278,17.85034919740621
3,13.946412,14.67215300132135,15.292737907213228
3,11.156011,11.900663839283466,11.165390459205415
3,7.809206,12.734800328733682,13.968934250593797
3,14.66976,11.651638785361335,10.863991266961326
3,14.953959,13.162837651595321,13.047641772603063
3,10.467771,11.738774760425196,13.095485205501532
3,7.327439,11.00060501982589,12.588077017374088
3,7.328027,15.932539183902627,14.889126992665286
3,7.961997,18.60528715015822,17.245974478783797
3,13.267848,16.27745677714954,14.850763344468659
3,6.177633,15.139965378787599,11.486571274058981
3,5.912872,10.22474828148736,11.98521146451705
3,8.888219,10.737679653811778,10.99994345833865
3,11.998338,14.566990634858026,15.839672681517202
3,10.385872,11.07765952066433,10.491384845871433
3,13.543154,6.020669220882762,9.271537571516308
3,9.480207,9.223831404844264,9.990604577216175
3,10.580073,8.620917019537744,9.332261542058971
3,11.533565,9.693503181056428,9.903554824967012
3,9.226851,9.001660248529305,9.878167235294319
3,7.381481,9.532751299887265,8.695075602386611
3,7.555087,9.998825725695843,10.109118345972886
3,8.313787,10.229803759646662,11.868805742744776
3,8.816567,9.13462221861581,10.936564389233098
3,7.053254,8.098862633035804,10.071132761315253
3,5.642603,8.146513150992744,9.202784323243877
3,4.514083,9.80868854653799,9.736612920863728
3,3.611266,9.992118416206944,7.770796245428852
3,7.227513,9.784446145118219,9.91792575626044
3,10.349559,8.536770263995816,10.21667769781791
3,8.897388,10.032002108759421,8.155609373952528
3,11.140903,10.202029485208826,9.109762437769525
3,17.346928,12.168178094512768,9.3538786986365
3,12.142849,11.0602295336447,8.850719398853935
3,8.499994,12.309403682170524,12.689251614214935
3,5.949996,12.169946690831408,12.872197319987555
3,4.759997,12.239943014877547,11.795506445957436
3,8.33812,12.39417973053902,11.52029759896122
3,11.137406,11.827920263319786,12.173328293043237
3,8.909925,12.780859833106655,12.74845639736921
3,7.12794,12.493218240105744,12.681571000601982
3,7.732374,13.866100207611673,12.765550916027864
3,6.920392,13.806322563273774,12.62174312918403
3,5.976581,12.945149405217762,12.424391765281054
3,9.924303,12.393343456175028,11.067316832116155
3,8.475223,12.088658219450343,10.337678556157785
3,9.069735,11.561956789923041,10.938503037654128
3,11.339762,9.017124336433548,7.6501912367718825
3,10.43459,8.10832644650042,6.544607102354675
3,10.061659,11.737365864600417,10.173506845821176
3,14.666471,12.843997499111856,13.72386833762745
3,10.266531,13.831953760054438,14.708552399986866
3,12.371728,14.324235110701308,17.194726210154894
3,8.66021,13.526047336790706,16.064788775794764
3,6.928168,15.328988083523555,16.626927731031437
3,10.350129,13.257036045301184,14.393762697224682
3,8.280104,13.064270371092492,14.952526498817738
3,6.624083,13.564079727175683,15.24715548008619
3,5.299266,14.10734483945017,14.657690181814125
3,4.239413,13.732973450806968,15.098557641045563
3,3.391531,14.741076044808176,14.57043851996553
3,7.979013,13.800387284580921,14.118504368788372
3,10.999579,13.471454338381259,13.583669965754225
3,8.799664,13.807158562448457,13.291534118747538
3,7.039731,13.469874122416558,13.690967097985816
3,5.941514,12.809097980313135,11.47445917362144
3,6.020323,12.873665394608203,12.09020042377201
3,12.643541,10.565042465877374,10.345274486833437
3,10.114833,11.747758946144458,12.453394631233287
3,12.014835,14.47464540426016,13.642642817870254
3,10.094534,5.9164669564515435,8.130925787435666
3,8.075627,3.0418543429737186,5.456214885320355
3,7.689252,4.209383822950182,4.750656260671447
3,6.151402,8.270858879469966,7.749652405315738
3,7.549757,7.061198871175999,6.079016760911906
3,6.039806,5.951711316480026,5.851826404475564
3,4.831845,6.737583906891309,6.757172749637959
3,7.445926,6.309793078437374,6.732422415566796
3,8.5512,8.227683870316799,8.044287485263178
3,6.84096,7.4197707516289935,7.949979405627649
3,9.885105,7.185664297540936,8.055306919638895
3,7.908085,6.3815895706451355,7.437976961231631
3,7.02866,5.378145833017981,4.644144142768555
3,9.41714,5.7121675250335775,4.875688319849281
3,8.417553,5.05744357293427,4.00645044348472
3,6.734042,4.059166977338086,4.021286210372839
3,5.387234,3.44665299844175,4.6937145228674995
3,4.309787,3.5933602735773573,2.606324153505343
3,6.956312,5.994719425201572,7.53591435014345
3,5.56505,9.894186054308257,8.075124125687184
3,11.779955,14.166932317661727,15.471441555368964
3,8.245968,14.449083273930166,15.790370898599395
3,12.038146,18.42325427092715,12.729656233640293
3,10.412249,16.260787959113266,13.099145395669069
3,15.395758,17.164309724873874,14.388325973585795
3,12.030322,13.544659580551505,11.796994350924226
3,8.421226,16.947485534563935,17.19690568694223
3,13.29231,17.743164575703172,15.591244012482171
3,25.028082,18.20120676116616,18.648310059188212
3,18.930922,19.292087288098394,18.796076872244967
3,13.251646,12.316439577007724,15.248560190616239
3,19.797665,13.779054057264817,13.596461503353831
3,13.858365,9.310830408698259,9.309445669866653
3,11.533586,11.998945849694858,11.914475093886775
3,15.801846,10.24234941851409,10.808395330429063
3,13.196876,12.482748484795929,10.139602893380728
3,11.234662,12.051972520036161,12.464937226160957
3,11.338731,9.066130293556961,7.098792605354672
3,20.771544,10.057120034333552,7.306761285903567
3,14.54008,9.895200011140739,8.000135848961351
3,12.276022,3.7218107145084303,2.174745899700525
3,8.593215,1.113633793497307,0.6879227469633916
3,16.956247,6.460193226876119,4.453259568285117
3,11.869373,3.9820356620327066,1.3867050790567779
3,10.138874,11.429506440340429,11.955486430525612
3,7.312809,11.0074178156928,12.197033136939796
3,7.810199,8.670445737853827,12.079298033124605
3,19.27563,6.854762807524274,9.076468063978423
3,13.492942,5.481725978272818,4.7212454854224
3,9.445059,9.748961998589817,7.025237995883077
3,21.15292,6.731661450657378,5.901196279485378
3,14.807042,6.018564361252421,5.747363833285814
3,10.364929,5.044126923072558,5.057313181337628
3,7.25545,3.934273705113068,4.23046176890083
3,5.80436,2.8220681806874124,3.8900228289302525
3,4.643489,2.841428897345947,4.264091437038478
3,3.714791,4.264715207357421,4.919477589954906
3,2.971833,3.731951759357214,2.313044495075643
3,2.377466,3.4656702697390034,2.155119904303088
3,1.901973,4.142510523628246,3.206634382950646
3,13.936658,12.682369739897899,13.129491920821746
3,9.75566,13.6720020901526,12.815740654568417
3,12.745928,12.019059948295695,14.213227529322301
3,8.92215,14.601771519695587,13.047160212813356
3,12.227371,15.260926393738679,14.62161434045603
3,12.087186,11.915606080784022,12.957000555856027
3,18.175137,11.092133437833482,12.170977590973063
3,16.205614,12.00914991640911,11.979618555955486
3,15.929482,11.990022259206247,11.813916090009785
3,16.556723,12.771509382632399,11.448928040617645
3,11.589705,11.707497078275233,11.420428272259999
3,8.112794,12.123722148468554,11.997209501235295
3,5.678956,11.50660663660453,11.948590775635777
3,4.543164,10.585460021382133,11.475826230465861
3,5.697061,8.515478848662692,6.669681529696566
3,4.557649,8.174348963888669,7.186454306353981
3,9.11383,10.742795027904409,8.800011080905648
3,7.987854,8.910599082151508,8.54287246275448
3,11.295154,9.685620098349853,9.239225823050898
3,9.813243,11.272653190141712,10.752841460730036
3,8.334666,11.816713539521318,10.796524689342307
3,8.343383,12.843686479597196,12.643722644871449
3,15.775956,13.125579046284269,12.24933122148166
3,13.455301,11.682786864098361,10.890696154355998
3,17.801281,10.763062282711324,13.769539935694256
3,12.460896,11.828297380108241,12.737324097410324
3,8.722628,11.960443113075481,13.414919892064999
3,13.811525,11.811573718319265,12.170357966534027
3,15.481033,11.55134930570429,10.31726034367432
3,14.412136,10.647739836588107,9.07423337342135
3,14.78514,10.961475242219299,10.058193511321152
3,17.100882,10.888403072489364,9.678776537721557
3,12.234857,9.08683908392907,7.645088498935791
3,12.279799,8.924829009788493,8.012032488052546
3,20.713314,8.365081488656784,6.538848220486922
3,14.49932,9.089293411158172,7.76927142615544
3,10.149524,11.07675894999771,9.136285738213203
3,17.80299,10.534589756027676,9.175220645793539
3,12.462093,10.091174034449878,9.32685019101393
3,10.535085,11.339823156594878,10.263686173917158
3,16.11177,10.248777418111434,10.878025231074638
3,11.278239,18.73711442151193,14.456047831257514
3,7.894767,15.675143461785522,14.681162378721634
3,11.062769,16.90918804836406,17.938744792557078
3,9.991264,15.022081106431877,14.12091048754148
3,13.281708,15.485207563990038,13.612873722255735
3,16.721544,12.673945323885166,12.634239774849911
3,16.690807,13.572830073984123,12.634842441501759
3,18.741673,10.296105475250535,10.85128745013157
3,15.465686,10.24547343171279,9.26153163822714
3,16.803413,13.151024811588993,11.144059011435038
3,11.762389,11.829004800106226,12.721424820134677
3,9.041595,10.697828733315532,10.519582832858442
3,13.364589,11.417244023551968,11.308298616521848
3,19.157177,8.032502073544604,7.916590668311043
3,24.582039,6.271911591559377,5.569944718114288
3,17.207426,9.20021984903333,7.682676993218868
3,12.045198,7.9722090390117195,8.287661974490339
3,11.710328,7.799413085299633,7.534144817865663
3,8.197229,8.154088334006808,8.658029028910345
3,6.959646,7.564935731923898,9.212491536837412
3,6.183482,7.780257779348087,9.39064224279387
3,7.997725,9.287593597336674,8.448359763373249
3,7.750881,8.068256818716284,8.118328472318707
3,6.33376,7.57235980868772,7.83567585267416
3,9.525524,6.921786728903832,7.545139872022339
3,7.849807,6.671681904880273,6.380726024384441
3,7.676753,7.411519457529081,6.775720329695396
3,8.398916,6.258630987774331,6.978372613847663
3,6.719133,5.677219861633307,5.106030238002449
3,7.249577,6.027447009483021,4.367239152366989
3,9.807337,8.358685581002925,6.0679622171624255
3,8.462397,6.558819368019401,5.933712316403969
3,6.769917,7.550318374966217,5.857640068929094
3,5.598397,5.128137071683474,4.687290154953225
3,6.805762,4.1374043323663265,4.584531669776093
3,5.44461,4.932679268464886,3.7354582640885288
3,4.355688,6.962077699819257,4.68219894231311
3,4.426541,7.7685022918171045,5.765708554120722
3,6.755366,8.19723875033882,5.876102488553836
3,5.404293,8.081311648896941,7.204864998149802
3,4.323434,7.712955855629155,6.947002566853631
3,4.158075,8.165657992554591,7.487574984247005
3,6.681224,6.876716772886644,6.076993894884695
3,6.973039,7.6456624062357745,6.130187269527145
3,5.578431,8.902289499416764,6.773196953285355
3,6.736411,6.243527837044455,5.387330558492984
3,7.710226,5.863173665478745,4.219302375157727
3,6.16818,5.968899525422783,4.647082912490775
3,7.754347,5.759131431157211,4.316589777725285
3,6.203478,5.695403145493153,4.83176966627009
3,7.033172,5.580748760321137,4.704018540451976
3,6.255768,4.508058291931078,5.5958214927491134
3,5.004614,4.236880120608513,4.187103717387902
3,13.131156,13.893229766116894,12.348385179496788
3,12.318844,14.458689401394174,14.083366819685182
3,14.751741,14.167602545501785,14.608342311275601
3,10.326219,14.377491001825877,13.617505978357375
3,11.370336,13.851753790124539,13.613612917193985
3,15.044613,13.853475553423237,15.2540851855058
3,19.640444,13.807925775725442,15.65897717700727
3,13.748309,14.800588203077874,15.699738946016128
3,9.623816,17.50370456287105,17.128016981752022
3,6.736671,16.195405973263483,16.512098821525786
3,10.907101,17.376857639992185,17.31885692278418
3,8.72568,14.883402788771239,15.707384188750073
3,18.140505,12.182524430701887,13.888026224799297
3,13.191321,12.964078221356248,13.63711807845648
3,18.38493,13.394667238383327,14.590238394568814
3,23.094522,12.91021694414444,14.330596892115066
3,16.437878,12.193119457999263,12.041147495814688
3,15.718835,13.948362687745892,13.707417040634649
3,11.003184,10.956494539422147,10.759713772334944
3,12.018271,11.426729361663325,10.52518655934471
3,13.692192,14.57511560667155,14.134086174542364
3,10.159826,15.407335977454416,15.941902683294703
3,7.636419,16.010103485760396,15.97903846141388
3,14.889947,14.32207453900012,14.018401408863015
3,12.069509,15.716541594842667,17.370584464850275
3,9.030457,16.821986586127213,18.661016538362343
3,14.257868,18.04418983425523,17.88619244631155
3,14.025542,16.067695457947313,18.20916642809517
3,10.393321,17.28233569400093,17.7980445582976
3,7.877205,17.929580399306698,18.678610036612532
3,17.14602,16.40437779760042,15.98038778401554
3,15.542586,15.222775207206931,17.657107355479297
3,19.973528,14.340584119521612,15.236385745461215
3,14.606374,15.415353934817123,14.740680514373118
3,10.224461,16.102812914183872,16.46351061904558
3,15.268762,14.756957737729184,15.524909226272303
3,12.888914,13.836192527151223,13.70815652555809
3,14.86652,13.4799254232017,13.118612292672388
3,19.249407,12.660656263967429,12.52797224800422
3,13.474585,12.72646197258604,12.268429377810724
3,6.073526,7.958647225091669,9.275044168685534
3,8.706244,9.880358426660353,9.555443770390307
3,6.964995,10.05216485590364,10.621428115786134
3,5.571996,9.646241579094593,9.066679895756593
3,11.52508,11.634757474753107,10.405921240700511
3,9.220064,8.835667787493138,9.369878030654359
3,14.521399,10.597158965040869,10.329241231243534
3,10.16498,11.371198660551261,11.773497622777423
3,8.131984,9.342719236641479,9.943796345424087
3,7.195931,10.74858673337965,11.260714078036036
3,8.210684,10.02150348144529,10.150882606210352
3,6.568547,9.33597384853839,9.08978584665134
3,9.056252,9.050975004537614,7.982442087095515
3,12.410583,9.108176396413596,7.0520894034681305
3,9.928466,9.624096338323488,10.612109308616791
3,6.949926,9.49167817839152,9.333149439073594
3,5.903503,9.808596951263054,11.366479623196403
3,9.621761,10.158340260289986,11.260294671194035
3,7.697409,9.886123250234775,10.496774212403658
3,11.943908,13.018400045997186,9.861236583383459
3,14.367969,11.87152356048393,9.925214211750117
3,10.057578,12.5000217867083,10.237949936149555
3,7.040305,9.89853142709593,9.474468264550918
3,8.943867,10.736821420948525,11.795802930680308
3,7.155093,14.053944341337008,15.124433659763483
3,8.243855,14.35598343755889,14.611640088868654
3,13.886229,16.985098720673154,19.256609541782094
3,9.72036,16.18318847734311,16.54156206846914
3,16.631716,18.69116551697428,15.44469027101747
3,11.6422,15.684948486466672,15.978346564339677
3,13.35821,19.734295815840888,15.736560913214557
3,9.350746,16.17120796189013,13.028153839031523
3,12.350138,12.192198997077158,10.633086777316203
3,23.454163,13.723668371791378,13.413007919633348
3,16.417913,12.737095899901766,12.400448862244732
3,11.492539,13.612937963501066,11.469849368076828
3,8.044778,12.918025745575614,12.681891772648264
3,22.006046,12.707172270463246,11.172444269322273
3,26.621317,10.603363490087615,11.526183530493327
3,30.450808,13.894563290735855,16.838853956859875
3,21.315565,12.808593571834294,10.93292874256567
3,14.920896,13.916251678557014,10.862754725802354
3,18.152718,13.272377026954825,10.204518193238508
3,17.185535,12.460639667210623,12.633290113863945
3,12.029875,13.282614876404482,13.063605052051038
3,8.420912,14.337027007027185,17.385980063178977
3,5.894638,16.14161949727096,19.326222472304355
3,4.715711,13.92497433571978,13.22237783436877
3,6.089453,12.246359124195463,13.39301706471741
3,4.871562,13.018526869409333,13.694557477377339
3,6.865307,11.659844218610937,12.569802740824853
3,11.88623,12.254691255353459,11.929595609001986
3,9.508984,12.205164405508404,12.978064435459473
3,7.607187,11.756662531901515,11.935385742531134
3,11.12099,12.247602366400402,11.437355851068451
3,14.836991,13.324025582609584,12.08776037704208
3,15.655735,12.420164997041548,11.311113612268688
3,9.485089,10.377323441850702,8.843243450620333
3,7.588071,9.423761523272688,8.583159098843902
3,9.14977,11.541158447853151,11.05475140666315
3,11.156767,12.046605567144809,11.17440658739694
3,9.886348,9.733344054016742,8.284544354286925
3,8.971678,8.83360483959938,8.474321503614027
3,15.709894,9.382988370599934,10.102968492453188
3,10.996925,11.47049650706739,11.248006414439704
3,7.697848,11.40015573018271,11.391730250106
3,7.524043,10.144467790353755,9.8707612687453
3,7.645979,8.63648144092233,9.170722246523463
3,8.605711,12.891564044781713,15.019224684913384
3,6.884569,9.032680678288878,10.892354049864519
3,8.386613,10.08768356715276,10.35200242250261
3,6.709291,9.688311221386469,7.973945265187813
3,8.735396,8.775448394943025,9.677852218496835
3,11.246276,10.618588284524936,8.907012285107685
3,8.997021,10.576378574462971,10.307996811853004
3,7.197617,9.854326396310684,8.798596234085048
3,5.758093,11.378316576557552,9.0992257831593
3,26.234932,12.182676413571942,11.863517564998041
3,18.364452,12.748583851134269,10.821484427990812
3,21.664497,13.033096787365169,9.840567278008539
3,15.165148,11.008370141678714,8.431292258297756
3,13.783149,14.10090815608644,15.370418385223275
3,12.680618,13.086130134166247,11.829096740213926
3,20.581684,12.868750125172614,10.359209796650765
3,25.716627,13.421964377327214,14.4783870649951
3,18.001638,13.40256304269375,11.15499285551805
3,17.66604,13.129773129407958,11.86613363325794
3,12.366228,13.94046984533921,12.217980185198286
3,8.65636,14.481069933135172,12.847879981257973
3,6.059452,13.752190234124836,13.594294268256732
3,15.991394,14.091396927666764,13.241045055509318
3,11.193974,14.263003884850903,13.851967517204224
3,11.756697,11.598012701101638,10.41963066587761
3,8.229688,10.992648773722133,10.216853856098286
3,10.247386,12.927401542707734,12.709767870827736
3,8.197908,9.83222342846549,9.328139442330476
3,15.412836,12.167525759878016,11.449006205656088
3,8.912483,9.465956024831616,9.268500138512678
3,7.129987,9.225472292135777,9.288235703449393
3,8.765037,11.840793086329048,10.900900982092494
3,7.012029,10.599224496295266,9.541282838185449
3,6.707587,11.902660516104804,10.524262557236115
3,7.527683,10.355147296354334,9.19058488038749
3,8.031717,11.038551153163846,10.562221073424473
3,7.183604,12.948594486091096,10.866572336139432
3,11.727695,11.82687351958264,10.902778046650548
3,9.382155,10.677048907537802,11.452895399731592
3,7.505724,12.501064115202226,11.640567127028643
3,9.42723,13.256379863795752,11.51420897173316
3,18.922325,11.852940972097858,10.616765087602898
3,13.716313,11.191268271205967,12.68345572699625
3,11.435281,10.121482208764132,10.54931681495267
3,8.004697,9.601826962715466,9.15722962414038
3,12.889218,9.675080321719108,8.891971061125602
3,9.022452,8.908697927220214,10.256535623177278
3,9.332755,8.027884451086468,9.243791535984254
3,8.676218,10.20837355805728,8.477336173118017
4,18.980612,26.687575101569493,23.0872408494775
4,13.286428,22.60340257866698,20.70094955067083
4,16.435827,17.518232705235775,15.878448372876187
4,28.360449,22.298320193917185,20.5159781748019
4,28.71922,26.69775422025599,22.693918915041106
4,21.407717,28.937155443796797,26.096136781361785
4,29.418736,26.9113369426222,25.631904206959963
4,26.733086,21.85574254804338,21.86110482202466
4,48.36936,54.09258875588794,55.948501954267385
4,48.623432,48.115045071862916,43.897575874148465
4,46.251305,48.10335011832053,43.384232408232606
4,45.773438,46.12282678169354,42.139904941780436
4,47.044754,50.24184692007574,46.89705000931985
4,32.931328,47.496988311348865,43.773387398430046
4,31.408522,48.83084784133476,43.42556823523357
4,25.335278,32.400118754479145,32.302124366068206
4,29.8958,46.903422416306576,41.60764521001067
4,31.802715,33.800720457832135,31.028648742977676
4,31.551815,44.37595000074367,47.191388112162606
4,29.256432,44.41421020649372,47.46862774175901
4,31.384129,44.12892799996201,46.41736857476361
4,35.705147,43.33260975484088,44.77565316172499
4,31.806828,46.890433786741475,45.95868143510827
4,32.143406,46.71943615715703,44.38101083022162
4,33.998997,47.41206507899065,44.24416013890016
4,28.373457,42.251856524729185,40.88018662293013
4,33.349266,43.96301350099333,43.59971706330804
4,26.01395,40.79621653169953,42.092896982169215
4,27.219687,37.23796249369877,39.13774810944597
4,19.05378,32.52109524841953,34.58813327932974
4,20.974154,40.23011651537024,41.32442548368568
4,25.736008,23.968214272600534,20.341702711973642
4,21.461851,23.496760013500552,19.98274428085336
4,23.887953,24.884852603774558,19.945845100154518
4,16.721567,24.447521951207897,23.583020461026198
4,15.284793,24.954374454315918,18.029394361912832
4,11.379191,16.961820457999767,13.64583612163907
4,12.059056,12.809054455249852,12.127444144286155
4,8.73152,15.9617892915052,13.698337841455444
4,6.985216,14.481620253300179,14.941440025539636
4,8.463468,14.257796406170904,16.14886179225901
4,10.74988,12.224835156999585,15.69074080421553
4,9.219563,23.052829004942172,21.539024407108084
4,22.502085,13.871859455367085,13.396173534337816
4,18.78234,11.021526577985872,10.86071396302661
4,13.147638,8.376671798062237,8.602698163900266
4,9.203346,9.889679594477855,8.374290668303079
4,6.442342,13.594691296577832,15.83555840612573
4,5.153874,10.740872915915261,13.428831347297397
4,10.862775,14.000062092036138,15.611326989405605
4,11.463648,16.200414993951284,14.879295345333206
4,14.244294,17.065195910280774,18.019500563525735
4,9.971005,14.264016370498602,13.58287140597492
4,15.464963,10.014952672020206,10.15544445182125
4,10.825474,8.464125014445695,7.294283982035405
4,11.053142,8.938882463833322,10.044120833494354
4,10.694357,8.861276051865941,8.702131456076119
4,11.60469,6.337708024797381,6.868588479831955
4,10.949469,6.798579606195695,5.820208150384937
4,7.664628,6.565659253577701,5.107731708395755
4,6.131702,5.514089760376399,4.550341360863186
4,7.228991,6.354780511879635,5.396959646900365
4,5.783193,5.347591282506465,6.607644289968951
4,7.256578,11.224258355754635,10.679399994438059
4,5.805262,14.381512217405762,12.931566763956999
4,9.148935,14.865301025180687,14.600603558332354
4,9.904204,18.6003025015558,12.247906479232235
4,21.139626,6.053116215080107,7.320901980751001
4,15.218086,6.8525324974752735,8.391180373193206
4,10.65266,11.175478410483718,10.484436741350699
4,7.274621,7.607119635536324,7.16399615770325
4,6.820976,8.423760613790666,8.098036625618073
4,13.219346,6.84024896730779,6.75106272177933
4,10.575477,6.1509352783394435,5.494747372989103
4,10.966787,6.2486954607820016,6.837174185526462
4,9.530957,10.725160687363134,11.135446139377724
4,14.830415,10.15138623564855,9.569271269537433
4,51.159718,31.551634354239063,31.553721328880954
4,48.59593,30.40948042957984,31.398604243798516
4,47.509003,28.324975099200426,29.18343839970906
4,54.478188,30.69726056449164,34.04318511251872
4,49.439514,28.48580115155186,29.469982926963095
4,41.601017,29.164142317915392,32.37384163377148
4,44.03702,32.35514068796738,33.94466653595009
4,42.855076,27.656689311258333,28.24036995373
4,34.29795,27.72684395958009,28.678563141771875
4,35.916283,30.489725577340057,29.63793641608521
4,35.867672,29.894597425622877,30.54531338191613
4,26.662561,19.910280208656463,21.461263601711597
4,30.222685,24.072016893851096,23.12652156489593
4,25.389278,26.214856918025518,26.37293657424165
4,23.254496,26.387787243025826,28.464454514338648
4,23.277336,21.56993485485795,20.58428567144262
4,21.871126,22.300740631372534,23.285129707711185
4,27.418896,25.22385553378529,23.95187884258321
4,19.193226,20.15647118942299,22.57828460945319
4,13.435258,27.867268957376684,27.204109271408754
4,18.756786,25.454202651841875,23.495598552827854
4,16.769964,26.464768203772728,24.15627090464535
4,17.463093,27.351671840414113,22.91109532429283
4,19.151611,22.173048838665796,22.04796627797893
4,13.406128,25.950936811431934,20.70129370427908
4,16.257767,22.94441480680801,21.136543977932398
4,48.60586,44.18014093712419,42.28942996716261
4,49.08098,40.24141973116897,41.436579416397265
4,55.92408,48.37278788362046,47.25088376598485
4,57.823444,49.14250123626636,48.05121338086434
4,59.53041,46.487711597468845,47.532313692534096
4,51.48406,48.32063937193293,49.213268561064154
4,54.520412,47.453199020729215,47.0192882908582
4,54.6071,47.750355610061455,47.031229471794184
4,51.80987,44.57725406310155,42.638189597245514
4,45.190884,36.207848390540434,35.25073172779846
4,43.72735,36.32426309528385,32.255945372916166
4,39.83994,35.02299469395067,34.217376253262714
4,39.337845,31.896375796300724,31.13071361831039
4,35.820553,35.7023550179417,31.670282618412145
4,29.017233,30.590801807270648,26.746829693500423
4,32.631435,35.553398255295605,38.333267798322716
4,33.406902,38.04241372457546,41.09114410779787
4,45.691784,43.66062996510831,41.04358631340137
4,47.720264,35.91660463128204,39.06641643768882
4,56.562866,39.66023778513542,45.97411650744439
4,48.49157,38.74548767828015,45.993373825790265
4,50.41593,42.8902654217988,42.288038807797406
4,55.072105,50.91468961206472,46.35777225084958
4,48.488155,50.42650586362963,47.632663700595266
4,51.25393,50.69194884453151,48.64004334346767
4,51.481606,49.011500941682904,47.0533579407308
4,50.800034,46.37287776703813,46.34854492317638
4,53.710693,46.22899063475752,46.5115467454317
4,46.700752,44.60209696785549,42.67067747288233
4,54.469242,43.10160628097097,38.956811716871165
4,41.994473,34.70297508787546,31.96840201707973
4,33.88573,32.602064265348176,28.934578981743314
4,36.545414,17.32114444425941,19.532441799420422
4,25.581789,19.101479272235977,19.041598713294142
4,18.108929,17.823112320481894,21.132874036637652
4,18.759647,21.196697226894532,27.92409976178456
4,29.763952,25.5557811222574,31.55694526868695
4,30.344273,32.274012942174636,42.2253489279674
4,26.722551,39.18438821051927,42.667678711372616
4,23.697819,39.043093317894524,36.279435321487114
4,28.427406,37.345483981631624,34.307142555296764
4,31.609707,36.00017302132179,38.06927471910366
4,30.697416,34.52157151459461,35.913014222170396
4,30.2575,37.661786313474984,40.08539192789866
4,39.30352,45.21307888377774,43.948217845254774
4,34.011528,42.62196136853689,42.01142024012881
4,33.79797,38.76201188146306,40.82610297711041
4,39.10796,37.39403767626917,41.565937911911966
4,36.39627,31.487818136873727,29.054622148529308
4,46.58565,36.023815175757335,32.92716579191614
4,42.585007,33.26618201647438,27.831768404393475
4,39.625145,26.559433137742342,24.100829814001255
4,33.799408,17.562132725738177,20.500357661148215
4,24.526978,17.18199902801564,19.450227082164766
4,19.039099,14.954944205715377,18.634654702640827
4,24.760883,19.33710138901566,22.564500683174636
4,25.312267,23.171984983240886,26.28787568351188
4,27.243448,26.992748623187786,28.89560931512525
4,23.54897,21.9870501895206,25.621807548022087
4,8.685363,16.63867912469249,19.38722942912791
4,15.361422,16.046540828610556,16.627412160626662
4,12.752305,15.670983408063439,16.14635940184428
4,8.926614,14.954110015059364,14.079276070541342
4,14.334656,17.517039129458563,16.270503853586742
4,14.074116,17.54222242289369,20.040697725472025
4,12.389691,20.39952525125423,20.129152582386943
4,13.310777,27.300615389263275,25.313667348456985
4,11.089106,15.069255106132475,17.389379539693184
4,7.762374,14.174488543107307,15.329636535741605
4,13.240776,15.112593732811133,14.981436379574957
4,11.899068,11.39049312648797,12.335516435970153
4,8.329348,11.511014277741237,11.229346745278047
4,7.014047,9.704673089586045,9.038005414044372
4,5.611238,11.068923981592002,9.835154648060504
4,9.22878,9.993075492080452,8.458044311114454
4,8.020329,10.15592956766044,10.599769456385491
4,9.809906,10.0666673750118,9.482209839665844
4,14.234307,13.91077676337198,13.388497928256896
4,16.426077,12.93564755625332,14.617482272352204
4,34.843792,34.837955610342945,34.45082874608649
4,27.56735,35.95435297204386,35.933972488362144
4,33.70943,31.427967681251875,33.909028096210655
4,28.60897,31.769346597416124,28.438027117125444
4,31.380445,29.991989183360424,28.15491530344636
4,35.456215,36.57593405954057,36.55777880175792
4,24.819355,33.98002907487856,33.94983906479386
4,24.281387,35.24784012476042,34.824771428805384
4,26.282219,40.38894096270904,35.5056905604122
4,22.829868,36.255388716963836,30.15204971168684
4,31.826464,31.31740092236149,26.152269953055544
4,27.586535,24.047552665906835,19.592761831135444
4,23.753223,18.776558220229653,22.38095508209205
4,23.319532,12.75701994136363,15.347991935968642
4,20.100075,11.629400270588235,13.93543598062656
4,23.936203,9.382840129853125,12.405667342271915
4,21.363125,10.60966825574735,11.256862357090865
4,24.684505,13.508866285065814,14.314839949351569
4,17.279154,14.914036875212958,14.694475209925209
4,22.400267,18.989006453620707,23.197245940775552
4,12.247433,5.4105422991427226,6.029403495491746
4,13.255888,4.377711240161418,5.738930159784428
4,16.200787,7.294212287334887,10.054515670158434
4,14.368646,7.638417568175866,5.841768655944434
4,10.058052,8.650374651940139,8.75571149127747
4,7.040637,8.577585351032358,9.622578989247055
4,10.460197,10.941631980384173,12.249085925314985
4,8.368158,12.147412738897497,12.47318582869981
4,6.803102,10.646377586714205,10.34074123647082
4,5.442481,11.352784729500787,9.550751456822463
4,4.353985,10.29288901594242,9.208295096859509
4,3.483188,8.966963654922381,9.400803514425332
4,2.951222,10.259284221949075,9.081809541037801
4,2.360977,8.659499792169537,8.223892559718145
4,2.215091,7.362460794913292,7.1386629289438925
4,7.186202,6.97017607783721,7.313718675542933
4,5.748961,3.593039311350929,3.0878737853727416
4,4.599169,4.784837579714515,4.098515296109894
4,3.679335,8.039266766038947,7.847929570266748
4,3.550148,11.821994146945679,10.127601014745679
4,5.127675,15.186222232879313,12.079321518318858
4,4.10214,18.692858529604752,15.319651937160652
4,12.225425,12.256994072910977,10.826789672276227
4,9.78034,12.707651860294638,10.177586022052456
4,8.242969,10.99886213618802,9.85630380514271
4,15.994135,10.30453415313485,10.638208170294103
4,16.145285,18.793464170914376,13.645039084516261
4,11.301699,21.67958759917497,14.975031554907805
4,11.160192,21.505740900515864,16.129541761579556
4,22.584663,24.449285251613745,20.44370224742021
4,19.022734,18.839457800563014,18.67484862762284
4,26.95101,16.086710279992786,18.60801370963234
4,23.649132,15.861086693615764,16.666737827701184
4,24.930355,12.067368543525314,13.862937873025801
4,17.451246,9.71767644745669,11.71257031954104
4,22.41009,9.771987812244117,12.05440689098675
4,22.827944,10.572288521366637,10.898918206949602
4,15.979561,12.287854670799822,11.929380912761909
4,13.795199,14.17887874994132,13.641063852450154
4,20.988337,13.081191656025837,11.253651195917872
4,14.691834,12.539250450758201,10.195672212515786
4,10.284284,10.868519936848145,9.674633225920683
4,7.198998,9.138262906968837,10.784587403804286
4,10.541091,9.60832737765299,9.08998257828609
4,8.432873,10.073913567621744,9.527281227916795
4,7.661623,9.567720013275956,9.606188910883093
4,8.923775,11.20576282715543,10.183299996606515
4,7.13902,9.034548912125995,8.860043241438794
4,11.368931,10.74011522275754,10.954883059297089
4,9.095144,12.930900403984651,13.448712397987501
4,12.861822,14.07977291672242,15.058572258250209
4,12.197859,13.343441362015817,13.6838054390915
4,13.689519,12.834662806581306,13.685488688382309
4,11.339737,13.738556251911966,13.753514495622873
4,15.076589,12.53848906740359,13.10899449177528
4,10.837991,10.238148008029562,13.059876320119365
4,15.200673,11.840437497756856,10.470390345932913
4,20.481033,13.048166459214452,12.714214636219394
4,23.130928,13.00615508957314,13.314465195461533
4,8.823954,12.449496832827005,12.077493477240473
4,6.176767,10.107483407230417,9.974618459633152
4,4.941414,10.889628019588985,8.823643014228786
4,3.953131,10.826290210959929,9.856802804919411
4,5.374125,6.948865141248398,7.733639440426533
4,5.439954,6.658702420055413,6.009613495818578
4,4.351964,5.712697549345755,5.693152421132719
4,5.896661,6.768736763827122,7.31926345763986
4,4.717329,7.5097713330609555,7.338736822233568
4,3.773863,7.838530393737846,7.79616869332907
4,6.608639,9.531213402133037,9.502892167341166
4,5.286911,8.926676358209052,8.727743059700979
4,4.229529,8.417977281633744,9.292016445459101
4,6.565121,11.267556572928852,11.174750492052748
4,5.252097,9.877884454553882,10.529750848027193
4,4.201677,8.630684974817736,9.652758261782356
4,4.801995,9.981277265044673,11.099807504223422
4,7.833842,11.415950883616153,10.572127662569793
4,8.443627,9.242628846380335,9.160788238080713
4,6.754902,13.06702069305395,10.43172364442451
4,2.10884,11.358662782185386,14.005942184870143
4,1.753332,9.97254503768135,15.518621168629675
4,1.402666,15.337425591649334,17.761310935184564
4,1.122133,17.262678740174273,15.702174591159489
4,3.352102,17.964682044647134,17.054833861625827
4,3.235959,16.430246468970907,16.86517103686485
4,5.694499,14.586794376279386,17.218839721807147
4,4.555599,13.66779355727067,14.679113944909258
4,9.616787,16.634553625360883,16.411611157626332
4,10.199887,14.06580251965565,12.212693365045439
4,8.159909,12.892137178132774,13.459368664681628
4,12.698165,14.79986487909269,16.235579823031404
4,10.171657,10.582797359890506,13.907307690805881
4,11.369921,16.924509919497815,15.656318287422485
4,17.08747,16.363002336230124,14.427062415331608
4,11.961228,13.400274996725448,14.153778363562886
4,30.566221,15.163517337506242,16.23273304926968
4,21.396357,13.630649233760108,13.880686315688415
4,14.977449,17.474228846085,16.620762263906855
4,15.371392,14.17263995310079,16.033867952061577
4,9.411694,7.05502621557431,8.288741893144369
4,10.170296,4.308292689088957,6.207294124233576
4,7.119207,9.036626843116036,10.225673888039088
4,9.43737,4.6111627556805805,6.253914305631973
4,13.380357,15.203695424698571,15.55070955771966
4,15.782053,16.06723537976757,16.370502755189946
4,18.268002,17.057626622209643,16.23595148051896
4,16.67913,15.902445019687798,15.280984974612018
4,20.128006,13.209587149305484,15.320413114369845
4,15.980672,10.92840067026137,10.893228966743276
4,11.18647,7.433512023695519,7.6860610922346915
4,12.43995,9.098992983790113,8.508801409239856
4,8.707965,7.256747140335296,9.187428902706078
4,6.966372,7.432412629542221,6.711273603092038
4,8.531235,4.770559660399882,5.440868805001941
4,6.824987,3.258280558424807,6.069384550626228
4,5.459991,3.0497233301663593,3.574919154449253
4,4.367992,3.80027971722772,4.7138115455051
4,3.494394,4.821693786833656,5.513532379656317
4,2.795515,4.484793721185826,4.1045699464824015
4,8.746722,5.890343360597546,6.322516838817268
4,6.997378,7.9160452604744895,7.492515826472418
4,5.597902,4.557066651027411,6.306327947661335
4,4.478323,5.239141377296635,4.5358618451340735
4,3.582658,5.934211897992116,6.496241010798071
4,6.085423,11.29251143245798,14.562496968570294
4,12.455597,13.570512875416739,17.38569201978089
4,14.601995,13.471361795824482,15.052426950718102
4,10.221396,7.794413395974427,8.522650349344225
4,18.676714,11.65404522652184,12.139669780967049
4,13.0737,8.769196568230228,8.848543656740766
4,12.444596,9.881158374743114,10.199059124132095
4,8.711217,8.947810008953505,8.920749953899195
4,6.097852,8.520685807573557,8.263522113380619
4,4.878282,8.981684671069793,9.61014922154715
4,3.902625,7.7516292270981815,8.950644450881752
4,3.1221,6.154837300944809,7.206501967780638
4,2.49768,6.201551823982468,5.883159682549744
4,1.998144,3.944730670866813,5.3345356530484205
4,1.598515,4.428135229224119,5.440847777070071
4,21.560633,13.73389264135581,12.062717809650016
4,15.092443,11.927923912794391,12.403747965447337
4,10.947493,13.911641369235195,13.716475171653101
4,12.008975,13.491111007318183,13.055296935089858
4,15.558209,13.481855484089994,15.385340426795068
4,12.197276,13.425178768152286,14.134261640639926
4,16.456055,12.077200422095867,12.603980240723903
4,11.519238,12.341100127507216,12.609551508084317
4,9.398904,12.259339797005039,13.419784485540164
4,8.856998,11.510251188757398,11.972825936656504
4,8.231067,11.768142986704948,12.233735300338116
4,9.532441,11.480206862099434,11.956326095994394
4,11.071331,10.916173428654503,11.412987604283973
4,9.643791,11.406064175251712,11.680046777941493
4,7.715033,11.73849303142778,10.933168576750354
4,8.643485,10.585920708334806,10.354877435564847
4,6.914788,10.218360581497912,9.869059328546507
4,8.744056,11.831398970896432,10.438416801240537
4,10.542203,10.92502798459252,9.783666941220021
4,12.072285,13.10103841851026,10.430400158218783
4,4.081941,9.386640856319199,8.910360575269857
4,6.739251,12.459036966406742,11.290960425903743
4,7.081484,9.667524560621857,9.839426923554752
4,11.465035,9.263715182637709,10.013237854209777
4,9.172029,19.737454481993485,14.799320047338869
4,7.337623,6.799245224742893,7.090778253919068
4,5.925266,13.89401910889555,15.675976149553572
4,5.715362,12.68733976125406,13.750033872071175
4,6.862844,12.986733354806296,14.716365495057012
4,7.456015,8.292948537666499,9.214578466816821
4,13.486174,8.315747740442951,8.36137999233666
4,9.440321,10.196982001785688,8.98848395634635
4,9.815854,7.720071105499727,8.284035525410376
4,6.871098,7.623074901341646,7.804319593766765
4,7.215542,5.541988055900121,5.428443490909739
4,7.27631,6.037260521669574,5.302738972815807
4,5.821048,5.522615456533364,5.083955307584149
4,7.874728,8.243811991545615,8.188769255096727
4,6.299782,8.814229872352122,7.425596566192814
4,12.128115,7.711476116915123,6.425335226678447
4,7.236887,6.422386809071956,6.40296358980677
4,6.349734,5.968716117585509,7.54022202536162
4,6.322913,4.716986604818002,5.314821539278328
4,5.583563,3.9081595649947487,6.824778554148997
4,4.46685,8.367535405111475,8.477483370728176
4,3.57348,9.96404890475561,11.677289899855264
4,8.343996,6.467243521448345,6.026001862944789
4,8.670891,6.455911192052624,5.888263135255023
4,10.954625,5.189279881803959,5.235788169200909
4,8.7637,4.1842066539350755,3.796256602974449
4,7.010961,4.938779999867857,5.52834870700255
4,5.608768,5.306240342864401,5.457726154294469
4,4.487015,5.517765175189652,5.143072710755978
4,3.589612,5.418969953263934,5.427812922128594
4,2.871689,5.828225531585889,6.296248462054929
4,2.297351,5.080864404788504,6.022729222940589
4,1.837881,5.80735226628064,5.911719341322316
4,1.470305,4.562439528211112,6.2187165965524756
4,1.176244,3.487492896558889,4.131257167233817
4,5.755946,6.202928945059862,6.678832218548115
4,15.809372,11.070894223324972,10.753072459857307
4,11.06656,14.471025891921489,14.3548401507248
4,11.807627,12.21421906084166,12.669452999955606
4,8.265339,13.46933326969345,13.472487727630746
4,19.02269,15.323158391228102,16.935529826932182
4,13.315883,15.624088376016331,17.26877508791993
4,23.226486,14.825617502690362,16.493402755534326
4,16.25854,15.386435414483863,17.770004862397307
4,12.899144,14.037785442155036,14.849254427848516
4,11.649515,11.87949570178336,13.323918774265042
4,8.15466,12.57283466635934,14.014762621814981
4,14.69759,11.111669220999534,12.151028125829711
4,10.4816,10.175760139881522,10.779301703034234
4,7.33712,10.683599254643953,10.15091625962901
4,5.869696,9.679309049997178,9.978258471310467
4,8.926172,9.30429994628918,9.794381142909206
4,7.140938,10.5637252182529,10.407059279336561
4,7.562907,9.708930371137352,11.603200491155453
4,8.418541,10.695626503743533,11.156274516500915
4,10.104082,10.312922166788015,10.854624934393732
4,12.798223,14.763019404196228,14.014338324018068
4,9.915113,15.854187281592163,15.009340625331404
4,12.427439,15.805894464998467,13.833997565326667
4,11.766895,15.349473196843116,13.845997286179344
4,13.034791,15.280664179522143,15.153845886121958
4,12.273425,15.51542799313583,14.941306368088782
4,14.322652,12.312662176550365,13.604377978770637
4,10.025857,14.301002630459529,14.116088116720709
4,14.427174,15.667280277950377,15.191109862412087
4,12.331044,14.165189746917562,15.068737518176816
4,14.130834,13.545175801351869,15.510651975452275
4,11.036489,13.539560583455076,15.76046473261037
4,8.590068,12.115596973089364,13.715538458145446
4,18.69694,12.970140011761426,12.833659287370553
4,13.087857,13.39623312040572,14.573505421966061
4,11.782294,11.35661711089785,12.26382183453044
4,8.247606,11.929122780008747,11.717004418704644
4,10.289881,12.416918565554603,12.394660337849945
4,8.231905,11.05947997637774,12.654967924774308
4,16.454285,13.214048905449452,13.46477779853527
4,20.647718,16.367676608088686,15.295985818122478
4,23.46786,17.950774436856225,17.107483135385927
4,17.460743,15.647369441743288,14.4201431624484
4,22.981747,14.414190033098802,12.55418943862237
4,16.087223,18.937196493286486,17.780560534151007
4,14.995249,15.17247747310802,15.268592482701504
4,14.044245,14.173868801731013,16.057291607809045
4,12.681556,13.955911793988204,19.054060234828327
4,12.867352,13.406355142613904,15.890330670936445
4,19.755585,13.252756736888285,14.09554199100312
4,13.828909,14.5678943000988,15.416054243950468
4,15.646258,20.892200005929144,21.55925127397509
4,14.866714,18.82952444986558,20.43062166976294
4,19.815159,19.715161143821753,20.508913682039957
4,13.870611,19.50651023663016,20.76775911738615
4,10.032857,17.63311000876335,15.993701178313852
4,9.34198,14.288808779281194,13.080617060569091
4,7.473583,14.524315723665842,15.344043849112923
4,19.209648,13.008522168174999,15.11090663551847
4,13.446754,14.563104702565132,15.116698703699823
4,9.681524,14.133531265706289,13.57622601262559
4,12.376909,15.128366529054286,16.274557179658842
4,8.663836,14.832536983817734,15.475459957131951
4,6.931069,13.2397553178067,15.764263496610875
4,7.208346,13.167915826847555,12.045441664104048
4,8.567399,13.845176475372686,12.941020905128427
4,7.894906,12.969189799513412,13.57223584291391
4,6.883568,12.321591897706805,13.762595791269076
4,12.484535,13.710057729280159,13.421144670645793
4,9.987628,12.000853444066998,12.359202416122033
4,10.809936,11.73612214253748,11.759259313625567
4,7.566955,10.329889681454345,11.388978705923481
4,6.053564,10.854116406456509,11.562209019355747
4,4.842851,11.185978174624653,11.302835300042888
4,6.40973,14.269794545313527,14.10868188330048
4,6.629358,14.509208444413915,13.088457379421834
4,8.998102,15.198303412565282,14.958036918768656
4,8.390684,9.808695881782345,10.861419232695395
4,16.297678,12.620781327384538,12.143329470751585
4,11.771173,11.984139884382774,11.708194420442586
4,18.306913,11.593946476305089,12.349250145738488
4,12.814839,12.953573067258677,12.456858243456773
4,22.947264,11.144048844309513,10.720455705591155
4,17.780321,10.567052944303933,10.304308620511726
4,16.171978,11.436924585534719,13.558914383417074
4,20.31239,13.263812958728938,13.154246971563978
4,15.204823,15.125349559139346,13.129047974711677
4,16.464258,12.266442293314874,12.181791282947524
4,18.149725,9.729539017506838,8.410920652205625
4,16.347496,9.361762995080149,10.779240789659383
4,15.759402,10.330008249698746,11.713562566581833
4,13.130104,10.733601598917039,11.872786903642996
4,9.420744,9.855918048546485,11.518576458827825
4,9.004169,8.238628569806245,10.309105318904397
4,7.203336,7.8946729854962,9.265796058861
4,7.398993,8.294853377179269,9.768185177217951
4,13.764379,8.729592355204135,6.617215454508326
4,9.635065,8.552824631074488,7.552981046221724
4,8.300663,8.871720491025945,8.076884955771877
4,9.862755,11.124158472547,11.389413458713234
4,9.753408,12.20797763993155,14.126593177394847
4,17.305492,12.283257721780675,15.866789443537744
4,15.541357,10.870332218192294,12.971485132019373
4,15.773328,10.782137187971275,13.181293290430524
4,14.415584,11.538678279569984,13.0880362273732
4,10.090908,14.324022930423334,15.889090506562836
4,18.696817,16.349176401161397,17.032506605727747
4,13.087772,16.662993159477566,17.46558111633145
4,14.177439,13.76161870006749,13.999684305894064
4,13.772368,12.422338695199398,11.861381387059312
4,9.640657,11.78592991117111,11.352194989123216
4,18.155264,10.594376112651393,11.63852361792328
4,12.708685,11.689267072029953,11.49109667394705
4,8.896079,12.067840987901247,12.061377623429832
4,6.227255,11.625335835230247,10.536298269955543
4,13.439195,11.790018963294909,11.29474377338669
4,10.751356,12.76223380060319,12.370979992324573
4,8.601085,10.635235923360018,10.238883273531302
4,12.768848,11.682126595113804,10.271285423386828
4,8.51593,12.264075146869866,12.858450820332035
4,9.430262,13.454350790114677,11.924353574992272
4,7.544209,15.887096956889057,18.780693192694166
4,9.676073,14.674093384741827,17.554432732898217
4,9.580592,16.283771439546832,14.498353391415185
4,11.702782,14.649859281596603,13.941946118575315
4,8.191946,15.188776034247509,14.712131453169892
4,10.535293,18.518297774594636,17.72532511977397
4,14.148414,16.358326239286672,15.50999273650887
4,19.888891,13.923988964286611,13.723816855636228
4,14.151769,13.912293851231775,13.078434629143379
4,17.80378,19.934685184697845,19.650247241578434
4,14.83474,19.22133934589836,19.743393965450093
4,18.104818,20.345951530104696,20.30814276875722
4,14.59082,18.88788431978519,19.63802662147036
4,16.288862,16.370603049504016,15.736715601752374
4,11.402204,14.264063088986235,14.072290012566569
4,8.028324,13.632993094721993,16.94445563137953
4,14.105499,14.423491557305,13.426269360084508
4,22.209866,15.004946178882017,14.108144630603116
4,10.469398,17.22773395955506,15.851372793885798
4,7.413497,19.7248857795969,19.303827826377333
4,6.091941,19.20218789419529,18.19052366631023
4,8.730038,18.04815064213946,15.667539908485828
4,10.132027,16.995633359761566,15.746883090358072
4,27.103682,18.708798135187223,17.635127977148596
4,18.972576,19.38695441116149,17.173991094766528
4,13.280803,18.193407633037275,16.391975075425915
4,17.438347,16.521512383628583,15.964460059394485
4,12.206842,19.95500043094046,18.445623349888862
4,8.544789,20.86040000197192,18.466237663821758
4,12.292888,19.26147739286619,18.17628415754706
4,14.083504,18.43648045837204,19.021752048238433
4,9.858453,18.01989459685065,18.92553185082896
4,14.978268,15.932165054246989,14.630051437554398
4,17.791704,13.871799533588117,12.776554136928477
4,14.018517,11.984796757544927,14.882469570831145
4,13.020642,12.529371293125621,10.719314451436839
4,20.730764,13.18587424778637,12.290196857073544
4,6.097427,13.63043204726701,12.90589212858649
4,9.903596,13.651352659475034,12.225069000826569
4,8.487209,12.746832044305208,15.382041023749736
4,15.731054,13.925117966648195,18.721004552260666
4,17.15412,17.022197343194147,15.611969174413131
4,12.335786,15.803445174298126,14.854935056438551
4,8.63505,13.916282459773187,14.99079468405449
4,19.296717,15.322525209516172,15.24256601820141
4,18.374874,15.1263126945562,14.895353105244737
4,23.200403,14.486187900081188,14.963367184630364
4,16.240282,16.67236990465033,14.66822601693488
4,11.489253,22.888287504516782,20.433704467465812
4,12.043728,20.473126628256807,21.110709082955637
4,15.466971,19.436177915209814,19.193878054576288
4,13.247887,19.261913906127646,19.233077243357076
4,20.329872,14.246078754713237,12.989889219121315
4,14.230909,14.508676671186185,14.098515010504737
4,14.407732,12.947395578597733,13.269317683921535
4,12.248449,12.287553385499143,12.272013107174132
4,10.167707,12.339336698022088,12.068513142827287
5,5.2785,4.230127891596636,3.849989962551696
5,7.722456,3.112442473661222,1.9622749565812414
5,6.177964,2.844716354452125,3.324663508002629
5,4.942371,2.1353126896987424,2.120867237355452
5,3.953897,1.419549390160474,5.282514012355695
5,3.163118,0.199609968711281,4.542418827720051
5,10.069014,1.7955937883170512,5.6457024869958605
5,5.097884,8.424049937629533,11.655909234524287
5,4.078307,7.299910044052905,7.925907527474319
5,8.987991,8.039568825694916,10.629015020688131
5,7.190393,10.024356692489777,13.611676667409867
5,11.718544,15.731328931838084,15.73705285880084
5,9.374836,7.932813427132405,9.607901869266344
5,16.95308,6.800080965802537,7.152533268021696
5,13.966952,12.064194967879256,10.71176904303404
5,9.776866,6.5840763302028105,8.301459918348446
5,6.843807,6.1313336918513945,9.081914673258229
5,11.783854,5.965153907074529,9.948206709203689
5,9.427083,7.594736856890453,9.004931310231562
5,6.332284,9.990522773204427,8.26837481654187
5,5.065827,10.494905263472385,10.933769423779939
5,4.433074,9.046079108199685,8.650014135468071
5,11.47608,10.002634937942702,11.540531450128679
5,9.180863,6.720949141259657,7.553088088640758
5,7.344691,8.532705093782234,6.7233770852825625
5,12.135127,5.953994192797532,7.365443957732947
5,12.792548,5.9222473421826285,6.975001288375148
5,9.298804,7.704707268124635,7.826813020102661
5,6.509163,7.4991274945323285,7.1981324724689895
5,7.566659,6.90103114115602,5.786846863492583
5,8.638528,8.674138438159932,10.09591851723891
5,6.910822,5.765846075633357,4.572666931229504
5,10.844717,7.354609585222374,6.344714545623994
5,8.675774,11.160279340194416,9.82946335955444
5,17.49505,17.5339665400015,15.89893401196728
5,20.729113,18.665164764199616,15.359420614904606
5,17.371464,19.69574322690268,23.59778555914418
5,19.492376,14.573070258927912,13.53519575609809
5,19.253262,13.495342717409997,15.741506833617368
5,22.198395,13.421881892112893,15.793938685484909
5,15.538877,13.747901792833359,14.996656062315095
5,11.897951,17.271858992885498,16.23605235418028
5,20.408527,19.60938079917257,17.356504342874043
5,14.285969,18.17934837364398,15.977462941120164
5,19.2947,12.77581291588056,12.710972990847461
5,25.17284,12.706087334621582,12.070140016864876
5,17.620987,13.266875206520323,13.985299998586099
5,14.301641,12.70700446579842,10.175987207309594
5,15.623656,10.373770435088598,10.151096957480746
5,20.888956,9.626634619971536,9.182525160513112
5,17.5001,7.008628913541284,8.420689426989854
5,23.156933,7.2279519174462505,7.828640554742543
5,16.209854,7.827136850380944,8.13123006533784
5,18.698235,7.442929044578285,8.25268919086003
5,13.088764,8.483928768995263,8.505038005819292
5,15.285888,9.973356599721722,9.428871090241323
5,10.700121,9.166440418591966,9.176130754404856
5,7.490084,8.904366377772195,9.33462777766694
5,2.726364,6.311355115877137,7.137555907728979
5,5.261182,7.185921179180122,7.1909514321466474
5,7.31131,6.908862484791718,5.824722301752134
5,5.849048,7.974866939722251,5.955507316173591
5,4.679238,9.208374425863088,6.280038647104912
5,3.743391,8.12201438361423,7.825255430309224
5,2.994712,9.081752124240303,8.518622008813848
5,15.510049,12.362082195958582,10.762486944451394
5,10.857034,12.603936827081636,12.83617263887856
5,19.28095,11.700420220698183,9.801583063799324
5,13.496667,11.825637846334764,9.201756835629022
5,13.265821,11.459302669725,8.707848651040424
5,13.319127,12.049199865884693,10.217697170317587
5,9.323389,11.903292103126727,10.589388265182244
5,6.526372,12.840216567177418,10.862651003604496
5,40.82727,41.11140263499572,40.465186760910065
5,43.951904,43.5705985514526,39.52785227343672
5,37.53336,46.89432005299036,45.419065745767575
5,44.1042,43.638326383361886,44.19178274568401
5,42.36564,44.5962766599274,42.93247235255631
5,48.26243,42.982197790513304,44.0885326374887
5,57.0146,41.360343181004126,43.59496543574141
5,52.847588,42.33608179166713,46.84105723542542
5,48.84201,44.7730529442067,43.62768400917856
5,48.78715,43.38897966698374,46.74984029459152
5,48.882122,41.97528368322591,42.059151586417784
5,45.26104,42.04913004176151,37.78191651979435
5,50.16086,34.477385511779545,33.33629303289399
5,42.455307,33.34734548382727,32.68912134674403
5,45.197674,33.230867701194406,33.11221126049696
5,38.451912,34.08181847355964,31.344443897310487
5,45.722885,35.433483884660966,39.55146533412312
5,41.01576,38.5913914215278,42.31882359283778
5,47.761253,39.412793473253146,42.77084278092831
5,44.24296,40.50966968548874,41.98656256233264
5,41.397324,33.585236827259195,31.357127256586242
5,44.726974,31.725095233244254,30.406921562101097
5,41.67982,35.64587460189699,29.773573377485377
5,46.96611,31.509917028364825,28.777671328798913
5,46.570496,36.548851573579306,30.980428818704972
5,40.52075,38.28070710453245,36.94416154519374
5,41.960182,40.39937269489909,39.036876704323525
5,40.16154,43.542376067866286,39.70519802392302
5,41.950733,36.82495719383453,38.26049032627882
5,46.650352,37.21915375331168,36.49068179163511
5,41.888435,37.07050865699724,33.21406603537549
5,47.08664,24.40741170750513,22.47170720667563
5,36.528423,18.155425522933424,20.904646096012836
5,27.141212,13.362891944246702,15.119750116194316
5,18.998848,12.597409057444548,13.812254426024298
5,17.180943,11.936269201515055,15.484016248509231
5,16.639767,16.31762049198533,18.463427373004627
5,19.730074,19.44154103966038,22.381958862264383
5,24.368057,20.441077316545066,24.242626035733487
5,17.05764,23.48728505693797,30.790458643022973
5,9.206431,9.202812020228196,10.034271351505735
5,7.365145,8.947914877537677,9.624358695696111
5,7.15821,10.407006059444205,10.878963600669922
5,9.443183,8.85839212731576,9.600918734677583
5,7.554546,8.301956552520531,6.963514120941856
5,8.973125,8.599776899564242,7.9587344638938
5,7.1785,6.85059733971123,6.202426516618329
5,6.616614,9.60954049418309,11.079989252850176
5,5.293291,8.649283419192495,12.000550226093718
5,10.793197,8.878379154306053,11.625680966917521
5,29.340164,8.901813685381432,13.20759891695846
5,21.746632,10.420643204230998,13.52934674330745
5,33.327694,11.28342547836719,13.60220333948828
5,28.085976,20.558424946562443,25.79211869717198
5,27.954088,18.835827237051454,16.23218976182122
5,27.76518,17.401320093582093,17.972454391939394
5,32.985775,17.85854372870594,16.846119181355924
5,38.180866,14.586901338318453,17.100464328684616
5,26.726606,20.96761371530396,22.325834193628722
5,18.708624,17.600216801161466,19.58195205869029
5,21.262789,15.648380671749653,14.199553113447704
5,24.392641,13.908336728760045,15.354943693740577
5,22.98992,11.547513578876114,11.955070448015306
5,17.002766,9.29071454652426,10.292964222872003
5,13.143536,8.656007633731491,7.697952519085641
5,9.200475,8.631890732712115,7.657329818342339
5,6.440332,6.371629614796435,7.54572919823789
5,5.152266,5.971360179285399,7.010497156637334
5,4.121813,7.086148362976157,11.29712781772212
5,6.786869,6.23574427886491,8.595847706157915
5,9.88597,13.32652634770056,11.455600467952445
5,7.661174,11.443615622200147,10.829944504301292
5,6.128939,12.326061497881174,11.496220024550299
5,7.328853,10.42180861005531,12.740239152969107
5,6.360105,9.185501482510443,11.261268338624383
5,11.838462,9.893275880661974,11.385636566707952
5,9.635221,10.651896041522233,10.269143041352532
5,14.660306,9.52288939539777,11.004479633001543
5,14.597218,10.667170486804128,12.296169544274935
5,10.218052,9.33292236368355,10.795078354794652
5,7.152636,9.601947270173335,9.989372398236066
5,15.414701,12.988725614500769,10.72117341875137
5,10.79029,9.707086330766208,10.06263237686253
5,7.553203,9.675045203147228,10.751522578837038
5,6.042562,10.194869005347604,11.028919528751114
5,10.588419,9.114084661687963,8.77486925255529
5,8.470736,10.541635480437249,10.51887439217919
5,18.97466,9.691125734365603,8.807868688471677
5,13.282263,10.361526406217164,8.659819408797816
5,11.656144,12.668007006162656,11.15088334631118
5,17.64662,18.893534320781892,19.335311600480917
5,29.643738,18.893534320781892,18.8902550441484
5,35.767212,18.926577311795818,16.93041446488129
5,31.612116,19.724410043233362,23.86710719144312
5,36.46629,17.946757712624922,20.54178283674254
5,31.386549,16.036291469690852,16.61519744031545
5,29.996191,17.015930915689488,17.925097381735807
5,24.850101,17.70421732355263,19.827131216119714
5,19.642471,17.645604274491323,16.23040301569146
5,25.114777,13.83359678019959,15.205665992731577
5,17.580343,18.500095328735718,17.816312606219512
5,16.47462,17.014353318423865,15.093860545229157
5,15.202058,15.5257476538885,13.63315955109938
5,13.042409,13.505870543050664,14.630841547738415
5,9.129686,13.413142369191847,14.224658736239384
5,6.39078,11.472430572873739,11.639253903369058
5,5.112624,11.088512369664683,12.19427369495595
5,4.090099,12.39446778011796,10.703444913397535
5,3.864954,12.90578733231881,11.2545100483674
5,8.556773,13.933471790630325,11.223814561059635
5,11.193964,12.425916107581209,12.403903671108505
5,11.511856,13.928777687924256,12.511113546066886
5,11.035609,15.02474998509011,11.750688986602304
5,13.046358,10.580493126607044,11.18509883424058
5,9.13245,12.285851694700762,12.470211330978723
5,11.602148,14.667787657972143,12.803303701196755
5,19.158836,17.215299292487124,15.190303156367445
5,13.411185,15.253387266056409,13.752489494966394
5,9.387831,15.830226932497572,14.654264856481069
5,12.986903,15.691809119203132,14.41389904334681
5,15.933326,15.561025196736832,12.553860838246232
5,19.38081,11.384726218688506,12.119642207180082
5,13.566566,9.691863422248248,10.365151448451174
5,9.9123,10.089331051203567,9.913631210944583
5,12.320641,9.940154059911565,9.396858017296328
5,8.624448,8.91580959654933,8.05952781901941
5,6.899559,8.75891109275111,8.67314274548201
5,5.519647,8.152144009829128,8.380623693469458
5,4.415717,7.919595510276459,7.579372736548155
5,3.532574,8.71319349472696,8.012720511550022
5,19.283049,13.293112758444806,10.442047953424549
5,13.498134,16.185634342829125,14.081293251837531
5,12.897194,15.6234479252452,15.7914813628002
5,19.522505,13.858481015524143,13.028133000069772
5,13.665752,13.009309017293726,12.362007338275319
5,13.543011,10.858073039711595,13.560958644794802
5,9.480107,12.466455028638673,14.138889328515063
5,8.464411,16.245146181065806,15.84777148755451
5,7.476595,16.591622011712197,16.564835779029913
5,19.655205,14.748627332841036,14.381766713374612
5,13.758644,13.309090829260823,14.739090787329708
5,27.961601,13.247536550064249,12.96217510957382
5,19.57312,11.259383629635801,12.222141459348078
5,14.794867,10.578596963520559,12.49997870698947
5,10.356406,9.06220187778598,9.245147041384756
5,7.249484,8.505717238995663,8.102718109228254
5,5.799587,8.9196850377463,9.349773096691704
5,4.63967,9.167415790368779,9.170164089414712
5,10.35599,13.407652748028585,11.2469204234906
5,10.932735,8.465185491560472,8.939736563216373
5,10.763307,8.759375004210089,9.26160468236216
5,8.240461,10.540151448356989,10.922403187747943
5,14.814548,5.488987116352067,7.288126530549895
5,20.983477,11.281280166633207,10.485898625970261
5,17.35496,14.473905604016661,11.818587958178233
5,13.855961,14.425543369244581,14.931431184598779
5,18.884428,15.535568294913165,12.17296166082596
5,16.445484,12.805738288869913,12.416558987585187
5,11.511839,10.057842012164341,8.878058989945325
5,17.55572,9.41903288700873,9.722102844441652
5,20.900808,12.112800437620592,10.344335539702186
5,14.630565,9.095653407435064,9.071051921967692
5,10.241395,12.850065039316199,11.349709249513039
5,7.168976,9.284326388872378,8.480917838761409
5,5.73518,8.179634695923806,7.772356411043493
5,4.588145,6.456593388791304,7.660729766663434
5,3.670516,9.471998184876602,9.998761639929858
5,2.936413,7.093113856385654,7.4460203406030265
5,2.34913,11.406271330815812,10.76217378309247
5,1.879304,8.472709369524521,8.32473190832842
5,1.000555,7.717612371532151,6.750320207547816
5,0.800444,5.035070675682284,6.470742678475737
5,2.365303,5.533668077079346,6.510141134760684
5,1.892242,7.855181354554647,6.916281505421394
5,5.745011,5.777264279339933,6.0140230399817565
5,4.596009,5.371145346204797,5.645101482157168
5,3.676807,6.909584648738883,4.29059856528266
5,2.941446,5.248052543875553,3.0552361169732354
5,2.353157,5.270330706016106,4.382692420846881
5,3.369621,4.759293020924066,4.308772756217212
5,2.695696,3.3507386093948703,4.144075376285578
5,4.757894,3.710472723519653,4.259437733759821
5,4.957419,3.8777655847792305,4.447791060229556
5,3.965935,3.8208949653276743,3.9103865187400375
5,3.172748,2.961669805644462,3.304668958902798
5,2.538198,4.244241196067455,2.7549020070022787
5,2.030559,5.630593792849411,4.421791567730583
5,1.624447,5.759345843699863,5.202518631515544
5,1.299558,1.758927401002497,3.6392026240022504
5,1.039646,4.197427659730072,3.8207209520296455
5,10.175164,10.467518015092221,12.076439602044326
5,12.968657,11.294071767155213,11.941189333475887
5,18.020031,13.422958240639268,12.505359760287034
5,26.197643,13.400262739995734,12.90547273330423
5,23.258411,12.619337878576369,12.977392362768132
5,16.280888,13.544079077056592,14.475521790069736
5,18.627983,14.795090920901073,16.65887085904402
5,13.039588,16.391224164984603,14.148732869531942
5,16.665813,15.465007968274014,14.114409498946502
5,17.42883,12.35689745402072,12.898546005760444
5,12.20018,13.381279808590072,13.421751872061419
5,8.540126,12.61711869393153,11.434389341173443
5,5.978088,11.70176547718001,12.785274265225219
5,7.163235,12.00859913529856,10.325825369484738
5,6.67289,11.434865750244432,10.089831255859616
5,5.619415,12.275678123004413,10.805701516511702
5,7.205928,11.192257074461194,9.770335045630183
5,10.662717,11.987295082887371,9.470883955022046
5,8.530173,8.406070704315143,8.628258404859974
5,6.824139,10.130316529966105,10.24499220621304
5,14.877718,13.496545840979216,12.17581432656419
5,21.647675,11.218229486673026,10.793434423431853
5,15.153372,13.328197720489323,11.320392463917223
5,10.60736,12.223229901696085,12.289944271879879
5,14.325471,17.033629812354917,20.3619956839938
5,11.13937,14.599679835068084,13.459606510676876
5,16.571703,11.58534031435084,11.973321090892572
5,14.139575,13.881951889077294,13.033388278872339
5,15.092648,12.616957362811865,11.824624484686899
5,10.564853,11.543978902732995,11.816672225655468
5,13.380068,13.886452197288397,11.94867668239705
5,9.366047,14.312570891689427,10.974159170399309
5,9.101748,13.285897975806781,10.480772839220249
5,7.2814,12.421772555382281,11.71303203102574
5,5.82512,9.846524605543213,9.719581340702156
5,4.660096,9.39107480190816,8.992089209047363
5,3.728077,10.36970338501485,9.263961463521163
5,2.982461,11.568582998237899,9.395256549243616
5,2.385969,11.234875304214624,9.11334505212811
5,6.218603,11.407885053971338,9.477844699060801
5,8.078693,8.147201406664067,10.620361215295484
5,8.912148,9.977771977974012,10.556836394736617
5,10.853367,7.39631951502225,7.601936207215488
5,10.120481,6.060001242747159,6.493877769200829
5,8.096385,5.664007737910042,6.9264040588882985
5,9.574194,6.231283060913786,7.318776425478055
5,20.205942,21.24935180063537,14.166208830114435
5,15.611864,16.617498998929296,13.528967357298319
5,21.933895,12.425818950153538,17.80947982289253
5,17.192066,10.055502314570814,11.873413337470682
5,12.034446,6.248896711075186,10.129123281623446
5,8.424112,6.0758338813732236,7.24603965687829
5,5.896879,8.951217410439346,12.242583093088678
5,5.608405,10.309383480895637,6.571880929628135
5,4.486724,8.583080590839293,8.99525599581086
5,3.589379,10.694575057930496,7.861097329584077
5,5.356473,13.807683786381103,12.063142729974189
5,4.285179,9.115129406776767,9.45388108273015
5,3.428143,9.803545746598619,9.031211739849198
5,2.742514,8.678645328810115,8.598492220486214
5,1.674686,14.658572880274766,10.859047168159618
5,2.299533,14.360371365814201,13.153912502595848
5,2.227,5.970676145893546,7.06536609982742
5,1.7816,4.685803535206974,6.150323625779932
5,2.378925,6.778198323242702,7.43811524421495
5,3.042171,7.6345767500767066,8.579519683694727
5,7.780606,7.796749413643017,8.127926804508654
5,6.224485,7.436922683565543,7.420217937564345
5,4.979588,6.352825365099145,7.863393615576153
5,4.961284,8.306835069146713,7.699759471187218
5,5.266849,6.801757068348534,6.928899367441309
5,6.310305,8.485151873198323,7.665673300318202
5,5.048244,9.105938429162805,8.986302473258467
5,4.038595,7.77659728783361,7.028717374971495
5,7.250176,7.980770506180884,8.135869999142011
5,8.334417,8.081608820778067,6.989367306222291
5,6.667534,7.6368575429753855,7.018808237663241
5,5.334027,10.438265579997767,7.378608748333081
5,4.267222,7.0266127736393935,7.373414648349562
5,7.875186,8.060267473564092,7.371212750300665
5,12.022605,9.541246077823178,9.293213983812093
5,8.415823,7.946971726444791,9.421275970963586
5,6.044747,6.803817529000321,7.937555567511798
5,4.835798,7.909204500148098,9.280772575533957
5,8.317123,9.126928991688715,10.980182942092991
5,6.653699,10.173190689395355,9.958547690737278
5,5.322959,10.758750096378492,10.77134603759422
5,4.258367,12.951205590140912,12.004561842650853
5,3.406694,10.281547060412393,10.286724813346174
5,3.959144,11.33648289424916,10.56271336959419
5,3.167315,9.921760733573272,9.38507054534982
5,2.533852,8.594544323362605,8.901374398777934
5,2.027082,8.381494310628506,7.437931080311886
5,2.213209,9.905924531437812,8.227618528188609
5,1.770568,9.747662743835294,9.904421118274833
5,2.724573,10.579972453599066,10.168784225309208
5,2.759024,10.912331879980208,10.10283461499721
5,3.303097,11.549671187266245,9.32668533596667
5,3.967505,8.81640343919122,8.595686170634272
5,8.705961,11.261071621205861,10.585898269790466
5,9.569429,14.225878021171713,12.1121060432813
5,9.801033,13.0715531148799,13.12741875562358
5,8.962497,12.079746577706851,9.651950994573003
5,10.637482,12.662177757834142,11.855619619629383
5,8.509985,12.422881899356508,14.857311765704868
5,6.807988,12.038492782886385,12.264566549709153
5,7.517924,11.110835789120575,12.28428774636052
5,7.957812,13.9420088047584,13.431258463086778
5,9.784709,13.00435082107604,11.741414268830711
5,10.307072,9.558431456790126,8.656030684518694
5,8.245657,9.49141107766938,8.25935451223663
5,8.601912,8.530336789804842,8.108249940684992
5,7.482795,10.383572462572756,9.245124019061159
5,6.9759,9.278442771023022,8.945349603586276
5,9.5621,8.917792208858245,8.265621056996652
5,7.649681,8.756939599671881,8.344221620030407
5,8.508462,9.599583296752222,8.811764142113436
5,14.306241,10.286499708088032,9.78228573350162
5,11.444993,12.986090281225298,9.659939909089273
5,2.057151,4.359302178997626,6.04610528173594
5,1.645721,5.757288817182444,6.737195747484078
5,3.083804,4.4401065454300745,5.403665702339061
5,2.467043,4.819123321757409,4.785888366099233
5,1.973634,4.341086765633601,5.473944680744666
5,1.578907,5.619101553263599,6.161787603308905
5,1.809091,6.5794744113023595,6.52528855454923
5,3.29995,7.696928894556586,8.31764506392791
5,2.63996,5.743139483053608,7.000409068395068
5,3.77808,7.582384614281304,7.463195200523538
5,3.031854,6.597323235374686,7.138929205867134
5,2.425483,8.26003636872576,6.824466233129421
5,2.243645,6.753238848569681,6.256536061727466
5,3.01004,6.918035662201653,5.781507124145927
5,2.408032,6.706881940342943,5.328481838179127
5,1.926426,6.62240260555697,6.135232405967498
5,1.54114,6.0677383049045135,6.32986083109348
5,1.232912,7.1023427998379915,6.0081548402756555
5,3.775316,5.183040537965508,5.824435472458246
5,3.020253,3.7392811325670374,5.186808253583738
5,8.487993,11.481633910065916,11.52898336940493
5,9.252757,10.72913198943212,9.880416546756873
5,15.248582,10.582396388383575,12.018916404162923
5,15.223571,11.197832376738996,10.597336430429715
5,10.6565,11.182816042292327,12.730689273479612
5,7.45955,14.244294767424307,15.90537342440067
5,6.219158,12.793493639420145,13.026001922076542
5,7.19749,10.721836586335332,10.162228775331412
5,7.574744,12.629578988163841,11.773596907255007
5,11.985811,12.207941384632889,11.77925737977433
5,10.408584,10.897333706114408,11.14717076052508
5,14.306897,10.016903880052922,9.57706730802856
5,12.576221,9.471086838081968,9.598505996962787
5,8.803355,9.480097904552155,9.243332672238077
5,6.759019,7.321356188335048,7.582154587611285
5,5.407215,8.559722864599744,8.74344572435294
5,4.325772,8.60418563097633,8.03457199159197
5,5.788393,9.256583234254432,8.51531224967556
5,4.630714,8.793664155352703,9.047097729035855
5,5.136936,9.077993138808147,8.9202899938472
5,21.503025,14.807688811792719,13.537955235950113
5,19.911934,14.923354251472675,13.90753157730265
5,19.20062,12.05621223869503,14.29461303196459
5,13.440434,13.12055423558903,13.582598440864281
5,9.529564,14.063694882264933,15.01503362883978
5,16.284788,15.354294341463413,15.291658994569433
5,15.995984,16.703572329088665,17.955720004330022
5,15.018372,17.097845178278938,17.84769894215216
5,16.580046,15.1180826567742,17.060856495826872
5,11.606031,14.35136488049675,16.37134419569873
5,16.003956,14.584648132338305,14.423802739929142
5,15.86889,14.070729655501793,13.796038667373567
5,11.108223,13.781869521596983,13.329722589324248
5,10.720022,14.471545014040379,13.783566126833932
5,14.752057,13.220136455622766,13.745392620587696
5,10.32644,12.335277329816117,11.982214978450749
5,7.228508,11.744359471861502,11.807295832318303
5,12.311881,11.934196784491228,10.545670048741114
5,10.878507,12.814060872466447,11.945178705938416
5,11.471247,12.953344613333629,12.605193960876223
5,10.505034,12.868065424766266,11.724095785997989
5,14.514038,13.093402133042366,13.863771537099527
5,15.377568,12.870922728335122,12.595374566457712
5,15.251877,14.66898021592769,15.751316201788445
5,21.368624,13.94862368330052,15.56261306723512
5,14.958036,16.40058696849389,18.127291132613554
5,11.109616,16.047337997040845,18.054536936304473
5,10.210027,16.061170578143138,17.021446656720315
5,12.538524,15.365823664945367,16.539255870126674
5,12.36795,12.045873328128332,12.496437838538888
5,8.657565,10.498383577816712,10.35510631771998
5,10.623779,12.256396245854988,12.938386080643857
5,8.377697,11.705602195003243,11.717532777761784
5,8.48435,11.780115557575956,12.250070002921245
5,8.254613,10.6790413543886,9.412772673939893
5,8.228589,13.099222670411994,12.695543051393475
5,8.753379,10.441540395386475,12.594565188259814
5,12.029996,8.53337816569799,8.64623097274736
5,18.683643,12.537025252983684,13.726404967993084
5,7.406212,14.377582992169327,14.048820484952001
5,8.995743,14.636218782091023,16.37746564246174
5,11.596758,15.249780813545689,18.97898070453792
5,9.277407,13.925177675166811,15.165622590331331
5,11.5041,14.408606075431736,13.267248843845138
5,8.556062,13.342199558386188,12.606398117096997
5,9.093045,13.379512760403117,12.6576470578164
5,7.274436,12.903687901114452,13.306571063528342
5,9.924308,12.678863842177654,12.686209165952025
5,13.519543,13.420700112773899,13.336545362742438
5,9.463679,13.24688604502815,13.663049686802735
5,6.665181,13.951815454847472,13.347638076148746
5,5.332145,12.767253543050755,13.586876460152867
5,8.269547,12.616468867579595,13.18523158746945
5,7.590412,12.085840440858663,11.66265905965889
5,6.07233,10.873443931811062,9.495384277539708
5,7.488129,10.894693380960545,10.369729146458127
5,8.745843,11.755240286748501,13.691241542870037
5,12.434888,11.090631000524002,11.357727389724388
5,8.704421,10.968493532467132,10.572123668554648
5,13.865177,14.111375398182663,15.063984228595292
5,18.09907,15.072279212375177,20.848940602514535
5,12.583602,15.992008103164961,17.70765623325848
5,16.99627,15.511797329708905,14.363219413829233
5,11.897388,16.028292617301855,15.70391836094569
5,10.131044,15.922062158123687,16.840063738819374
5,7.091731,15.3688302658208,15.474609278366938
5,8.28979,15.87361310850285,17.26529142161363
5,7.721357,13.094220985338389,12.406962750980302
5,11.050343,13.577970323858919,13.424730114986954
5,15.174282,12.89489869982159,11.563848227386515
5,13.342775,16.431510149152082,12.629612728806045
5,14.353713,12.2797746691098,9.731409198869029
5,10.047599,13.197398390579488,12.957816556259973
5,7.033319,14.002731421002443,14.042227120704307
5,13.80202,12.83431771267619,13.167414001016265
5,9.661414,12.025330142513608,14.466874991429007
5,10.465056,14.124388705602382,12.56444154396039
5,13.462254,14.609170728773686,13.118120649062494
5,25.034685,8.94514564709033,8.484456717753838
5,17.524279,6.521431221914361,7.231824355990798
5,15.309607,6.985756840553698,7.090370439314187
5,10.716724,6.785136903178994,8.52410376442056
5,14.481405,7.799478580177908,7.842158864771852
5,10.136984,7.2400605502268,7.204513530758855
5,11.836678,8.0845610162506,7.966978021232997
5,8.285674,8.184836777493988,8.337810966296718
5,7.278142,8.945869001102121,9.272602311104743
5,7.997158,8.2723820014602,9.31655188492754
5,6.988207,9.62811670810398,9.982684245748665
5,6.413564,9.391911763063003,9.010206523248115
5,5.792324,8.391808645072828,8.277340777877471
5,4.633859,9.892120425610846,10.774938065556816
5,9.835054,9.811875659622672,8.142835838244967
5,9.780908,9.567422620638844,7.875012685029712
5,7.824726,9.677517314854667,8.50979563348532
5,12.434752,11.344963821266472,13.116264751126563
5,9.947802,8.576725518159254,9.788399324139604
5,7.958241,10.807919227224787,10.993636416505243
5,14.200532,14.224989893675524,16.42366835364476
5,13.92907,15.89793748835464,15.063804581244304
5,19.963543,16.421059916874192,16.500493531172047
5,19.273523,13.292017025488601,15.640645777986
5,15.868989,12.41538147291223,11.65622944790842
5,17.886192,14.876640148917675,14.839975197441083
5,12.520334,15.630634695125137,16.05900664402457
5,19.782145,18.109719241369962,15.223409943465734
5,13.847501,19.179490577656313,17.005711169171914
5,15.651614,18.725447010355246,18.058781552318145
5,14.709368,17.93457608673581,17.616979915672335
5,32.918617,18.735071492300115,18.46765650753351
5,23.043032,17.62014402894686,17.229675175333526
5,28.1335,16.61312893052597,17.832026686937635
5,19.693449,15.682571445805163,16.39326196184449
5,24.140493,14.480149616447596,15.497622257614845
5,16.898346,14.047125757664492,14.088101398104143
5,23.288237,11.94241068749735,12.712985942643005
5,19.075586,13.764459823782772,13.048541307036214
5,13.35291,13.494137107572994,12.213882115421455
5,6.832072,11.983074209649322,12.046957487784937
5,8.371758,12.564832493119717,13.071344059785707
5,6.867618,14.867426431495442,13.654308044855796
5,8.671474,10.12511617682593,9.366655578209407
5,7.808154,12.963001514625208,12.043852735910223
5,12.456312,12.92809631812218,11.466907647480896
5,10.199782,14.813888081797897,15.086028668723808
5,9.553032,17.24618508768822,14.937665876213943
5,11.538428,11.548666360683942,11.301015259882158
5,9.230742,12.264701082800894,11.30250693575807
5,7.644522,14.597951482238534,13.163048612500168
5,11.295095,13.897030379080567,13.177827649322651
5,13.388317,13.254205582954489,13.494810064765375
5,11.581126,12.634378109706843,13.092775567117359
5,9.434319,12.365263720288903,11.11097594679634
5,13.239765,12.297629721928708,12.27552433510694
5,11.935045,11.823762410611922,9.95490825773701
5,12.708217,11.53805901608557,14.182846383988029
5,12.840419,11.313158261919346,11.578683710267363
5,11.667757,11.139726848101537,11.364145442030084
5,8.794853,11.34397438125491,13.415817565894482
5,6.156397,10.137024024226903,10.999255290912297
5,18.228323,10.792654444223036,11.931455732721227
5,12.759826,9.807176209113369,13.78274691691866
5,8.931878,9.870585700722007,10.043372275769766
5,9.953619,10.417873043765818,10.177237401454798
5,13.879374,15.389431851363717,13.873356457358499
5,12.757341,13.142724833662212,14.644302686150743
5,15.771127,13.372706764223052,13.693251607928408
5,20.427225,13.257450560656087,13.803259283231055
5,14.299056,15.851056027566221,15.188881860755957
5,22.52072,16.848070608002846,17.112301118140575
5,15.764503,16.000057103015997,15.264642078972424
5,17.860182,16.262358612475584,16.449560528301685
5,12.502127,16.232382727265094,13.780384234722007
5,12.256877,14.307253336321825,12.231616190248106
5,12.505778,14.71203070204001,12.287317487614459
5,8.754045,15.806440843737223,14.791994321620859
5,13.359112,14.077400608258198,13.068611839571759
